articles,pred,confint
mayor wants city to improve parks letter to commission says grave and serious neglect has obtained in past mccarthy suggests expenditure of money and names the proposed bettermentstn a lengthy communication presented to the park commissioners at a special meeting yesterday mayor mccarthy drew attention to the various parks of this city tie said that public parks and squares that were neglected were detrimental to their respective districts while those well kept had a tremendous value as improvements for the whole city he said in no instance with which t have treated as mayor of san francisco is there more need for a just and equitable distribution of public funds than in the matter of the money expended in connection with the improvement of our public parks and squares we find ourselves in the possession of $357 000 plus 7 per cent on the increase of the valuation of the real and personal property over the basic figure of $492 000 000 used by the supervisors in arranging the budget which will bring approximately $15 000 making the grand total $372 000 to he devoted to parks and public squares under the management and control of the park commission grave neglect charged in looking over and carefully scrutinizing the public parks and squares outside of golden gate park i find that grave and serious neglect has obtained in the past and without desiring in the least to discuss situations over which i exercised no control or men with whom i had no association i desire to call to the attention of your honorable body that in the future a fair and proper distribution of the public funds allowed for the improvement of the public parks and squares of our city must maintain the following facts give a very accurate idea of what has heretofore been done in the premises taking market street from the hay to the ocean as the line of division wc find that out of a total of 36 parks and squares exclusive of golden gate park 20 of those parks or squares are north of market street 13 of which are improved 2 with some improvements and 5 without any improvements while on the south side of market street there are only a total of 16 public parks and squares and but 5 of these are improved 2 with some trifling improvements and 9 without any improvements at all the parks and squares which are improved north of market street present in every respect a beautiful finished appearance embracing as they do everything that goes to make a park really beautiful healthful and useful from a park standpoint on the south side embracing the great mission district the five parks so far improved do not present that appearance south park garfield square bernal park and the mission park are by no means as presentable from the standpoint of care and attention given them though they appear upon the public records as being improved as do washington square alamo square portsmouth square lafayette square duboce nark alta plaza jefferson square or marshall square all of which are on the north side of market street improvements suggested i would therefore respectfully recommend to your honorable board now that the parks and squares above mentioned with possibly one or tw o exceptions are taken care of except in the matter of maintenance that the parks located south of market street and embracing the great and thickly settled mission district be given your attention generally the mayor then called attention to what he considered necessary for various parks and the amount that would be required to carry out his suggestions for mission park $28 000 for balboa park $25 000 for holly park $11 000 for franklin square $25 000 for bernal park $2 000 for mckinley park $20 000 he also asked the commisioners to give due attention to the following sunnyside park at thirty third and stanyan streets fairmount park at bernis and fairmount streets lot between rhode island and de haro streets block between minnesota and tennessee streets block between channel and irwin streets block between delaware and massachusetts streets city and county hospital grounds at potrero avenue and twen ty sixth street lincoln park squares between twenty second and twentyfourth avenues square between twenty sixth and twenty eighth avenues mountain lake park at lake street and thirteenth avenue golden gate park needs regarding golden gate park the mayor said a suitable and up to date convenience station should be located within easy distance of the children s playground also one should be placed near the stadium a suitable building should be located within easy distance of the children s playgrounds with accommodations for the care and proper treatment of children by those who accompany them to the playgrounds in the park only one solitary room having for its purpose such accommodation is now to be found in the vicinity of the children s playgrounds this is by no means sufficient rather is it absolutely inadequate it can not and does not afford that degree of comfort and proper care to which the thousands of children who visit the children s playgrounds in the park are entitled drinking fountains should be placed at intervals throughout the park wherein an abundance of the same kind of water that is used by our citizenship generally throughout the city may be had by the thousands who visit the park as well as the workmen employed therein this at first sight may appear difficult yet it is quite easy to accomplish it can be either taken from a small center line of pipe with branches extended from that line or from locations now harboring such water and conveniently situated to the points of location for said fountains pleas for motorcyclists in another letter the mayor asked the commission to take up the request of the san francisco motorcycle club for the privilege of the stadium race track for the american motor cycle club contest once a month in a third communication he said that in his opinion the per diem system for employees of parks and squares should be changed and that these men should not as they now are be compelled to cash their checks or warrants on their own time this system places them under an unnecessary and uncalled for obligation and presents the opportunity to those who cash the said checks or warrants for them of receiving in some manner or other compensation for so doing all these matters were read and passed for future consideration report on museum the hoard ordered that 10 additional pages should be added to the park report so as to include the condition of the museum eight years ago the museum it was stated had 42 000 exhibits and it now has 140 000 the number of visitors to the museum since its opening was 6 650 000 of whom 572 000 had passed through the gates since last january ,0,0.8213714717500633
wire tapping case rehearing urgedwashington the supreme court is asked to reconsider its decision in the wire tapping case in which it upheld a conviction for violating the federal prohibition law the court by to 4 decision held that evidence obtained by government agents by listening to conversations over the telephone could be used in criminal prosecutions 557 000 motoring parties last year according to federal government statistics i love the man that can smile in trouble that can gather strength from distress and grow brave by reflection tom paine ,0,0.8187242451663991
university of california extension division announces its february programthe extension division of tin university of california recently announced its program for february the new schedule shows that thirty new courses will be started in san francisco during the month the work of the extension division through class instruction is constantly growing at the present time there are over nine thousand students enrolled in classes this year the extension division is offering new specialized subjects which are attracting many new students practically all of the courses starting in february will be given in the evening in the class rooms in the pacific building some of the courses which have proved the most popular in the past and which will start in february are salesmanship foreign trade commercial spanish and public speaking in the foreign trade class the demand for california products in foreign fields and the future of foreign trade on the pacific coast will be discussed aside from commercial spanish several language courses will be given in french and italian in the latter courses a number of singers and vocal students have enrolled stating that a knowledge of italian is invaluable in voice training persons interested in nature and out of door life are registering for six trips afield and the birds of california the former course consists of a series of saturday afternoon field trips to interesting localities in the bay region in the second course the students will be given laboratory study illustrated with specimens of the birds of california excellent laboratory and shop ecjuipment have been secured for courses in electricity chemistry and machine shop in these courses most of the instruction consists of actual experiments made by the students psychology of adolescence will be given by breitwieser of the university of california an authority on the subject this course is attracting parents teachers and social workers and others interested in the adolescent child a number of other courses are of particular interest to women they include dramatic reading play production and millinery jean campbell macmillan who directs various extension classes along dramatic lines will direct the play production course instruction in parliamentary law has proved so popular and met such a real need that the course is given a number of communities throughout the state other courses which will begin during the month are novel writing diatonic harmony history of the west mathematics and corrective gymnastics the extension division offices at 140 kearny street and 264 pacific building are now taking enrollments for the february classes ,0,0.7371295515720675
superseniority for stoogessome of l and unions have been persuaded to include in their agreements a clause developed by leonard t smith of arvey corp which irrespective of senioritv permits the employer to retain or rehire an employee when 1 he is classified by the management as indispensable or 2 he is undergoing special training or study under the management s direction beware of this clause in a union contract ,0,0.8316069951161709
seamen show loyaltywashington ln recognition of the passage of the seamen lt t which assures freedom of contract and improving working conditions to these workers and to prove their americanism this stirring appeal i included in a pamphlet written by president furuseth of the internathmal seamen s union men of the seal the nation that proclaimed your freedom now needs your service america is at war i ar lt being transportedover the sea munitions and supplies are being shipped in ever increasing ijuantities to our armies in europe the sea intervenes over it the men of the sea must sail the supply ships a great emergency fleet is now being built thousands of skilled seamen seafaring men of all capacities will left the sea in years gone by as a protest against serf dom from which no lag then offered relief have now an opportunity to return to ibejr former lt ailing sail as fro men ind n rn our country 4é ,0,0.7731021603876903
inland boatmen snitch to of lseattle the inland boatmen s union of the pacific has voted to disaffiliate from the cio and rejoin the of l union spokesmen announced here both propositions carried by to 1 majority in a referendum vote among the union 000 members,0,0.7736848314061184
by daniel webster i have not allowed myself to look beyond the union to see what might lie hidden in the dark recess behind i have not coolly weighed the chances of preserving liberty when the bonds that unite us together shall be broken asunder i have not accustomed myself to hang over the precipice of disunion to see whether with my short sight i can fathom the depth of the abyss below nor could i regard him as a safe counselor in the affairs of this government whose thoughts should be mainly bent on considering not how the union may be best preserved but how tolerable might be the condition of the people when it shall be broken up and destroyed while the union lasts we have high exciting gratifying prospects spread out before us for us and our children beyond that i seek not to penetrate the veil god grant that in my day at least that curtain may not rise god grant that on my vision never may be opened what lies behind when my eyes shall be turned to behold for the last time the sun in heaven may i not see him shining on the broken and dishonored fragments of a once glorious union on states dissevered discordant belligerent on a land rent with civil feuds or drenched it may be in fraternal blood let their last feeble and lingering glance rather behold the gorgeous ensign of the republic now known and honored throughout the earth still full high advanced its arms and trophies streaming in their original lustre not a stripe erased or polluted nor a single star obscured bearing for its motto no such miserable interrogatory as what is all this worth nor those other words o delusion and folly liberty first and nion afterward but everywhere spread all over in characters of living light blazing on all its ample folds as they float over the sea and over the land and in every wind under the whole heavens that other sentiment dear to every true american heart liberty and ltnion now and forever one and inseparable,0,0.7735037975702748
grocery price marking bill clears senatecalifornia afl cio legislation designed to protect the consumers right to know the price of commodities on the supermarket shelf have won senate approval on a 21 to 4 vote and was sent to the assembly sb 261 the bill sb 261 introduced by senator davie roberti d los angeles would require any grocery store or grocery department selling consumer commodities at retail to have a clearly readable price indicated on each item offered for sale need for the legislation was prompted by the recent implementation of the socalled universal product code upc a computerized pricing system already installed in some supermarkets throughout the state no law there is at present no state law requiring prices to be marked on individual items in grocery stores although this has long been the practice and serves as a major aid to consumers in comparing prices while shopping earlier this year t ie california labor federation called on afl cio unions throughout the state to write their state senators to urge them to vote yes on sb 261 vote yes the focus on this vital consumer measure now turns to the assembly and trade unionists and local inions and central bodies are urged to contact their assemblymen to urge a yes vote on sb 261 as it moves through the assembly ,0,0.6854829740213412
bricklayers sue cityevery bricklayer ought to try to work himself up in the world william randall and hugh mcgill who lay bricks for the city have learned that the trouble with randall and mcgill is that they always lay their bricks on the same level so the city says they re pavers not bricklayers it s only a choice of words to most people but to them it s all the difference between $12 80 a day paver s wages and $lb a day for bricklayers randall and mcgill have taken their troubles to superior court where they filed a petition for a writ of mandate they want the city compelled to pay them bricklayers wages and $1 938 retroactively ,0,0.7241504947324446
big church building program is delayedcontracts for $100 000 000 of new church buildings will be let within sixty days if banks loosen up and make mortgage loans of $35 000 000 to assist in financing the work the christian herald which is authority for that statemen estimates that more than 3000 church buildings are pending and that the aggregate amount of such construction may reach $200 000 000 before next spring banks and lending institutions in many centers however are refusing to advance money on church mortgages the herald says the matter has been taken up with the department of commerce which has been urging churches to take advantage of present low building prices and at the same time assist in relieving the unemployment situation400 strikes against wage cuts reportedthe labor department s division of conciliation is seeking to adjust 86 labor disputes in 18 states involving 67 387 workers of whom 56 425 are affected directly within a few months over 400 strikes and controversies have been reported to the department and practically all of them against wage reductions during the entire year 1930 the department listed 653 disputes involving 158 114 workers while during the first six months of 1931 there have been 447 disputes affecting 132 273 workers ,0,0.8446318794299875
by fat canavan business agentthe results of our recent election july 14th of delegates to the california state conference being held at long beach cal august 13 14 and 15 are as follows patrick j canavan walter kurz jack kessler william a litzius daniel r sweeney william mulkeen george schroeder edward andresen louis genovese jack write andrew fawver clifford conklin peter moylan and howard mckenzie jj gt apprentice jerry hauser working for george reed co on the hartford insurance building was hurt badly but for the grace of god is alive today i am glad to say he is improving each day we regret to report the recent deaths of two brothers albert land on july 13 and domenico rosato on july 2 ,0,0.7716243081963131
urges pinchot take air on reliefbryn mawr pa the women s trade union league conference held here recently made a demand upon governor pinchot that he undertake a series of state wide radio addresses attacking the gang politicians of the state for the treachery displayed in dealing with the relief crisis in his state the governor was asked by the conference to go to the people with the facts regarding the slashes in the appropriations to the various state departments in view of the fact that the newspapers have so beclouded the issues involved the conference felt that it was vital that a large number of people should be reached with the other side of the story speakers at the conference were john a phillips president of the pennsylvania federation of labor gertrude schermerhorn of the pennsylvania league for women voters john w edelman director of research for the american federation of full fashioned hosiery workers ewan clague research director for the community council and colston e warne of amherst university freda maurer president of the women s trade union league opened the meeting phillips told the conference that only well directed and consistent public agitation could now force any action for relief in the present session of the legislature economies so called would actually cost the state money and not save revenue miss schermerhorn showed other speakers stressed the fact that it was highly doubtful whether pennsylvania would be able to induce the federal authorities to fork out reconstruction finance corporation money for relief in this state in view of the refusal of the legislature to look out for its own citizens ,0,0.6837014876737593
building tradesthe building and construction trades council of san francisco met in regular session pursuant to adjournment in the brotherhood hall building trades temple thursday evening february 9 1939 the meeting was called to order by president a watchman at 8 o clock the roll of officers was called the minutes of the previous meeting of february 2 1939 were approved as printed business representatives reports business representatives james e rickets and john fi smith rendered their weekly reports which were received and approved credentials and communications credentials from gardners and nursery workers union local no 1138 for charles varley referred to the organizing comj mittee from clerk s office board of supervisors notice of a meeting of the committee on public utilities to be held on friday february 10 at 4 re application of market street railway company for permission to substitute bus service for car service on the no 19 line during off peak hours received and filed contents noted from union label and industrial exhibition section notifying the committee that the next meeting will be held on saturday february 11 1939 at 1 00 union label committee to attend from building trades employers association enclosing a copy of the resolution as adopted by the association in regard to strike of reinforcing steel workers motion to receive and file carried from union label section of san francisco enclosing a copy of a letter sent to kindel amp graham protesting the sale of non union merchandise under the guise that it is american and union made received and filed and contents notedfrom the daily peoples world acknowledging payment for reservation of space in their paper received and filed and contents noted from the community chest of san francisco enclosing year round speakers bureau handbook together with a booklet titled what every san franciscan should know and stating that they are in a position to arrange talks and lectures on all phases of social progress in san francisco received and filed and contents noted from the american art tile company in regards to the tile setters union local no 19 working conditions on treasure island and enclosing a communication from the tile setters in which they stated that henceforth their working week would be from monday to thursday inclusive received and referred to the executive board from san francisco municipal parks employees union local no 311 requesting assistance of the officers of the council in making proper representation to the mayor and the park commissioner that justice and the same kind of treatment be given their qualifying classifications as given other city departments received and request complied with from the housing authority of the city and county of san francisco thanking the council for its co operation in regard to the mass meeting to be held in larkin hall february 10 1939 received and filedfrom the bond stores incorporated of new york city assuring the council that all of their construction work will be done by union men under union conditions received and filed and copy to be sent millmen s local no 42 from the state department of employment in regard to a more liberal payment of unemployment insurance received and ordered printed in the minutes sacramento calif jan 30 governor culbert l olson today cleared the way for speedier and more liberalized payment of unemployment insurance through signature on assembly bill 963 adopted as an urgency measure by the state legislature last week the bill which went into effect this morning reduces the waiting period for unemployment insurance benefits from four to two weeks and predicates payment on the basis of one instead of two years of earnings the state department of employment which administers the unemployment insurance program in this state immediately instructed managers of its eighty offices to accept claims today on the basis of the new law under the new set up claimants will receive their first insurance checks during the fifth week after original filing of their claims whereas had the old law remained in effect the elapsed time would have totaled seven weeks  officials of the department explained that while the waiting period has been cut two weeks this does not mean checks will be issued immediately on completion of the waiting period first it was said the claimant must certify as to unemployment during the third week which is known as the first compensable week allowing a week for mailing certifications to the central office and several more days for check writing and mailing the claimant is expected to receive compensation during the fifth week under the new system all computation will be done mechanically instead of manually liberalized features of the act provide for increased benefit payments in virtually every earning bracket according to officials of the department under the old system a claimant who earned $1 500 in four quarters was entitled to $193 in benefits while under the new the same claimant will receive $3oo in single quarter earnings under the old system a claimant who sls6 during one quarter the minimum entitling him to compensation would receive $23 the minimum remains at $156 under the new system but the claimant who earns this amount any time during the year is entitled to $5o in benefits weekly benefit rates remain at $7 00 minimum and $l5 maximum but the increase to $l5 on the basis of earnings is faster under the urgency law the new law also fixes a two week waiting period for partial as well as total unemployment benefits under the old law there was no legal waiting period for partial benefits but details of handling these claims frequently led to longer elapsed time in disbursing partial unemployment checks than those for total payments adoption of the bill will mean a saving of several thousand dollars in administrative costs of the department due to the fact it will be necessary to retain only one instead of two years earnings records and in searching the files for earnings clerical help will be confronted with the problem of finding those in four instead of eight quarters adoption of the bill will also clear the way for the re filing of claims on the part of 48 930 persons whose benefit years were completed saturday this group filed original claims during the first week in january 1938 and as a result have completed their benefit year which is defined in the law as fifty six weeks after the original filing the new bill in its waiting period provisions provides a fourweek penalty for leaving work voluntarily or being discharged for cause under the old law the penalty period was eight weeks committee reports the organizing committee reported favorably on delegate charles varley and after being introduced by the chair was seated note the organizing committee requests that all credentials for delegates hereafter have the seal of their respective organizations the union label section committee reported a very successful i meeting and requested the members to participate in these meetings i the community chest committee reported a successful andinteresting meeting with the officers of the community chest and urged all members of this committee to attend the next meeting to be held wednesday march 1 13939 at 7 30 the secretary was instructed to notify all members of the law and legislative committee that a meeting will be held monday februai y 13 at 7 00 joseph murphy was appointed to the law and legislative committee vice kelley 0 new business the photographers and allied crafts union local no 21168 requested that the eugene dietzgen company be removed from the we don t patronize list request complied with the board of supervisors will hold a meeting tuesday february 14 at 2 00 p in salary standardization will be the special order of business all interested organizations are earnestly requested to attend adjournment there being no further business before the meeting a motion carried to adjourn and to meet again thutsday evening february 16 1939 respectfully and fraternally submitted jason i brown secretary note coast drapery service sherwin williams paint company dupont paint company general railway signal company carr asbestos contractor a teichert amp sons perkins gravel company weber showcase and fixture company dr dan g morton standard fence company forderer s cornice works 268 potrero avenue albert perutz drapery service 447 minna street o keefe amp merritt los angeles manufacturers of gas and electric heaters and ranges the gas consumers association wayne weeks standing engineering company shumate pharmacies and the shumate commercial company john rodgers and william thackery are on the we don t patronize list of the council members of affiliated unions are kindly requested to take note and act accordingly  of l hits pacific coast anti labor laws executive council maps vigorous action against oregon state law and california municipal ordinances restricting trade unions in the exercise of their rightsmiami florida the executive council of the american federation of labor in session here planned a militant campaign against the movement of anti labor forces on the pacific coast to destroy trade unions by statutory regulations of their customary activities in the living standards of working men and women through trade union action william green president of the american federation of labor announced the executive council he said canvassed the pacific coast situation heard a report by joseph a padway general counsel of the federation and directed him to attack the restrictive labor laws adopted recently in some california counties notably shasta county the of l in co operation with the oregon federation of labor filed briefs several months ago in the multnomah circuit court alleging that the oregon initiative measure adopted at the last election was unconstitutional this law according to the federation severely limited the right to organize to picket and to carry on most of the multitude of operations which unions are required to do in the normal course of their activities blames associated farmers air green said that an organization known as the associated farmers was behind the various anti labor laws which were submitted to the voters in california oregon and washington the proposals were voted down in california and washington and approved in oregon however in addition to passage of the oregon state wide statute some localities in california adopted local ordinances similar to the ones presented to the voters in the states in conformity with our instructions air padway filed a brief against the oregon law in that state said air green we also filed a brief and made a statement before the social security board alleged that the anti labor affected the unemployment compensation act of that state our contention was that under the unemployment compensation law a man could not be expected to accept a job if it were on strike the oregon initiative measure so crippled the right to strike that we felt that men who were entitled to unemployment compensation would have to take jobs in places where a strike was on you see the new law so defined the right to strike that it affected in our opinion the unemployment compensation act ,0,0.6678913596935061
lundström opens another storelast saturday the lundström hat works opened another retail hat store in fact they moved from the main store on market street down to the next block 1082 market street adjoining the granada theatre the new store should do a wonderfully thriving business as it is located in the midst of the new market street theatre district has a novel window and store front and catches the crowds as they go by lundström deserves success he is a self made man has always been fair and square and a staunch friend of labov square dealing has given him the biggest retail hat business in the west thirty eight years ago mr lundström who is still the head of the business started a small hat renovating shop in a basement on kearny street today he employs union labor in a large hat factory at 1114 mission street next door to the office of he owns six retail hat stores in san francisco one in los angeles and has sub agencies in other california towns ,0,0.8277194086546242
the temple saloon 14th and guerrero sts sunnybrook whiskies union made cigars wm g schroeder propcwttßusrtn overalls amp pants union made towns white successor to porter a white undertakers and embalmers 1214 eddy street phones west 770 home s 3414 h bon bon bon bros phone market 269 14th and guerrero sts mcdonough bros opposite new hall of justice straight goods 920 market street and 45 eddy street phone temporary 1483 the gray bros crushed rock co crushed rock for concrete or macadam purposes corner bay and powell streets phone douglas 2448 souvenir folders cards society commercial and political printing silk satin and leather banners for campaign advertising celluloid enameled and gold plated lapel buttons union labeled xoll tickets and bar checks walter n brunt co 860 mission street near fifth phonei kearny 1966 home j 1966 ofthe itmj overalls demand the brand neusiadter bros ban f pan sco mlw yorlt california s safeguard against oppressive telephone monopoly the homephone is so simple to operate and gives you the number you want instantly trt the dial does it bay cities home telephone co san francisco oakland berkeley tools for all mechanics united builders supply co 667 mission st below third established 1853 largest and most up to date works in the world lately erected at 27 tenth street men s clothes cleaning is a specialty good and quick work phone home j 2300 phone market 230 f thomas parisian dyeing and cleaning works patronize home industryhansen amp elrick 353 montgomery st union 766 market st label 1185 fillmore st furnishings marks phone franklin 1681 home phone j 1681 santa clara boarding and livery stables cor coldmncat9 avm a lmavmnworthst carriage coupe and buggie to lei a all hour horae boarded at reasonable rates term made for horses furnished by the month for business purposes building paper sheathing deadening felt and ready roofiing zellerbach paper co battery st at jackson san francisco pacfic phone douglas 1200 home c 1211the brunswick bal ke collender co billiard and pool tables bar fixtures bowling alleys and supplies telephone sutter 333 765 767 mission street san francisco cal largest cabinet factory on the pacific coast6,0,0.7878793959708628
does your money get awayyou have often noticed that money in your pocket has a habit of getting away from you little by little until it s all gone it slips from between your fingers just like flaxseed and soon you have nothing to show for your hard work the sight of money is a stimulus to spend when your funds are in a bank you hesitate about spending them that s only one of many ways in which a bank account helps to strengthen your character the way to get ahead and keep ahead is to bank your surplus money the saved dollar is your best friend in a tight place the spent dollar has said goodby forever the wasting of money is the wasting of health strength and thought for money is the token of effort 54 pardons given by rolph in first year keeps word california s most humane governor sets record in criminal casesfifty four pardons commutations and reprieves more than one a week for his first year in office that s the new record set by governor james rolph jr according to a united press checkup the governor has made good his promise that he would be the most humane governor california has ever had according to his official family during the last two weeks of 1931 he performed 12 acts of executive clemency he revided an old custom of christmas pardons distributing eight of them to as many prisoners hang nine persons all told governor rolph granted 18 pardons 11 commutations and 25 reprieves during his first year in office his predecessor young during four years in office granted 20 pardons 6 commutations and 7 reprieves while friend w richardson passed out only 14 pardons and five commutations nine murderers were hanged during the present governor s first year although he had been in office seven months before the first execution took place most of the pardons granted were to persons who had completed their prison sentences been released on parole and had made good under the present california law a person convicted of a felony is denied the right to vote after he gets out of prison only a pardon by the governor can restore him to citizenship the commutations include four men saved from death on the gallows those sentences were commuted to life imprisonment the 25 reprieves stayed the execution of convicted murderers men lie who lack courage to tell the truth joaquin miller ,0,0.7566330779645442
union directorybuixj gt nrci trades council saji 1 fraecisco i headquarters 927 mission street meets every thursday evening at 927 mission street executive board meets every tuesday evening business agents meet every afternon at 4 30 phone south 808 san francisco labor cot7nch meets at pioneer hall every friday evening headquarters 927 market room 201 district council of carpentebs and joiners meets at 927 mission street every wednesday evening district council of fainters meets at 927 mission street every wednesday evening allied printing trades council meets at 533 kearny street 2nd and 4th fridays of the month iron trades council meets at 1133 mission street every sunday at 10 retail trades council meets at 102 o farrell street every other tuesday amalgamated carpenters every other friday 927 mission amalgamated sheet metal workers no 104 cornice makers ist and 3d fridays 121 eddy amalgamated sheet metal workers no 27c ist and 3d tuesdays 927 mission bridge and structural ironworkers no 31 every wednesday alcazar bullding briekmakers no 123 2 d and 4th mondays twin peaks hall 3899 seventeenth brick tile and terra cotta workers baden south san francisco bakers and cpnfectioners no 24 1st and 3d saturdays 117 turk headquarters 117 turk bakery wagon drivers no 106 2d and 4th sundays 10 30 117 turk barbers no 148 every monday 32 o farrell street bartenders no 41 every monday hall 121 eddy st branch no 1 brewery workmen beer bottlers no 293 1st and 3d tuesdays 1159 mission beer drivers local no 227 branch 1 keg beer drivers 2d and 4th mondays 1159 mission branch no 2 keg beer drivers 2d and 4th saturdays 1159 mission branch no 6 bottle beer drivers 2d and 4th thursdays 1159 mission headquarters of local no 227 935 market room 12 bicycle and automobile mechanics no 177 2 d and 4th thursdays 927 market blacksmiths ship ana machine no 168 ist and 3d wednesdays 120 o farrell blacksmiths carriage no 99 2d and 4th thursdays 1133 mission blacksmith helpers lst and 3d tuesdays 1133 mission boat builders 2d and 3d mondays 915 1 2 market bootblacks every monday 518 broadway boilermakers and iron shipbuilders no 205 1st and 3d fridays potrero opera house tennessee street boilermakers and iron shipbuilders no 25 2 d and 4th thursdays 120 o farrell boilermakers helpers occidental lodge no 25 2 d and 4th tuesdays 120 o fa rrell bookbinders local no 31 ist and 3d fridays el dorado hall alcazar building boot and shoe workers no 216 fridays 120 o farrell boot and shoe repairers every thursday 102 o farrell boot and shoe cutters every tuesday turk street temple boxmakers and sawyers every monday 544 fourth brass and chandelier workers no 158 meet 2d and 4th fridays 1133 mission brewery workers no 7 branch 1 2 d and 4th saturdays branch 5 ist and 3d thursdays 1159 mission united brewery workmen headquarters 1159 mission broom makers no 58 ist and 3d tuesdays 1159 mission building material team drivers union meet every friday night at teutonia hall burlap and cotton bag workers no 10 648 every thursday 320 post butchers union no 115 tuesdays and thursdays butchers hall eighth and folsom carpenters no 22 every friday 927 mission carpenters no 422 millmen meets every tuesday at bintracht hall 237 twelfth st carpenters no 95 every tuesday garibaldi hall 423 broadway st carpenters no 304 every monday evening harmony hall 1749 mission carpenters no 423 millmen every tuesday 927 mission carpenters no 616 stalrbuilders every friday 915 1 2 market carpenters no 483 every monday 915 1 2 market carpenters union no 766 millwrights meets every other friday at 927 mission street carpenters no 1082 every friday 909 market casters and modelers union no 1 every 2d and 4th friday 927 mission street carpet mechanics every friday 7 city hall square carriage painters ist and 3d thursdays 1133 mission carriage and wagon workers no 69 ist and 3d tuesdays 117 turk cement workers every wednesday 927 mission cement laundry tray workers every ist and 3d wednesdays twin peaks hall no 3899 seventeenth cemetery employes lst and 3d mondays wolf s hall ocean view cigarmakers no 228 1st and 3d tuesdays 1265 mission cloakmakers no b every8 every tuesday 121 eddy cloth hat and cap makers no 9 2 d and 4th wednesdays 117 turk cooks alliance no 44 every thursday 39 1 2 fourth cooks helpers every wednesday 14 third coopers no 65 2d and 4th thursdays hall 121 eddy coopers machine no 131 2 d and 4th mondays knights of red branch hall 1133 mission coppersmiths 2d and 4th saturdays 117 turk coremakers no 68 1st and 3d thursdays 1133 mission drug clerks no 472 ist and 3d fridays at headquarters 31 second electrical workers no 6 wednesdays alcazar building electrical workers no 298 every monday 20 eddy electrical workers no 283 trimmers station and service men every tuesday alcazar building fourth floor electrical workers no 151 lineman every wednesday 102 o farrell headquarters 921 market rooms 8 and 9 elevator constructors ist and 3d tuesdays 927 mission felt and composition roofers alternate mondays 927 mission elevator operators meet ist and 3d fridays at alcazar building engineers no 618 amalgamated society of lst and 3d saturdays 102 o farrell furniture handlers union no 1 meets second and fourth mondays of each month friendship hall 927 mission st furniture and piano drivers and helpers no 544 every wednesday 915 1 2 market gas and electrical fixture hangers 2d and 4th mondays 927 mission glaziers and ornamental glass workers every wednesday 927 mission granite cutters 2d and 4th fridays 927 mission garment workers no 131 every thursday 120 o farrell headquarters room 419 emma spreckels bldg 927 market 1 to 3 gas workers no 9840 every tuesday alcazar building glass bottle blowers lst and 3d saturdays alcazar buildlng glove workers no 17 2 d and 4th fridays alcazar buuding grocery clerks retail lo®l no €4b  2d and 4th thursdays alcazar building headquarters 935 market hackmens union no 224 every thursday hall headquarters 905 howard hatters lst friday in february may august and november hoisting engineers lst and 3d thursdays 32 o farrell house movers every wednesday evening harmony hall mission and erie ilousesmiths and architectural ironworkers no 78 meets every wednesday at 120 o farrell horseshoers no 25 1st 3d and 4th tuesdays 909 market ice wagon drivers and helpers every monday 102 o farrell ironmolders no 164 every tuesday 1133 mission and 3d sundays 2 32 o farrell laborers protective association 2d wednesdays 1169 mission laborers protective association hodcarriers 2d and 4th wednesdays teutonia hall 1320 howard ladies garment workers no 31 1st and 3d fridays 320 post lathers every wednesday 116 turk laundry drivers no 256 every tuesday loyola hall tenth and market leatherworkers on horse goods no 67 every friday hall lithographers no 17 2 d and 4th wednesdays 120 o farrell machine hands no 27 2 d and 4th tuesdays 1169 mission machinists no 68 wednesdays sixth and shipley marine firemen tuesdays 46 steuart marbie cuuenä 2d and 4th tuesdays 117 turk mantel grate and tile setters 2d and 4th fridays 927 mission mosaic workers every friday 916 1 2 market metal polishers no 128 1st and 3d mondays 1133 mission milkers lst and 3d tuesdays 2p m grulli hall near five mile house mission road headquarters 431 pine milk drivers no 226 every wednes ay turk secretary s headquarters 927 market room 201 u musicians mutual protective union no b 2d thursday at 1 30 421 post board of directors meets every ~ iuesday at 1 421 post m rtis rs n lt i ve r^ pape r no 4th monday 102 o farrell paper box workers lst and 3d tuesdays 102 o farrell pftate makers no 10 667 15 t and 3d saturdays 423 broadway pa nt burners mondays twentyfourth and potrero avenue lainters no 19 every monday 927 mission paper hangers and fresco painters no 2 kvery friday 915 1 2 market pl asterers every monday machinists hall 1159 mission plumbers gas and steam fitters asso lä ldin ld 3 lt l wednesdays mfsksu 1 tuesday 3d sun pattern makers every wednesday 927 market room 220 pa n nth n ° 8895 lst monday 120 picture frame workers no 147 thursdays 117 turk printing pressmen no 24 1st and 3d mondays 32 o farrell r^to m nint ° 9120 ~ 2d thursday reed and rattan workers no 242 every thursday 117 turk retail clerks no 432 every tuesday marshall hall pioneer building 24 fourth retail l gt elivery drivers local no 278 d and 4th thursdays at 32 o farrell bt headquarters 396 fifth st rope and cordage workers 2d and 4th rnl hl i rs cl ys 24th and potrero avenue retail shoe clerks no 410 wednesdays 120 o farrell salesladies and milliners local no 616 bu l ilsin nd 32 3 po^t ndays red men ioä °4 paciflc mondays sanitary wagon drivers 2d sunday 2 way and 4th saturda y 423 broadshinglers union no i meets 117 turk street every friday ship and steamboat joiners no 21 3d and 4th thursdays 20 eddy headquarters 14 folsom ship drillers no 9037 15 t and 3d wednesdays hall 1133 mssion si ° 61 ° bvery slate and tile roofers lnternational local no b meets ist and 3d wednesdays at 553 minna street cutters 2d and 4th fridays 121 eddy san i rancisco bricklayers associates every wednesday 121 eddy shipwrights and caulkers lst and m wednesdays 1322 howard soa p soda and candle workers lst and 3d wednesdays 3641 eighteenth soda and mineral water botlers lst fridays colton hall pioneer building 24 fourth steam engineers no 64 every wednesday alcazar building sheet metal workers local no 94 canmakers every wednesday stanford hall alcazar building headquarters 509 seventh stablemen no 8760 every mondax bmdy of4rrell headquarters in stationary firemen every monday 14 third steam fitters and helpers no 41 1st square l wednesdays 7 city hah steam laundry workers lst and 3d mondays harmony hall 1749 mission steam pipe boiler coverers union meets first and third mondays at 937 mission street stereotypers and eleetrotypers no 29 3d monday 32 o farrell street railway employees amalgamated association of division no 206 every tuesday 117 turk headquarters rooms 603 and 604 emma spreckels building 927 market tallot s local no 2 of a every monday evening san francisco hall alcazar building teaneters brotherhood of no 86 ceo u das l 117 turk headquarters biz fourth t^j ner ® j ° 9 every wednesday twenty fourth and potrero avenue tjrnners no 1 7 alternate mondays masonic hall benicia theatrical stage employees no 16 1st and 3d tuesdays 2 414 mason trunk and bag workers 2d and 4th tuesdays turner hall 6343 eighteenth bet valencia and guerrero typographical union no 21 last sun jay or each month shiel s buildnlg 32 o farrell headquarters 633 kearny rooms 18 20 undertakers assistants no 9049 15 t and 3d tuesdays hall 121 eddy upholsterers no 28 every tuesday 7 city hail square varnlshers and polishers no 134 mondays 900 market waiters alliance no 30 every wednesday 117 turk ileadquartersl 127 mason web pressmen lst monday hall alcazar building w indow shade workers and hangers meet ist and 3d mondays at 927 mission street wine and liquor workers no 10 618 every tuesday alcazar building wire workers unton lst and 3d wednesdays 1169 mission wood wire and metal lathers every wednesday 116 turk staves union every friday at 927 mission ,0,0.8312569844900242
and this in californiaon january 12 four of the strikers on the durst hop ranch at wheatland will be brought to trial these men are charged with the murder of district attorney manwell and deputy sheriff reardon who formed part of an armed force which by violence broke up a protest meeting of the hoppickers a meeting which the sheriff himself testified was perfectly peaceable in the sheriff s raid on the durst ranch two of the strikers were killed yet it will be noted that no murder charges have been brought against ralph durst who incited the attack and is known to have collected arms from among his neighbors on the very day of the so called riot nor have any complaints been filed against sheriff voss or deputy sheriff dbken whose stupidity and cowardice sent into the mixed crowd of men women and children the shots which resulted directly or indirectly in four deaths on the other hand another murder charge that against earl r cokely has been added to the previous five against the hoppickers and on pretexts even more shamefully frivolous than in the other cases in suggesting the consolidation of their cases which brings the four men suhr ford beck and bagen up for trial the second week in january these imprisoned wheatland strikers show their readiness to strip the whole question down to one of straight and prompt justice they have thus focused the attention of all just men whether of the working class or of other classes on their innocence on the illegalities and trickery of the prosecution and or the heartless living and wage conditions back of the wheatland trouble to those who investigate the history of these hoppickers cases the persecutions inflicted upon workingmen by the district attorney s office of yuba county either directly or through its detectives arealmost unbelievable here is but a partial record of the man hunt to use the expression of frank walsh chairman of the new national industrial commission suhr tortured into insanity by being kept awake ten days by burns men tried to cut his own throat in alameda county jail made to sign a fake confession which after one hour s sleep he repudiated alfred nelson head cut open in beating received from bums detective cradlebaugh alias henry who has since been found guilty of assault under color of authority and given one year in jail and fined si ooo nelson was a swedish citizen nels nelson one arm shot off at wheatland later hanged himself so officially reported in yuba county jail allan m johnson ear cut open in beating received at martinez at hands of bums detectives has gone mad and been sent to stockton insane asylum where he can not file complaints against bums detectives edward gleaser 16 year old nephew of burton business agent of molders union no 164 held incomunicado denied attorney released under threat of habeas corpus then kidnaped earl r cokely threatened by stanwood with murder charge if he did not agree to burns men s lies about his fellow workmen and threat carried out as stanwood had warned him when cokely employed austin lewis and royce who are counsel for four of the other men charged with murder this is but a partial record of the prosecution s brutalities their breakings of the law which they are supposed to represent are just as startling in all these cases there is none which shows a more puerile mockery of justice than the case of earl r cokely the man against whom the latest charge of murder has been put although taken into custody on september 5 it was not until november 24 that cokely was able to get counsel at all then it was by a letter smuggled out of jail and the attorneys were forced to resort to habeas corpus proceedings before they could get an interview with their client in these eighty days before proceedings were taken cokelv had no hearing before a magistrate more insolent and lawless still district attorney stanwood informed cokely that if he retained austin lewis and royce that he stanwood would put a charge of murder in the first degree against him incredible as it seems stanwood carried out bis threat when cokely retained these lawyers the charge of participating in a riot was changed to murder previously stanwood had used this threat as a bludgeon to make cokely give false testimony against his fellow workers testimony manufactured by bums detectives unless labor rallies to the defense of these workingmen what chance will they have for justice at the approaching trial always first with the new blocks and the new shades at popular prices give him a lundström merchandise order for a christmas present union made in california 7 5 stores in san francisco i in oaklandstore open evenings until christmas philadelphia shoe co the greatest shoe house in the west 825 market street stockton commercial building san francisco s union shoe store holiday suppers the newest in style the greatest in variety i vi a the highest in lea quality the loww ia est in price over 500 styles ol to select from children s felt slippers 50c to sl boys kid slipå a to si 25 women s felt 8 wto oo men s kid sllpl r ssc to $3 00 shoe orders for holiday gifts a handsome engraved shoe order enclosed in a gold embossed scented marmefinished triple envelope issued for any amount good at all timesworkers union unionwfcn amp ractory named shoes are frequently in non union factories do not buy any shoe no matter what its name nnleaa it a plain and readable impression of this union stamp all shoes without the union stamp are always non union do not accept any excuse for absence of the union stamp boot and shoe workers union 246 summer street boston john p tobin proa cbae l ,0,0.6230962735762731
recognition of heroic deedsin recognition of heroic deeds performed in 1927 bernard b randall of oakland and charles f ware of hanford are itij eluded among five employees of the pacific telephone and telegraph company awarded the vail medal for noteworthy public service other employees thus honored ate lucile g harer calexico nadler tacoma washington and ralph f murray san diego in addition to the medal awards the following employees were cited for honorable mention mrs mae mcgregor riverside gene vieve foreman mae barger and mrs ramona lynch berkeley joseph mohun san francisco joseph reed and emil brady san jose mrs may j walsh san rafael greenwell glendale i elizabeth rothaermel and mrs marie corbin newport beach robert borrow seattle and brown portland the citations of randall ware nadler and murray were each for the saving of a human life while lucile ilarer was cited for courageous conduct and devotion to duty in remaining at her switchboard through the severe earthquake of january 1 1927 j which partially wrecked equipment in the calexico central office an indication of the value of first aid methods taught telephone company employees is exemplified by the services of randall and ware while visiting on a telephone company cable barge randall was i attracted by an appeal for help from a man who had become exj hausted while swimming in san francisco bay removing only a part of his clothing randall dived and rescued the man and i promptly applied first aid methods ware while working on a telephone pole in hanford heard an i outcry from a power company employee who had fallen across high voltage wires on a nearby pole and promptly summoned a doctor and ambulance in the interim ware applied the prone pressure method of respiration and restored the man to consciousness ,0,0.7808172024800215
the oriental question discussed in the report of executive council of of lthe citizens of california are justified in viewing with alarm and apprehension the results of the japanese invasion in that state the japanese colonize together and have gradually driven out american citizens from the most fertile farm lands in the state they already have under cultivation 92 per cent of the celery 89 per cent of the asparagus 79 per cent of the onions 76 per cent of the tomatoes 66 per cent of the cantaloupes 79 per cent of seeds etc they undersell the american farmer because of their low standards of living not only have they acquired large areas of agricultural lands but they are gradually getting into the trades the gentlemen s agreement has proven to he a failure because the japanese in a cunning and stealthy manner have outwitted the intent of the law in 1918 11 143 new arrivals came to america in spite of the fact that the above agreement is supposed to exclude all except diplomats merchants and legitimate students in california alone there are over 100 000 japanese this peril is not only a serious condition for california hut it is a positive menace to our entire nation the american federation of labor is fully justified in taking a firm stand to do away with the gentlemen s agreement and in its place inaugurate a definite policy calling for total exclusion of japanese with all other orientals we should also go on record as favoring any legislation of the above character that may be presented in congress by the california delegation in the senate and house of representatives the chinese immigration laws absolutely prohibit japanese of any class from entering the country except by special permit this practically bars not only laborers hut students business men travelers etc from entering the country except for a very short period of time unquestionably the workers of different races colors or nationalities throughout the world have a common interest in their respective countries it is only by furthering that common interest that we can obtain the true objective of the labor movements the world over while the methods of industrial and commercial enterprise the supply of raw materials and of capital may have an equalizing tendency between nations the interchange of viewpoints and the establishing of friendly relationship between workers of the various nations are of far greater importance and tend more readily and effectively to cement the peoples of all nations in a peaceful concord today our people are confronted not alone with the possibility of greater competition with oriental labor and manufacture they are also facing the development of tendencies leading to the possible dangers of war no one recognizes more fully than do the american workers the burdens and sacrifices entailed in a contest between nations we have just emerged from a war out of which it is hoped that the opportunity for future wars would be lessened to the lowest possible degree if not foreclosed for all time to come we are confident that the japanese workers are equally desirous for continued peace as are the american wage earners we feel sure that the workers of japan would welcome whatever influence might be set at work to prevent a possible clash between the peoples of japan and our country limited suppressed and tyrannied the opportunity of these workers for protest is rendered almost voiceless and the american labor movement is looked to in the hope that existing industrial commercial and financial differences and difficulties may not be molded into tendencies leading to international conflict the executive council is of the belief that this entire subject should receive the most careful consideration and attention and that no effort be spared in protecting the interests of the workers here at home and in promoting good will and peaceful relations with the workers and nations abroad ,1,0.6262185511556667
revolution reaction favor dictatorshiplondon england a group of left members of the labor party in the house of commons joined sir oswald mosley and oliver baldwin in a manifesto which declares that britain faces a crisis because of economic conditions and that the present government should be placed by an emergency council of five ministers who would be semi dictators as was the rule during the war sir oswald mosley recently resigned from the labor party it is too slow young baldwin a left winger is the on of stanley baldwin leader of the conservative party and british premier who was ousted by ramsey macdonald in a changed world the manifesto says it is impossible to meet the economic crisis with a nineteenth century parliamentary machine the proposal would attract less attention but for the fact that the same position was taken two weeks ago by winston churchill conservative leader in a speech that was cheered by several hundred fellow tories ,0,0.7627932423054207
government to ban strikes this year in key industrieswashington feb 15 a top federal labor official said today the government cannot and will not permit big strikes in the coal oil atomic energy railroads or shipping industries this year this official who did not wish to be quoted by name said the administration would use the national emergency section of the taft hartley labor management act to halt strikes in essential industries he said president truman and congress would be reluctant to backlegislation in an election year but added that labor and management can not be allowed to endanger the marshall european recovery plan with work stoppages they have got to settle their differences without strikes ,0,0.7106667101335441
$1 50 per yeargreen urges unorganized workers to join bona fide trade unions and secure maximum benefits under the recovery measure of l president declares that higher wages shorter hours and improved labor conditions possible under the new act can only be obtained by complete labor organization and collective bargaining employers are prohibited by law from interfering with the right to organize condemns company unions which are banned by the recovery lawwilliam green president of the american federation of labor issued a stirring appeal to the unorganized workers of the united states to organize immediately to secure all the rights and benefits to which they are entitled under the operation of the national industrial recovery act at the same time mr green sent a special message to the officials of the national and international unions the state federations of labor and the city central bodies urging them to inaugurate campaigns to acquaint the workers everywhere with the fact that maximum wage increases shorter hours of labor and improved conditions of employment can only be secured through trade union organization and collective bargaining one of the definite purposes of the national industrial recovery act mr green told the union officials is to increase wages and reduce the hours of work and overcome unemployment labor cannot expect and should not expect that these benefits will be conferred upon them if they are to be realized labor must unjte organize and collectively bargain the text of mr green s appeal follows attention wage earners and salaried workers everywhere do you want higher wages shorter hours and improved conditions of employment and are you willing to organize in order to secure these benefits the government of the united states has established your legal right to organize right to organize no employer and no corporation can without violating the law interfere in the exercise of the workers right to organize and to bargain collectively through representatives of their own choosing here is the law it was recently passed by congress and signed by the president section 7 a of the national industrial act reads as follows sec 7 a every code of fair competition agreement and license approved prescribed or issued under this title shall contain the following conditions 1 that employees shall have the right to organise and bargain collectively through representatives of their own choosing and shall be free from the interference restraint or coercion of employers of labor or their agents in the designation of such representatives or in self organization or in other concerted activities for the purpose of collective bargaining or other mutual aid or protection 2 that no employee and no one seeking employment shall be required as a condition of employment to join any company union or to refrain from joining organizing or assisting a labor organization of his own choosing and 3 that employers shall comply with the maximum hours of labor minimum rates of pay and other conditions of employment approved or prescribed by the president workers must unite for the first time in the history of the nation there has been written in a statute passed by the congress of the united states a section according workers a legal right to organize and to be protected in the exercise of that right the question now is will the unorganized workers of the nation exercise this legal right to unite with their fellow workers for the purpose of securing higher wages shorter hours and improved conditions of employment l he door of opportunity is open any corporation interfering with the exercise of the right of the workers to join a bona fide labor organization will be violating the law and subject itself to the penalties provided therein collective bargaining guaranteed subsection b of section 7 of the act provides b the president shall so far as practicable afford every opportunity to employers and employees in any trade or industry or subdivision thereof with respect to which the conditions referred to in clauses 1 and 2 of subsection a prevail to establish by mutual agreement the standards as to the maximum hours of labor minimum rates of pay and such other conditions of employment as may be necessary in such trade or industry or subdivision thereof to effectuate the policy of this title and the standards established in such agreements when approved by the president shall have the same effect as a code of fair competition approved by the president under subsection a of section 3 here in this subsection collective bargaining is provided for the president of the united states will under the provisions of this subsection afford every opportunity to employers and employees in any trade or industry or subdivision thereof with respect to which the conditions referred to in clauses 1 and 2 of subsection a prevail to establish by mutual agreement the standards as to maximum hours of labor minimum rates of pay and such other conditions of employment as may be necessary in such trade or industry or subdivision thereof to effectuate the policy of this title negotiate wage scales in plain simple language this means that employers and employees will be accorded the fullest opportunity to negotiate wage scales and conditions of employment in fact a simple sound interpretation of this section means that the government expects employers and employees to work out wage agreements through collective bargaining organization necessary how can the workers of the nation do this unless they are organized they must organize as industry is organizing if they are to receive the full benefits of the national industrial recovery act through organization they may select men of their own choosing to represent them in working out industrial codes and agreements covering wages hours and conditions of employment with their employers never was such an opportunity presented the workers to organize to bargain collectively and to be represented by men of their own choosing increased wages shorter hours of work and improved conditions of employment are bound to follow the application of the national industrial recovery act to industry and to labor the amount of the increase in wages and the reduction in the hours of labor which working people may secure will depend largely upon the action of the workers in organizing and in bargaining collectively through their own chosen representatives compan union condemned subsection a of section 7 provides that no employee and no one seeking employment shall be required as a condition of employment to join any company union or to refrain from joining organizing or assisting a labor organization of his own choosing in the light of this declaration adopted by the congress of the united states and approved by the president how can the workers of the nation identify themselves with company unions certainly such action would be inconsistent with the provisions of the law we warn the workers against company unions corporations are now engaged in an effort to develop company unions so that it can be made to appear that industrial codes and collective agreements have been negotiated between employers and employees organizations such action will be a violation of the spirit if not of the letter of the act the company unions formed by employers are nothing more than company controlled instrumentalities through which the corporation negotiates an industrial code and a collective agreement applicable to workers with itself it is highly unfair and most reprehensible that employers of labor would organize for the purpose of fixing prices and thus enable themselves to enjoy fair profits and at the same time establish company unions control workers dominating the industrial codes and the wages and conditions of employment through their own owned and controlled company unions join real unions we appeal to the workers everywhere to join bona fide independent trade unions exercise your american right to organize under the provisions of the national industrial recovery act have nothing whatever to do with company unions unite with your fellow workers in bona fide trade unions and through such organizations select men of your own choosing to represent you and to secure for you the maximum amount of benefits to which you are entitled under the provisions of the national industrial recovery act labor can be free the hour has arrived when labor can be free free to organize congress has established your legal right to organize workers everywhere should avail themselves of the opportunity thus presented the national industrial recovery act will mean much to you and your families if you organize into bona fide trade unions it will mean little if you fail to do so in the name of i appeal to all classes of workers to act quickly to organize immediately to realize all the benefits and rights to which you are entitled through organization under the provisions of the national industrial recovery act the american federation of labor will assist you will cooperate with you and will make it possible for you to be identified with bona fide independent trade unions affiliated with the american federation of labor ,0,0.756012756704311
policemen s club fails in nicaraguanew york any attempt to play policeman in the internal affairs of latin america is both un american and dangerous declared senator shipstead speaking at an open forum in this city the minnesota lawmaker favored a central american federation and the development of friendship between the united states and these countries this policy he said was dictated both by sentiment and by practical policy senator shipstead was sarcastic when he answered the claim that adolfo diaz now president of nicaragua is an able responsible business man diaz has shown great ability in getting elected president of nicaragua and in making friends with the state department and the american marines he was formely employed by a pittsburgh corporation at a salary of $looo a year senator shipstead said ,0,0.7598661288292555
labor leaders urge cooperationsupreme allied headquarters advance command post six american labor leaders visiting the french hattlefront to get firsthand information on supply problems sent a message from here to of l president william green and president philip murray declaring that every ounce of energy and zeal must be used to speed the production of heavy duty tires heavy trucks tractors heavy artillery and other items on which they found our men to be short the job is far from done the joint message said it will not be done until the last jap and last german soldier throws down his arms the six leaders travelled along french roads lined with the wreckage of equipment saw great stores of supplies being depleted by the armies that were sweeping through the french countryside and talked with scores of officers and enlisted men they lunched with general dwight d eisenhower to get firsthand impressions on how the war is run from the top with lieut gen omar n bradley head of the tw elfth army group and lieut gen lee commander of the communications zone as other guests after lunch the military and labor leaders conversed informally outside general eisenhower s tent and the general briefly outlined his views on reconversion stating that it was better to make a few too many tanks and guns than to slow the pace of production as victory nears in the message transmitted to green and murray the labor leaders visiting the battlefields said in part as we travel along roads lined with the wreckage of american and german equipment and pass through shattered french cities and above all as we pause at military cemeteries and hospitals that are all too plentiful here we are struck more forcibly than ever before with the horrible destructiveness of modern war and the importance of superior supplies in cutting down the toll of our dead and wounded we do not know whether the war will last a short time or a long time but to the extent that by our effort we can make it shorter it is our supreme duty to make this our number one concern our soldiers are particularly short right now of trucks and tractors for movement of ammunition weapons and other desperately needed supplies heavy duty tires heavy artillery and ammunition to use in it construction equipment to rebuild roads and airfields and harbors medium tanks and ships and cotton duck for the tents in which our troops and wounded live we cannot let the men whose lives depend on this equipment pay the price for our quarrels at home through full cooperation of labor and management we must make certain that no soldier falls in france or italy or in the pacific for lack of weapons and supplies we might have given him before crossing the channel to france the labor leaders made extensive trips to supply depots repair shops and ports in england they talked with large numbers of officers and enlisted men many of them of l and members the group visited a huge port through which more than 500 000 tons of supplies ranging from locomotives to chocolate bars pass in a month and presented a testimonial to the british general transport workers union whose men work day shifts on that dock and on emergency jobs are occasionally assigned to work through the night shift as well on a tour of embarkation ports the party saw long lines of troops and combat vehicles being swallowed up in ships ready to sail across the channels two lst s which arrived for loading at noon were gone when the group passed the same pier two and one half hours later a union man lieut col meyers member of lodge 30 international association of machinists bridgeport conn was one of the escorts on the tour when the leaders visited a mammoth aircraft parts factory they learned that the several thousand men attached there make many spare parts themselves to keep planes from being grounded when inadequate supplies are brought from the states a large number of of l and members soldier mechanics at this depot greeted the visitors warmly and clustered around to shake hands and exchange talk of home the labor leaders making this overseas tour are frank fenton director of organization of l sherman h dalrymple president united rubber workers david j mcdonald secretarytreasurer eric peterson vice president of thomas president and albert l wegener assistant to the president of l ,0,0.7911444559846417
a smile or twoshe indorsed the check frank a vanderlip the new york anker tells of a young lady unac j lomed to the ways of finance says hearst s magazine young she was as i say and harming she came to the window of the paying teller and handing in a check for $loo stated that it was a birthday present from her husband and requested payment the teller informed her that she must first indorse it t don t qnite understand she said with pleading look and an air of hesitation just what you mean why yon see he explained you mast write your name on the back of the check so that when we return the check to your husband he will know we have paid you the money oh yes i understand she replied apparently much relieved after a moment she returned to the window and presented the check looking for the indorsement the teller read many thanks darling boy i ve got the money all right your loving little wife dorothy doubt came a begging and i hade him wait fed him while sorry stories he d repeat he went and left a cross upon my gate the sign that brought his fellowtramp defeat edith mamma didn t the missionary say the savages didn t wear any clothes mamma yes dearie edith then why did papa put a button in the missionary box arrange for big forward st louis mo in this city is a unit on a labor forward movement which will be inaugurated early this summer committees are making enthusiastic reports and the campaign promises to be the most comprehensive ever attempted in this section of the country pass minimum wage law little rock ark governor hays has signed a bill requiring establishments which employ four or more women to pay a minimum wage of $1 a day to inexperienced workers and $1 25 to employes who have had two months experience heartless hoax my wife gave a reception yesterday did you attend yes i played a practical joke on her i got in line where she was receiving and before she knew it she was smiling and saying she was glad to see me for the first time in three years mrs methusaleh sighed wearily that s the 413th cook that has left us in the last 600 years she protested this servant question is getting on my nerves,0,0.6865575918250257
seizure of chinese labor chiefs welfare centers brings protest matthew woll cables chiang kai shek american unions have given chinese workers $2 225 000 since 1943new york reports that china s nationalist government has seized hospitals and welfare centers finenced by american labor and arrested chinese labor leaders has brought a strong protests from matthew woll second vice president of the american federation of labor and president of the of labor league for human rights on the basis of a statement by chu hsueh fan president of the chinese association of labor charging the arrests and seizure mr woll has sent a strongly worded cablegram to generalissimo chiang kaishek ministers of social affairs and of foreign affairs li fu cxenchen director of organization of kuomintang and dr wellington koo chinese ambassador to the united states new york papers report your government is persecuting chinese association of labor the cablegram declares and has seized labor relief institutions in chungking and other cities these institutions are financed by in the and administered by chinese association of labor under supervisory board including representative from ministry of social affairs and united chica relief of america future sympathy and support by millions of american workers for free china s ideals jeopardized by such conduct because chinese association of labor is only chinese labor movement recognized by american federation of labor american workers greatly distressed by this report and demand prompt full explanation of seizure american trade unions demand this intolerable situation be corrected with release of imprisoned labor leaders and restoration of free labor s rights mr woll said that in america had allotted $2 225 000 to help the workers of china since 1943 one million five hundred and twenty five thousand dollars was spent previous to japan s surrender and $700 000 has been allotted for 1946 the funds have been available through labor s contributions to the national war fund the labor projects include hospitals dispensaries nurseries workers homes and albor halls chungking sian chengtu are among the cities sharing in the gifts from the american unions ,0,0.5673047830075314
right to work for less beatencolorado labor has blocked an attempt by reactionary forces to put a referendum on the november 4 general election ballot outlawing the union shop in public employment the initiative followed the current right to work blueprint it called for immediate firing of any public worker who engaged in a strike slowdown or other public service interruption it would have made binding arbitration of wages hours and working conditions illegal the result colorado state afl cio president norman n pledger observed would have been to end collective bargaining and take whatever the boss gives you or quit where labor meets to eot f bruno scatena s deea 0 j westlake finest foikwest coastbruno scatena owner paul ferrari general manager pete cimino night manager wed thru sun chris michaels and salvatore cavallaro outstanding italian and american cuisine charcoal broiled steaks and chops open 7 days a week from 11 to 2 luncheon sen ed from lam,0,0.7388147172536074
sick listthe following members of electricians 6 ill or temporarily invalided in one way or another would all very much appreciate visits from their brother members during their convalescence according to business manager charles foehn howard is at home recovering from a heart ailment and is improving rapidly frank harrington is back at home after a stay in marin county s ross infirmary he expects to be back on the job in a few months louis mantler is again in the veterans hospital in san francisco he is reported quite ill but is permitted to receive visitors during hours it is suggested that his friends call the hospital first david shafer is reported as getting along very well and expects to be back at work in a few months harry madden who sustained a fracture of the wrist when he fell from a ladder while at work on the examiner building will be out for next two months walter ranchi recovering from a broken leg and wrist will be on the sick list for approximately sixmonths victor johnson is in the herrick memorial hospital in berkeley where he is being treated for a fractured thigh and crushed chest he is improving slowly charles gray is reported improving e somrak an apprentice inside wireman is being treated for a broken arm and contusions at the fort miley hospital as the result of an automobile accident this week charles mcleod is again in a sacramento hospital suffering front high blood pressure harry rank who cut his w rist badly on the job will be laid up for approximately tw o weeks louis fleischer who fractured his shoulder some weeks ago now is out of the hospital and recovering at home business manager foehn reported the following deaths joseph kcnnift ernest hurst a pensioner member charles deurall a western union member ,0,0.8425433752383675
dirty dollarsin opposing the city s acceptance of $7 50 000 for library purposes front andrew carnegie former mayor taylor for once voices the sentiments of an overwhelming majority of the citizens of san francisco addressing the public welfare committee of the hoard of supervisors tuesday evening mr taylor said there is no necessity for making any appeal for aid to a rich man like carnegie all of whose wealth properly belongs to the people carnegie s offer to this city was not voluntary tt never should have been asked true the hoard of supervisors passed an ordinance of acceptance hut nothing further was done and i thought that the acceptance was impliedly repealed the city voted a bond issue for a library indicating that the carnegie gift was abandoned 1 had thought that this carnegie ghost was laid until 1 read in the paper this morning that the matter was up aagin mr taylor also spoke of how carnegie had doubled his immense wealth in a single night in the united states steel corporation deal and remarked when he awoke in the morning he was worth $130 000 000 more than he had been the night before do you want any of those millions i don would not take a cent of such money as that is pleased to be able to commend the former mayor in this matter he is right san francisco does not want one cent of carnegie s flood money had he treated bis thousands of wage slaves even half decently he would not to day have more money than he knows what to do with and there would not be an army of hopeless and overworked men women and children in pennsylvania who live in misery and darkness while the man who has robbed them hypocritically poses as a philanthropist san francisco wants nothing from carnegie except his absence and his silence ,0,0.7847202402149318
letters to the editor this newspaper welcomes letters to toe editor opinions and comments on artirles and editorials should be of general interest to la or the tone of all letters should be directed toward the improvement of labor economic or political relations we welcome dissent that is not in bad taste or libelous all letters must be signed preferably with organization and address however such names will he withheld from publication upon writer s written ss e nvem nt it be e £ mail to this newspaper occidental street oakland 91fi08 ,0,0.7521244817972326
muscle shoals power ordered sold by senatewashington the senate by a vote of 53 to 0 declared that the secretary of war should not discriminate in the sale of power generated by the government s power plant at muscle shoals the alabama power company a unit of the power trust uses one fifth of this power and the remainder is wasted the municipality of muscle shoals would purchase a portion of this wasted power but the war department refuses the request senator black of alabama publicly charged that the power trust fearing the establishment of a precedent by the government opposes the sale of this wasted water power under the senate resolution the secretary of war is called upon not to discriminate against municipalities but this power should be sold to them upon as liberal terms and conditions as such power is sold to private power corporations ,0,0.834045577669424
kennedy named to help study of worker illness pennsylvania governor wants legislation to end delay in payment of compensation due occupational disease victimsharrisburg pa thomas kennedy secretary treasurer united mine workers of america is one of a commission just appointed by governor gifford pinchot to study the problem of compensation for occupational diseases in this state and to formulate recommendations to the next legislature members of the commission are dr lanza assistant medical director metropolitan life insurance co new york dr patterson dean jefferson medical college philadelphia william p yant superintendent bureau of mines experiment station pittsburgh t henry walnut attorney philadelphia boyd president pennsylvania self insurers association philadelphia wesley graff director safety engineering division national bureau of casualty and surety underwriters new york louis raycroft electric storage battery co philadelphia thomas kennedy secretary and treasurer united mine workers of america hazelton pa dr smyth assistant professor of industrial hygiene university of pennsylvania philadelphia and alexander fleischer managing director and secretary philadelphia child health society philadelphia workers injured through industrial accidents now receive compensation without fighting their cases through the courts but thousands of workers annually are crippled through industrial diseases the governor said they do not get automatic compensation the must fight expensively for every cent this condition exists in pennsylvania in spite of the fact that eleven other states with fewer dangers to employees have proper laws the right simply to bring a lawsuit means nothing at all today to an employee who has been crippled through an industrial disease he can not wait and has no money to pay lawyers it is time to provide adequate legislation ,0,0.8362204078139898
the causes of anarchy and the remedy hömecrofts the talisman of to day the cure for social unrest and industrial discontent the slums and tenements of the great cities are social dynamite certain to explode sooner or later the only safeguard against such dangers is to plant the multiplying millions of our fast increasing population in individual homes on the land homecrofts however small owned by the occupants where every worker and his family can enjoy individual industrial independence george h maxwell i will make a man more precious than fine gold even a man than the golden wedge of ophir isaiah xiii 12 time to stop and think charles f lummis in an editorial written the day after president mckinley s assassination and published in the july august number of his magazine the land of sunshine at los angeles california dipped his pen in the gall of bitter truth when he wrote every genuine american of whatsoever faith will earnestly hope and each after his own fashion pray that the president shall recover god spare him and thus much of our country s honor whatever the result of these shameful wounds even if the one chance in a thousand fall in our favor we may now count that within thirty six years three presidents of the united states have been murdered in office if anything on earth can give a moment s pause to our national hurrah of prosperity and progress this should be the thing like little wanton boys that swim on bladders we thump our chests in glee and bid a shrugging elder world admire how we float now perhaps we can stop long enough to remember that the ocean is old and deep and has dealt with boys and bladders before and shall again lincoln garfield mckinley does that red list mean anything is this prosperity do we expect to assassinate a president every dozen years if only we are making money is there no one to reckon with save one added wretch is that what a republic means what is a republic except the lot of us the murder at buffalo means more than the death of any one man it means more than our sympathy for him and his it is an affront and shame to every american a blot upon our country three presidents murdered and all within a short lifetime what other country in the world has done so ill what two countries have equaled this bloody record in the same time how many centuries since a king of england has been assassinated how many czars have perished feloniously within our memory when did poor mexico butcher a viceroy or president why is a ruler s life less safe in this country than in the revolutionary south american republics perhaps it means something that we have murdered more rulers in thirty six years than any other civilized country has in a hundred perhaps it means something that we yearly roast alive more human beings than any savage tribe ever did perhaps it means something that we have more murders rapes infanticides than any other nation and if any of these things mean anything it is about time is it not for us to find out what they mean it is time perhaps for you and me to be looking ourselves up and down for spots for when a republic goes wrong no man s clothes are clean from blood it is as cowardly as it is childish to lay these things to undigested aliens to anarchists to the ignorant is this an alien country is this an anarchic country is this a country of poor white trash or is it ours who lets in aliens undigested who tolerates anarchists who leaves ignorance unremedied who shall guard the life of our chief magistrate police and an arm or the faithful citizenship of free men who makes bad laws or leaves good ones lax the hireling politician or the people who hire him carelessly it may be a good time to suppress anarchy in the unitedstates it is a far more vital time to feel that every man who rides on a republic is a thief if he evades his fare there are a few hundred anarchists in this country there are millions of men too busy to render anarchy here as impossible as it was when we still remembered the old ideals of the republic anarchism cannot be crushed there are many who say that the remedy against anarchism is to suppress it and the press dispatches tell us that congress will take vigorous measures to this end a few days after the murder one of the new york newspapers came out with a great black headline root will crush anarchy anarchy can no more be crushed by the military powers of the government than the level of water in a bucket can be lowered by pressing the hand down on it anarchism can be eradicated but it can not be crushed out by the strong arm of the law all the experience of history is to the contrary you can in that way drive it out of the open you can force it to all the subterfuges to conceal its existence that were resorted to by russian nihilism and in the exact proportion that you enforce these measures you will increase its venom and its deadly danger fhe very efforts to exterminate it will stimulate its growth and the secret dissemination of its poisonous doctrines undoubtedly we should pass most stringent laws to prevent anyone from coming to this country whose mind is tainted with such criminal beliefs but all the anarchists of europe are not branded so as to be known as such at sight t hose who want to come here j will be fully warned of the law and will find a way to evade itany attempt upon the life of the president should be punishable by death but here again the law would be useless as a preventive measure one who started out to do murder would not be deterred from the crime by a knowledge that failure as well as success meant certain death to him he would be more likely to take greater pains to succeed in his deadly purpose suppose we should amend the constitution and make it treason to plot against the life of the president or to incite political assassination such a law would rather add zest to the activities of any set of miscreants who would desire to violate it 1 he difficulty of ferreting out such plots or securing proof which would convict would make such a law a poor protection men so desperate as to face certain death in order to commit a political assassination would not be deterred by any law from plotting tlft crime it has been urged that we should deport all anarchists to some island where they could vent their murderous instincts upon themselves the idea is an attractive one but such a law would be impossible of practical enforcement whom would we deport we could not make an ex post facto law looking to the future how would we define the crime and having once defined it would not its mere definition point the way to the evasion of the law by giving the warning to those who wanted to keep out of its clutches anarchists will not advertise themselves as such nor wear their hearts upon their sleeves they will if need be resort to every device that cunning can suggest to conceal their identity and their beliefs human sympathy and real religion one of the most sensible and eloquent sermons on the subject so far published was that of the rev william r huntington pastor of grace church new york on the sunday following the assassination in closing he said it is evident is it not that given a mistaken zeal for a bad cause or an over weening lust of notoriety or both of these together and along with them courage enough for suicide and the very worstman in the community has a fair chance of being able to murder the very best and yet men say let us cure this evil by more law let us make such crimes impossible by heaping tip fresh penalties ah my friends our trouble lies too deep for such an easy cure as that would that it were possible by stress of a legislative vote or by the stroke of an executive pen swiftly to cure this cancer which has fastened itself upon the vitals of society revise the immigration statutes says some one yes by all means let us do so and if we can weave such a web as shall successfully keep out all enemies of the human race let it be woven but meanwhile we must not suffer ourselves to forget that every one of the three assassins who have stained the annals of the presidency with innocent blood was american born and amer ican bred notwithstanding the foreign names of two of them the simple truth is this anarchy is atheism it is the denial of any overruling providence and the refusal to rescognize any god whose will is law this being so and the progress of invention having made any man who is willing to forfeit his life able to rob us of our best it follows that we shall never free ourselves from the outbreaks of anarchistic violence until we are more active than we ever have been in persuading men by all the powers at our command to abandon atheism and to turn to the living and true god let us inject more of christian morals i do not say christian dogma though there is a close connection between the two but more of christian morals into our scheme for maturing the childllife of the nation let us heal our miserable ecclesiastical divisions i let us call back our people to a better observance of the day of sacred rest let us persuade our young men of wealth and position to see in their fortunes as thank god some of them are doing opportunities to help in healing the sores and bruises of society and we shall have done what we can to cure anarchy it will be a slow healing process but there is no other no other to the high office of the presidency vacated by death such a young man as i have just described has suddenly been called rally around him fellow americans as patriots and not partisans now when he is just bending himself to his great task believe the best things of him expect good and not evil honor him with your confidence and help him by your prayers these are noble sentiments but even the remedy they proqise does not go dee enough the regeneration of social and physical conditions must come before religious regeneration is possible every churchman must concede that the church today does not reach the great mass of our workers it does not reach the slums the only organization today which has a complete plan for curing our social evils is the salvation army their plan reaches from the rescue home to a home on the land from destitution and despair to independence and self respect but the great churches in our cities have no such comprehensive plan they ought to have and because they have not they are gradually losing their hold on the hearts of the great mass of the people we are face to face with a condition which demands physical regeneration in this life before it can be influenced with an offer of salvation in the next anarchy and every propaganda of social disorder find their converts among those to whom the gates of opportunity seem forever closed or who are buried in abject poverty before thoughts of religion or of morality in the abstract can influence them they must be led out of social darkness into the sunlight of physical comfort and well being human sympathy will reach them but it must have something to offer some remedy for their condition it must give opportunity not alms editor s note the fact that the foregoing article was written shortly after the assassination of president mckinley gives it an added interest because it brings forcibly to the mind the utter futility of the repressive measures that are being again so much talked about now that another eruption of anarchistic crime has occurred ,0,0.707362400764008
constipationbeaumont s cornell fort wayne indiana this series of articles is prepared under the direction of the gorgas memorial institute which is organized to perpetuate the life work of the late major general gorgas in preventing unnecessary illness headquarters of the institute are at 1331 g street washington constipation is infrequent or insufficient elimination but no iron rule exists to show where diarrhoea ceases or constipation begins every person is a law unto himself the trouble may be due to actual organic changes piles fissures fistulas paralysis falling of the colon or it may be associated with an inflamed gall bladder or appendix often enough it is due to a diet too poor in roughage cellulose containing fruit or vegetables or too poor in vitamines which beneficially influence the bowel lining the continued strain of ambition and hard work may produce a lasting contraction of the colon thus impeding elimination a status which responds to relaxation and diversions most often constipation is due to careless neglect of going regularly to the lavatory colon worship is expressed in offerings of harmful purgatives prevalent ideas of auto intoxication are not true all the illfeelings which attend constipation result from pressure of fecal masses on neighboring organs and may be at once relieved by a simple saline enema a sensitive person may be rendered irritable by the lodgement of dried out feces in the colon but this organ has been overcharacterized as a villain and is constantly more sinned against than sinning colon consciousness just one of the modern abnormal states of mind is due largely to the clever advertisement of purgative manufacturers dread of constipation is in itself a common cause of the condition an attitude of confidence and faith is just as important here as in religion if such an attitude is adopted if a well balanced vitamin rich diet is eaten and if the individual will not be too absorbed in his affairs to devote a few quiet moments each morning to this simple ritual the matter will soon take care of itself if it does not a physician s care is required to search for organic hindrances ,0,0.7464899544307078
did not get much out of life few days ago a man dropped dead on the street in san francisco he was known as just an ordinary workingman for more than thirty years he had worked hard every day in appearance he was a very poor man in the thirty years we knew him he never had a good suit of clothes he never married and had few friends he lived in a furnished room and did his own laundry work he never took a vacation and never indulged in any recreation or pleasure so far as we knew when he died it was discovered that he left about $ 150 000 he had no near relatives and left no will the public administrator will get a good slice of the fortune left by this poor rich man he did not get much out of life he was buried in a casket costing $l5oo which perhaps helped some there will be poverty as long as there are men who cannot find work ,0,0.8132087795829925
building contractssan francisco sw astro and market erect one doublr faced roof sign owner hank of italy contractor federal electric co vi new montgomery s reet cost svqo no 720 jackson remove partitions install doors and windows magnesite door owner hoo shuck and wm m young contractor d vn ross 180 jesse street cost $bllo e nineteenth avenue 175 and 200 s lake two two story and basement frame 2 ii each flats day s work cost $7ooo sw post and taylor six story steel and brick stores and 32 apartments owner hunt day s work cost $60 000 e twentieth avenue 100 125 150 175 and 200 n cabrillo five onestory and basement frame dwellings o wner knili nelson day s work cost $3ooo each no 430 golden gate avenue new fiont for auto building store room owner fred linde contractor pittman 545 turk street cost $6oo vv amazon 50 3481 ne vienna 1 wo story and basement frame dwelling owner a moschella contractor j novcllo and l pastorini 172 bertita avenue cost $2900 s green 200 e pierce two story and basement frame 5 apartments owner dr gawthrone contractor meinberger 5720 california cost $11 789 s ilearst avenue 275 w genessee one story and basement frame dwelling owner jones amp jones day s work cost $3ooo e leavenworth 87 6 n turk underpin concrete wall of apartments owner o laiola contractor vukicevich amp bagge 180 jessie street cost $boo e moss 100 s howard twostory and basement frame 4 flats owner joseph wolford contractor zane 114 russ street cost $10 485 e peabody 175 s leland onestory and basement frame dwelling owner ed gainer contractor j finnegan 3342 army street cost $2ooo no 1201 van ness avenue install wood partition in store beaver board and batten same owner kookmo rubber co contractor mullen mfg co 64 68 rausch street cost $boo e westwood drive w miramar one story and basement frame dwelling owner linnie morris contractor morris 132 judson avenue cost $6ooo n alvarado 140 e hoffman twostory and basement frame dwelling owner charles l weyranch contractor e weyranch 827 dolores street cost $4ooo e capistrano 280 s san juan one story and basement frame club house owner mission terrace club house association contractor olaf olsen 366 granada avenue cost $3900 w forty seventh avenue 150 and 180 n fulton two story and basement frame dwellings owner nellie g barry contractor thomas f barry 3641 20th street cost $4ooo each e forty fourth avenue 225 n balboa one story and basement frame residence owner m person day s work cost $2850 n nineteenth between florida and alabama plastering off c electric work install toilet owner enterprise foundry co day s work cost $750 w commonwealth avenue 200 n geary extend north wall of present building and add billiard room owner morse contractor thomas hamill 6140 geary street cost $5oo e illinois 117 5 s sixteenth build five high brick walls 8 inch thick for lubricating storage tank ownerj union oil co of california day s work cost $1250 kearny 105 n washington one story concrete 2 stores owner emil hirsch contractor moller n de luca 180 jessie street cost svooo e sixth avenue 25 n cabrillo two story and basement frame 2 flats owner victor bjors day work cost $7ooo ne sixth avenue and cabrillo two story and basement frame 4 flats owner victor bjors day s work cost sl2 otto no 565 thirty sixth avenue move dwelling to lot line raise and make additions owner dodd contractor merritt 3014 geary street cost s lt lso ne ellis and powell alter show windows t si g partitions contractor hanson 180 jessie street cost $looo no 891 market remodel showwindows install metal lath and plaster suspended ceiling owner f vv wool worth co contractor macdonald amp kahn 130 montgomery street cost $12 500 sw bush and stockton w 60 by s 39 6 excavating and bulkheading for two story and mezzanine class c store building owner julius goldstein contractor eureka teaming co 180 jessie street cost $2boo carpenter work etc on above contractor brutcher amp serna 180 jessie street cost $4889 concrete work on above contractor chas sartorio 2151 filbert street cost $5203 lathing and plastering on above contractor john o connor 180 jessie street cost $2643 reinforced iron on above contractor edw l soule co rialto bldg cost $940 plumbing on above contractor wm j forster co 670 howard street cost $bb5 electric wiring on above contractor decker electric co 149 new montgomery street cost $770 roofing and waterproofing on above contractor alta roofing co 3048 sixteenth street cost $2ob painting on above contractor fred wagner 65 hoff street cost $220 tin and galvanized iron work on above contractor morrison amp co 769 mcallister street cost $lb7 finishing and installing copper molds on above contractor pacific builders supply co cost $375 tile work on above contractor ginsberg tile co 1205 sutter street cost $383 ne broadway and laguna general repairs to residence carpentry plumbing plastering painting etc owner garrett w mcenery contractor scully phelan bldg cost $4ooo e twenty second avenue 125 s anza two story and basement frame 2 flats owner andersonj day s work cost $booo nw florida and precita ave one story and basement frame dwelling owner john henderson contractor c lindberg 257 surrey street cost $5550 no 1388 forty fifth ave add one room to residence ow ncr mr newman contractor greene 180 jessie street cost $544 no 630 gough repair floor joists floor and sidewall glazing etc for store owner chas coburn 180 jessie street cost $looo no 922 jackson remove partitions carpentry work magnesite flooring for club owner hoo shuck and wm m young contractor ross 180 jes c street cost $boo no 2620 mission change partitions plastering etc for office owner s amp spiro co contractor antone petersen 2770 san bruno ave cost $looo e plymouth 131 s wildwood one storv and basement frame residence owner walter e hansen day s work cost $4ooo s seventeenth 80 w guerrero two story and basement frame 2 flats owner caplis contractor john j leonard 180 jessie street cost $lo ooo no 3937 twenty fourth street one story frame stores owner joseph cane contractor wm m reedy 267 ellsworth street cost $3750 no 447 utah st excavation grading cement and carpentry work for private garage owner geo oseti premises contractor ioro 665 a hampshire street cost $7oo s balboa 82 6 w 16th ave onestory and basement frame dwelling owner janssen day s work cost $39502 and 4 beaver raise present building 2 ft 6 in concrete floor install garage doors owner g biancalani contractor fred mollcr 180 jessie cost $9oo s cabrillo 57 6 w 18th ave twostory and basement frame dwelling owner rosenthal contractor jacobson 112 tucker ave cost $4500 e dolores 26 9 n hidalgo ter three story and basement frame 6 apartments owner salah h barnum day s work cost $12 000 87 elgin park raise residence and add 2 apartment flats owner mattilde rauer and bertha mcdonald contractor geo m merritt 3014 geary st cost $3ooo se f ifth ave and lake st threestory and basement frame 9 apartments owner lieberman contractor chas schwarz 1440 a hyde st cost $15 000 s geary 1 81 6 fv leavenworth one story and basement concrete 2 stores owner roy collins contractor allen co 168 sutter st cost $10 0 8 s green 70 w pierce two story and basement frame residence owner adam schafer contractor geo a bos hearst bldg cost $75 8 sf grant ave and pacific cut in brick wall for show windows install iron column and girder marble work etc owner n ghon con tractor hcaphy 661 golden gate ave cost $9oo 456 hayes one story frame pri ate garage owner p eisner day s work cost $5oo ne jackson and pierre threcstory and basement frame residence owner samuel pauson contractor charles heyer jr mills bldg cost $50 000 s market 200 e 7th rearrange electric signs on marquise owner imperial theater contractor brumfield electric sign co 18 7th st cost $9oo 136 mason new store front erret booths etc owner p barbaria and p constanza all subcontracts and day work cost $6ooo 1130 polk construct bake oven for biscuit plant owner andrews wilmans contractor m fennell 1130 polk st cost $990 w sixth ave 175 s anza twostory and basement frame 2 flats owner jos barrett day s work cost $5ooo 2592 sutter two room addition for dwelling owner mrs mclee cost $5oo e twenty fourth ave 250 s lake two story and basement frame 2 flats owner r deßyana contractor republic engineering co 1040 lake st cost $6ooo w twenty fifth ave 200 225 and 250 n clement three 1 storv and basement frame dwellings owner meyer contractor meyer bros 5326 geary st cost $3ooo each sw bush and polk remove wall change show windows tinning papering genera overhauling for stores owner mrs rose sullivan contractor fred moller cost $3ooo sw cabrillo and ninth ave addition of one story private garage in rear owner l abrams contractor joseph frank 811 balboa st cost $boo 1 fourteenth st construct extension to receiving shed 54 ft by 146 ft for cooperage shop owner western cooperage co contract not yet let cost $5500 178 guerrero alterations and additions for casting cement and plaster ornament shop owner arson contractor thulin co 242 18th ave cost $9oo n sutter 137 6 e larkin fourstory and basement reinforced concrete 15 apartments owner lacey and luis blum day s work cost $20 000 138 turk change store front overhaul plumbing cement floor etc owner emma dixon day s work cost $looo w twenty seventh ave 225 n geary one story and basement frame dwelling owner lindeman contractor lindeman 530 balboa st cost $4250 alameda county no 58 portsmouth road piedmont two and one half story frame dwelling owner harry p fisher day s work cost $4950 no 1135 rauleigh way piedmont two and one half story frame dwelling and garage owner james 11 young day s work cost $4 88 no 1110 colusa avenue berkeley one story six room dwelling owner pavert day s work cost $4750 n oregon 280 w california street berkeley one story five room dwelling owner glenn r bell day s work cost $2500 no 2412 piedmont avenue berkeley fire repairs owner phi sigma kappa contractor rose 325 17th street cost $2900 no 1301 tamalpais berkeley garage owner duschak day s work cost $4oo no 2099 university avenue berkeley owner hoy contractor brayton cost $450 s auga vista avenue 540 e 38th avenue oakland one story six room dwelling day s work cost $3500 no 372 euclid avenue oakland alterations owner l shurtlief contractor schnebly amp hostrawser sixth and jackson streets cost $835 e fairfax avenue 125 n foothill boulevard oakland one story six room dwelling owner pavert day s work cost $5750 s twenty sixth 100 e chestnut oakland one story reinforced concrete house owner sanitary ice amp storage co contractor nelson amp forsyth easton bldg cost $11 500 s virginia avenue 25 e beverly oakland one story five room dwelling owner fred g turner day s work cost $2500 ne e fourteenth street and nw stanley avenue nw 781 80 ne 1032 49 se 780 98 sw 1031 69 oakland ornamental iron work for reinforced concrete factory owner durant motor co of california contractor richard lutge folsom street iron works 18th and folsom streets san francisco cost $5555 n burnett 420 e san pablo avenue berkeley one story four room dwelling owner peter fredrickson j day s work cost $lboo se fulton and ashby avenue berkeley one story five room dwelling owner jacobey contractor lyon 597 17th street cost $4ooo s hilgard 125 f euclid berkeley one story 3 room dwelling owner bowers contractor bowers cost $1250 no 2213 vine street berkeley addition owner driver day s work cost $looo no 2119 university avenue berkeley marquis owner lesser bros contractor federal electric co cost $l5oo nw fleming and modesto avenue oakland one story live room dwelling owner harrv w isaacs day s work cost $4150 s fleming avenue 40 w madera oakland one story live room dwelling owner harry w isaacs day s work cost $3750 n modesto avenue 240 and 280 e fleming oakland two one story five room dwelling owner harry vv isaacs day s work cost $3750 each n madera avenue 40 leniing oakland one story five room dwell ing owner harry w isaacs day work cost $3boo ifty third and shattuck avenue nr tory five room dwelling iow it nunemacher day s iwori fust säooo i shattuck avenue 109 and 141 street oakland two one stoi vc room dwellings owner a 11 nunemacher day s work co kloo each n ifty third 40 w shattuck avenue iakland one story five room l owe owner nunemacher day work cost $3ooo n 5320 belvedere street oakland alteration and additions owner j mrs davis contractor barr amp son 52 vernon street cost sa o si ifty fifth avenue and foothill boulevard oakland one story brick serr iee station owner chas t gooluik day s work cost $750 fifteenth and campbell streets oakland ne story five room school owner city of oakland contractor barnes amp i lace 310 fairmount avej nue t ost $7878 sixtenth street 150 w 35th avenue oakland addition conj tractor van ness cost $4oo i se grand and webster oakland concrete foundation owner wicl contractors macdonald amp kalm 130 montgomery street san francisco cost $looo 1 jackson street e 25th fifteenth street oakland three story 58 room apartment owner geo m magnifier contractor krause amp williams 414 thirteenth street cost s4b ixx w thirty sixth avenue 200 s eeiglitcenth street oakland onestorv four room dwelling contractor henry barkmeyer 5432 el camile avenue cost $2500 w thirty sixth avenue 417 s eeighteenth street oakland onestory live room dwelling owner pleitner contractor wells 4034 porter street cost $3ooo no 1152 58 twenty fifth avenue oakland storage shed owner gold medal waterproofing co day s work cost $5oo s ashby 90 e benvenue st berkeley one story 4 room stores owner fred c koerber contractor john almquist 5356 trask st cost $3477 no 930 alameda st berkeley one story 6 room dwelling owner a 11 pallen day s work cost $3700 w bridge road 200 n tunnel berkeley two story 7 room dwelling owner still contractor marquis 2045 shattuck ave cost $5750 se emerson and tremont berkeley one story 6 rooin dwelling owner rose contractor d birmingham 2908 otis st cost $2boo n madera 390 w colusa berkeley one story 6 room dwelling owner consley contractor reinertsen 914 carmel st cost $5ooo s tacoma ave 200 n colusa berkeley one story 5 room dwelling owner price day s work cost $3ooo w walnut st 400 s shattuck ave berkeley one story 5 room dwelling owner frank s link contractor mason mcduffie co shattuck and addison cost $3ooo no 6456 benvenue ave oakland garage owner mrs james dicker contractor thos kearney 2219 mckinley ave cost $450 s dale place 110 w minna ave oakland one story 5 room dwelling owner frank g and margaret b palmer contractor rider 2803 minna ave cost $2200 fruitvale extension oakland one story 2 room dwelling owner clayton mosier day s work cost $4oo s gray 200 n harrington oakland one story 4 room dwelling owner the minney co day s work cost $l9oo e lakeshore ave 100 s walla vista oakland qnc story concrete garage owner d arena contractor m bua bacon bldg cost $5oo w magee ave 190 n kansas oakland one story 3 room dwelling owner bruno bislik day s work cost $6oo se oakland and santa clara aves oakland repairs owner mueller hogue contractor snider 34 ellis st san francisco cost $530 no 181 orange st oakland garage owner a fry day s work cost $750 no 598 sycamore st oakland garage owner williams contractor rex williams cost $5oo e twenty sixth ave 250 twenty fourth st oakland onestory 5 room dwelling owner e roberts contractor martin benson 2541 hearst ave cost $2900 s main st 175 w maple ave being lot 14 blk l map oakland highlands oakland one story 5room dwelling owner and maude m adams contractor jos mittner 1700 thirty fifth ave cost $3ooo ne elmwood and piedmont ave berkeley two story 7 room dwelling owner mrs effic humphrey rontractor john a bischoff 2717 russell st cost $7500 no 907 shattuck ave berkeley one story 6 roont dwelling owner elorence macgregor contractor macgregor 410 thirteenth street cost $3500 e grant st 304 s rose st berkeley one story 5 room dwelling owner chas a werner day s work cost $2ooo s bond st 500 w seminary ave lt ne story stores owner m magoon contractor 11 malley 2947 west street cost $4ooo e broadway 275 e monroe st oakland one story 4 room dwellii g owner morgenscn bros day irk cost $3ooo no 1651 broadway st oakland altering owner replogle ntractor alex soimnarstrom 109 inuyside ave cost $6oo nw ole and princeton sts oakbud one story 4 room dwelling owner mccord day s work cist $2400 e manila 60 and 195 n 45th street oakland two one story five room dwellings owner whalen ft carlos day s work cost $3500 each vv shattuck avenue 76 n 53rd street oakland one story five room dwelling owner a 11 nuncmacher day s work cost $3ooo w thirty third avenue 151 16th street oakland one story sixroom dwelling owner ernest e silver contractor j schneider 3225 fillis street cost $35 8 £ £ this trade mark guarantees you the best made to order suit or overcoat in san francisco at $50 00 to $75 00 a saving of 25 per cent our 1920 prices were $65 to $loo no reduction in labor or trimmings american and irish woolens kelleher c and browne the irish tailors 716 market st at third and market sta,0,0.8596913093572192
sea bees marking 21st year recruits nbededconstruction men throughout the nation this week are celebrating the 21st anniversary of their own the navy s sea bees according tp gunnar benonys business representative of oakland carpenters lpcal 36 and also chief builder with cb 1211 hunters point naval shipyard reserve unitwhile the construction battalions are the youngest part of our armed forces they did in a short time amass a history of military construction under battle conditions that largely contributed to the defeat of our enemies and amazed the world composed of skilled carpenters electricians masons pipefitters equipment operators steel workers and mechanics most of whom came from the ranks of and right off of the job they lived up to their now famous seabee insignia this shows a flying bee fighfing mad with a sailor cap on his head a spitting tommy gun in bisforward hands a wrench iiy l is midship hand and a carpenter s hammergripped in his after hand recalling the names and actions at faraway places such as reykjavik rosneath espirito santo borabora guadalcanal dutch harbor adak milne bay mollandia manus yeyte subic bay and a hundred other places where the skill of a fighting craftsman helped win the bead es and create landing fields will be the order of the day at get togethers by sea bees active and reserve former seabees many of whom are still active members of the reserve battalions will gather at naval installations re jiewing old acquaintances and tc meet the new seabees many of whom are still being recruited from their respective craft unions there are a good many ratings open to recruits at the present time according to bro benonys those interested should contact the local recruiting office for further information your skill is needed and it may provide extra consideration for a higher rate ,0,0.8052167948843431
in the labor marketcincinnati plasterers union have signed a scale for $5 a day painters of evansville ind want five cents an hour increase ui gt n men will not work with nonunion men on buildings in toledo s ne pavers union toledo will demand an increased wage scale on may 1 halifax painters will not comply with the request of the masters receive $lo a week want $l2 masters want to grant increase may 1 stationary engineers of chicago are out for a flat wage scale of $3 a day an eight hour workday and 37 4 cents an hour for overtime scapmakers at the chicago stockyards formed a union and are to become affiliated with the amalgamated meat cutters and butchers workmen the international glass workers tssociation of america will hold its annual convention in cincinnati march 30 the annual convention of the american federation of musicians meets in indianapolis on may 19 the chicago local union wil be represented there by joseph w walker mcgee and joseph f winkler president gompers of the american federation of labor has called a convention of hod carriers and building laborers which met in washington at headquarters last monday the coremakers national union and the iron molders international union have voted to amalgamate the former has a membership of 6 000 and the latter nearly 50 000 molders at chester pennsylvania have decided to call a strike in the i ant of the american steel casting ornpany if their wages are not ini eased and other grievances attended t eigh hundred blacksmiths helpers lt chicago will make a demand april l for a new scale of wages to go into effect may ist they will ask for 27 cents an hour for outside work and 30 cents for inside work the coremakers of troy new york have demanded a nine hour day the new demand affects troy green 1 sland watervliet and cohoes the brass molders have also demanded the eight hour day the gaston scale factory at beloit wisconsin resented the formation of a union of its employees and their request of an advance of three per cent in wages the entire force was discharged and the firm will try to get along with non union men as a result of a failure on the part of contracting and journeymen carpenters of marion ind to reach an agreement in the wage scale every brickmason in the city laid down his trowel and a general strike is on bricklayers at the duquesne and rankin plants of the united states steel corporation at pittsburg pa last week quit work for higher wages they were receiving $3 75 a day and demanded $4 50 which was refused the bricklayers at the homestead plant made a similar demand but will wait until to day before they decide to go out if an increase is refused a strike of the bricklayers and stonemasons at sharon pa is threatened by the non adjustment of the wage scale the questions involved are the length of the working day and wages to be paid the men are now receiving $4 50 for a nine hour workday the bricklayers demand the same price for an eight hour day and the stonemasons want $4 25 for an eight hour day the new scale goes into effect april 1 the builders exchange has decided that it cannot afford to pay the men more than they are now receiving a committee representing the bricklayers and stonemasons unions met representatives of the contractors and builders association of logansport pa last week and discussed the differences existing between the unions and employers nothing definate was decided up n at the meeting but later the contractors offered to leave the matter to a deputy appointed by the union to arbitrate until his decision is made the men are to continue work the bricklayers are asking for 40 cents an hour and the stonemasons for 50 cents an hour sthe building laborers union of denver has put a business agent in i the field carpenters in longmont colorado j are now on strike for an eight hour day all carpenters are requested to i keep away until trouble is settled tile layers of denver will demand an increase of 50 cents per day in wages to take effect may ist and the demand will likely be granted without any friction between the union and the employers carpenters district council of st j louis missouri sends warning to me chanics of all building trades to give j st louis a wide berth hundreds of mechanics are stranded there walking the streets in idleness conrad doritig one of the old time carpenters and for a long time a trustee of no 55 denver has resigned and left for los angeles california where he will reside in the future the building trades council of denver has endorsed the application of the stonemasons international union for affiliation with the american federation of labor and condemned the attitude of the bricklayers and masons international union in opposition to the same the denver strike of the tinners for an increase of 5 cents per hour in wages saturday half holiday and for the handling of only fair or unionmade material by the employing tinners seems to be in a fair way to succeed and it is expected the union will win a complete victory henry meyer western member of the general executive board of the united brotherhood of carpenters and joiners arrived in denver yesterday from the west and is being entertained by ex president hyder of no 55 the union held a special meeting last night to hear mr meyer on matters of interest to the craft edgar e clark grand chief of the order of railroad conductors and a member of the anthracite coal strike commission had been slated for a lecture at the lewis institute on the employin it of children for last friday night but postponed the lecture until another date owing to the press of work required for the commission to make its report yesterday the american federation of labor has issued a poster on which are given the facsimiles in colors of the forty three labels and three union cards indorsed by that organization and in use by the affiliated unions for various crafts it also gives a list of twenty four crafts and callings which have no label of their own and use that of the parent body the american labor union in thepast week issued a charter to a former union of assemblers and adjusters bicycle workers at dayton labor paper published at dayton states that other unions in that city are contemplating taking a similar step because satisfactory settlements of their grievances cannot be made in any other way one of the best evidences of the benefits of organization is shown by the case of the boilermakers helpers of pittsburg four months ago they were unorganized and received about $1 75 a day of ten hours new they have a union of 650 members and beginning may ist they will receive it is said $3 50 for eight hours work the american smelting amp refining company of chicago has granted concessions to its employees engineers are to receive the same pay for eight hours work that they have received for twelve hours and the firemen will receive 10 cents more for the shorter time other employees are similarly advanced j at a recent discussion before the i ministers association of cleveland i the rev harris r cooley a member of mayor johnson s cabinet as director of charities phrased a sentiment which all those good men and women who are impatient to get rid of vice and crime might well take to heart it would make them more practical and it might make them better more religiously thoughtful of their brethren whose lives are cast in less pleasant places said mr cooley to his fellow clergymen you talk of vice j and crime as if it were dirt and mud vou are talking about you forget t at it has special benefit coshocj on trades journal j members of bricklayers union tolk do have adopted a new scale of wages providing for an increase of five cents per hour bringing the hour ,0,0.8042112204377686
origin of first union of workersthe origin of the first union of workers in the world has long been in dispute and will perhaps never be satisfactorily settled many trades lay claim to the honor of having the oldest union in existence and one claim may be as good as the other the stone masons and stone cutters union for instance assert that tinstone masons and stone cutters engaged in the building of solomon s temple were organized into a trade union and we have no records to the contrary then comes the united brotherhood of carpenters and joiners of america and declares that the three sons of noah all carpenters organized during the erection of the ark and even called a strike on their old man and won out seriously however we do have authentic information that the first bona fide labor organizations or trade unions came into being along in the latter part of the bifteenth century among these were the carpet weavers of brussels the cutlery workers in england the clay workers in ireland and others ihe earliest known organization of painters was formed by a group of poor artists in zurich switzerland along in the sixteenth century and it is to these gentlemen we have been told that the brotherhood of painters owes the emblem of trade a pallette and brushes which is worn by organized painters the world overwomen need special training to resist the war frenzy dorothy canfield fisher prominent novelist and editor views daily misery and boredom as a powerful ally of war says social justice now will insure future peace specially contributed bydorothy canfield fisher a step forward toward understanding and hence toward mastering human problems is always taken when all human beings are recognized as being human forewarned is forearmed the traditional idea that a woman becomes a good mother through having given birth to a child is no more mistaken than that women can be counted on simply because they are born women and because many of them are mothers to withstand the collective hysteria that in times of war tears the covering of civilization from the majority of mankind and leaves their barbarism bared to view no women are human and without special training special discipline special experience cannot any more than unprepared and undisciplined men resist the frenzy that rises to about the same degree of trampling madness in a packed theatre where somebody has shouted fire and in a country where somebody has shouted the flag has been insulted yet one aspect in the life of modern women does from a veryunexpected source give them training experience and discipline that men rarely have does prepare them better to withstand at least one of the weapons with which war is defended and to understand more what measures are useful for preventing war we hear less nowadays than formerly about the desirability of an occasional war as necessary to preserve the virility of our manhood but a good deal is still said about the inevitability of war human nature being what it is two generations ago the same thing was said to mothers about the inevitability of quarreling and fighting among children women were told that the instinct to quarrel and fight was an inherent part of all vigorous healthful child life and they have found out not through theory but through actual experience with actual young human beings that there is no truth in that old conviction they have as mothers never did before made some study guided by sound psychologists of the principles that govern child welfare they have centered their efforts on providing those essentials the right food the right clothing fresh air sleep a har monious background and plenty of creative activity and they have seen that healthful children provided with these simple essentials waste no time in quarreling with each other because they are busy with occupations they like better women in charge of children have had it proved to them that quarrelsomeness is no sign of vitality and health but quite the contrary is an indication of something wrong as much as four degrees of fever indicates sickness they have learned this plain fact about human nature not from a lecturer or from a book but from observing human beings their instinct therefore when confronted with an angry and warlike frame of mind in anyone man woman or nation is not of resignation to the inevitable but of a quick inquiry as to what wrong factor in the life conditions is responsible for this sure sign of bad healthand here their experience with preventing quarrelsomeness among their children teaches them another sound principle of human behavior not so well learned by most men they have found that the evil causes for quarrelsomeness lie far back of the occasion when it shows itself they have learned that exhortations to behave themselves are of little use after the children have begun to fight they have been violently convinced by firsthand proofs that as little can be accomplished by arguing with the desire to fight once it is there as with a headache in both cases the only cure is to remove tjie causes which lie far far back of the symptoms intelligent men their attention fixed on economics by their habit of business feel that the real causes of war are economic intelligent mothers whose attention has been fixed on human nature by their care of their children feel that these well known and traditional economic causes the unscrupulous profiteers the wicked bankers the wire pulling of big business count more or less consciously on finding the bulk of humanity so restless an discontented with life that it will not be hard to stir it to war mothers know that healthy children provided with the essentials of life and this includes not only food and clothing but a fair opportunity for creative activity are hard to move to bickering their guess is therefore that misery and boredom in the daily life of humanity is a powerful ally of war that big business would have a harder time to create war sentiments if more people had their fair share of what they need such women will not be satisfied with attempts to resist the war fever only when it threatens they will feel that they are most surely working for peace in years to come when they work for social justice now when they give their full share of the effort to provide for all children the physical mental and spiritual privileges they know are needed to keep their own sons and daughters in health ,0,0.8155184055892616
news and views of womenhold your head high lady that is it in a few words hold your head high for if you don t believe in your face who is going to the face you were born with is just a working plan and w hat you do with it is up to you the aforesaid sage advice comes from the women s home companion and it has specific ideas about how a well made face should look no woman who wants to be beautiful should forget her facial manners says the companion s beauty editor the first thing to remember is to look cheerful a bored pettish or discouraged expression has never placed first in any beauty contest as a matter of fact such expressions furrow the forehead and etch little lines between the brows and around the eyes if you cherish the bloom on your cheeks be sure to get enough sleep it is widely known that one of the greatest destroyers of all feminine beauty is too late hours and irregular diet will make more wrinkles than you can rub out in a lifetime now one last word in your building of a beautiful face don t forget your feet although they are far from your face if your feet hurt it shows in your eyes on your forehead and around your mouth put these simple sensible beauty improvements into practice now and avoid expensive repairs later new auxiliary lodge formed a business agent steps out and does his stuff according to mrs xavier f weddle state organizer for oregon high praise for promoting interest in a ladies auxiliary in medford should be given to glenn wright business representative of lodge 1468 mrs weddle wrote recently to the machinist after the ceremony of installation of officers mrs edwin r olson was elected president of the new auxiliary which will be known as ladies auxiliary lodge 373 please page some of our more enterprising business representatives and let us get together and form some new auxiliaries in san francisco ,0,0.8336211638729423
by charles tex johnson business representativeat this writing we still do rot know what will happen to the building our office is in good shape and we will have our regular meeting hall on feb 14 1961 we will continue to give you all the information in this column when a decision is made about rebuilding at the boat show in the cow palace we noticed that brother pete spehar was one of the instructors at the huck finn pool showing the small fry the proper technique of landing a rainbow trout to pete ed neal and the gang our best for a job well done sick list our secretary henry lidley is still confined to his home and will be off for some time yet george zammit is still confined to his home and will be off work for a while william deluze was admitted to st joseph s hospital feb 6 for a hernia operation hans saurwald was in st joseph s hospital jan 20 to 28 with a ruptured blood vessel he required one pint of blood from our blood bank he s now at home vince argiro has been home ill since jan 25 emil drusche in st luke s hospital since jan 30 with a bleeding ulcer required three pints of blood john l lawrence went into peninsula hospital feb 2 for stomach surgery ella erickson wife of brother david erickson at hospital required two pints of blood jan 27th in memoriam brother john j mcmillan 70 passed away friday jan 27 and was buried jan 30 in the national cemetery brother mcmillan joined this local in 1941 and was always active in the union he served as president and as delegate to all the councils and for quite a number of years was chairman of our sick committee he always did an excellent job for our members and will be remembered for a long time an army veteran of world war 1 brother mcmillan retired about five years ago the officers and members of local 42 extend their most sincere sympathies to the bereaved family ,0,0.8105086259949736
war risk rates increasedthe war shipping administration announced july 27 a new schedule substantially increasing war risk rates covering exports from the united states exports to the territories and insular possessions of the united states are not included in the schedule ,0,0.8461142953627091
san franciscotenth avenue near lake two story frame dwelling owner murray day s work cast $l9oo twenty ninth ayenue near california five room frame dwelling owner houle and pyburn day s work cost $lb5o boyce near geary one story frame cottage owner j scanlan day s work cost $6oo church near 17th two story frame wdelling owner mrs e koenig contractor koenig cost $6ooo fifteenth avenue near clement two story frame dwelling owner nevada w meyer day s work cost $3ooo 1 372 ellis alter basement into flat owner l plamondon contractor l salomon cost $950 3270 72 eighteenth street replace foundation and repair flats owner mary j girot contractor a andler cost $7oo 415 market alter stores owner collins brothers contractor a herman cost $4oo turk near arguello boulevard onestory frame cottage owner merrill day s work cost $750 4696 eighteenth street install brick bake oven owner fred stuermer contractor julius p glasser cost $7oo lake and 10th avenue one and one half story frame cottage owner hemmings day s work cost $1750 lake near 10th avenue one and one half story frame cottage owner hemmings day s work cost $1550 chenery near roanoke all work for one and one half story and basement frame cottage owner edw m adams architect geo f voight contractor linfield and roberts cost $1450 jackson near larkin all work except plumbing gas fitting and sewering for three story and basement frame six apartments owner louis gross contractor a olson cost $6591 plumbing gat fitting and sewering on above contractor a davis cost $lo5o grand avenue and o farrell concrete filling and top dressing on roof and on all floors and sidewalk for building owner the union trust company architect clinton day contractor the clinton fire proofing co cost $4745 prism lights on roof and sidewalks on above contractor dwan amp company cost $5250 silver avenue near quint alter windmill owner st joseph s infant orphan contractor krough mfg company cost $lboo army near guerrero two story frame flats owner john hedquist day s work cost $4ooo 15 stoneman alter and add to dwelling owner patrick walsh contractor edw mooney cost $l2oo tehama near bth repair flats owner mrs rogers contractor lanhani and pearce cost $l5oo 4172 twenty fifth raise and alter dwelling into flats owner chas s moore day s work cost $l6oo brannan and sth two story frame lumber sheds owner white contractor neimetz cost $6ooo 514 shotwell rear two story frame dwelling owner geo s gloyd contractor geo h batchelder cost $2ooo twenty fourth near bryant onestory frame stores owner valentine weber contractor chris baetz cost $lboo webster near broadway erect concrete retaining wall owner jos d architect plobart contractor mahony brothers cost $3ooo jackson near jones three story frame flats owner r laraja contractor gilbert cost $7ooo noe and 30th two story frame store and flats owner otto f llusler day s work cost $2500 clement near 25th avenue twostory frame store and flat owner mare architect geo r bintley contractor ed gaillard cost $1875 california near near 26th avenue two story frame dwelling owner e joost contractor george parker cost $1950 prospect and virginia avenue twostory frame store and flat owner mrs meehan contractor w smith cost $l5oo 46 geary alter saloons and cafe owner kiley contractor bodes and beigel cost $lloo 25th near hoffman two story frame residence owner roeder day s work cost $1950 1837 union add to laundry and lodgings owner m lacau architect bozio day s work cost $l9oo 23rd near geary one and one half story frame dwelling owner herman schmidt contractor john h munster amp company cost $2ooo 17th avenue near california onestory frame dwelling owner mrs lawlor contractor miller cost $1450 284 steuart erect 70 stalls in stable owner risdon iron works contractor simpson and roberts cost $2500 eddy near larkin three story concrete apartments owner meyer architect nocholson amp company day s work cost $38 000 harrison near essex three story frame flats owner pappenhauser contractor fred roettger cost $6500 mullen avenue and peralta twostory frame flats owner edward staff architect jones contractor schofield and runblad cost $2600 farnsworth lane n bet edgewood and willard avenue all work except hardware gas and electric fixtures for a one storv frame cottage owner mrs lola robinson architect paul a dufour contractor otto klung cost $2728 ellis near laguna all work except mantels gas and electric fixtures finish hardware and shades for alterations and additions for a three story frame flats owner katherine m and francis a suich architect clausen contractor o giannini cost $5183 cor fell and lyon streets heating ventilating plumbing sewerage hot and cold water supply electric wiring and conduit system call system telephone system and messenger service of west wing southern pacific company hospital building owner co contractor john g sutton co cost $14 550 taylor near sutter all work except plumbing gas and electric fixtures for a five story and basement class c reinforced concrete building rooms and apartments owner a eisenberg architect chas j rousseau contractor anderson cost $25 333 plumbing gas fitting and stand pipes on above contractor frank klimm cost $3917 bonded by unadella delaware geneva and san jose avenues blk 29 west end map no 1 rehabilitation of geneva sub station owner united railroads contractor wm a butler cost $3boo douglas near carson between 19th and 20th all work for a two story frame residence owner siebecker contractor ploeger cost $3850 twentieth near church one story attic and basement frame dwelling owner a read architect w hind day s work cost $3ooo kirkham and twelfth one story frame store owner chas schwaderer contractor franz piske cost $l5oo eighteenth and collingwood alter saloon owner chas f solari day s work cost $4oo 3885 24th street alter front store owner tuggy son contractor edward mcglynn cost $450 third and minna excavate and shore up building owner a fallon contractor and t sullivan cost $looo bennington and elbert one story frame cottage owner sonnilksen day s work cost $looo fout near clarendon one story frame cottage owner mattock day s work cost $4oo market near fremont alter front stores owner byron jackson iron works contractor w fensky cost $750 geary n point lobos avenue 105 w 15th avenue 25xn100 196 all work for one story basement and attic frame cottage owner abraham and dora goldman architect rounds amp pendrey contractor frank a rounds and pendrey cost $1750 devisadero and waller all work to old building being a one story frame of four rooms on rear except finish hardware owner marian g green contractor t christian cost $1495 caselli avenue near douglas all work for a two story and basement frame flats owner blodes contractor arthur cost $3220 sixth near bryant all work for a one story and mezzanine warehouse owner bothin real estate company architect ettler contractor masow amp morrison cost $5396 leavenworth and eddy carpenter roofing tin and galvanized iron work mill and stair work hardware and glass for six story and basement concrete and brick building stores and lodging house owner c schroth architect krafft amp sons contractor holt cost $16 030 structural iron and steel work anchors erection and setting on above contractor central iron works cost $4119 hyde and lynch all work except plumbing painting and hardware for three story and basement frame six flats owner bosq architect ross amp burgren contractor holm amp son cost $11 850 com at pt 110 e kearny and 88 m or 1 s jackson which pt of commencement is on s line gill street e 106 m or 1 thence along west maiden lane 75 w 107 n 77 excavating and grading and brick cleaning owner estate of is architect fabre amp mohr contractor the sibley grading amp teaming co cost $1570 mission near russia avenue onestory frame stores and rooms owner wilfred a la chapelle day s work cost $2ooo russia near edinburgh one story frame cottage owner c jacobsen day s work cost $looo 1768 sanchez repair dwelling owner henry p sophey contractor edward wilberg cost $4oo 1104 sutter erect shelving in shop owner doan estate contractor h vandenberg cost $4oo 1862 o farrell raise alter and add to store and dwelling owner j fbutler contractor coady cost $l5oo sacramento near drumm twostory reinforced concrete store owner bradford investment co architect cantin contractor keat ing bradford co cost $lo ooo 26th avenue near california all work for a one story and basement frame building owner augusta guntz contractor serguson bros cost $9oo post and taylor galvanized iron duct work and sheet iron exhaust duct in kitchen for indirect heating and ventilating system in bohemian club owner bohemian club engineers hunter amp hudson original contractor moffatt amp co contractor atlas heating amp ventilating co cost $4729 richland avenue near mission all work for a one and one half story frame cottage owner mary f connolley contractor turner cost $1625 fell near laguna all work for three story and basement frame building owner mrs margaret mcdonald architect chas m and arthur f rousseau contractor christiansen a smith cost $15 800 valencia and sixteenth cabinet and carpenter work for a three story and four story and basement brick building owner the mission savings banks architect crim amp scott contractor the brunswick balke collen der co cost $2672 metal work except the hinged bronze grill wicket on above contractor the california artistic metal amp wire co cost $4196 marble work on above contractor the mission marble works cost $2580 fifth avenu near parnassus twostory frame dwelling owner a harrington day s work cost $1975 ninth avenue near moraga onestory frame cottage owner peabody contractor l peabody cost $750 fifth avenue near cabrillo twostory frame dwelling owner cundiff day s work cost $2500 100 anderson add to residence owner f reinhard day s work cost $4oo eighteenth avenue near clement two story frame cottage owner a jarvis parkinson cost $boo chattanooga and 24th erect retaining walls owner crocker estate co day s work cost $6oo 848 arkansas add to dwelling owner john cardinale contractor kane cost $4oo powell below geary erect electric sign owner goodfriend hotel co contractor novelty electric sign co cost $4oo bennington near cortland avenue four room frame cottage owner l ferreiros contractor linfield amp roberts cost $950 union near mason two story frame flats owner l traverso day s work cost $2ooo geary near 15th avenue five room frame cottage owner abraham goldman contractor rounds amp pindrey cost $boo hyde near clay all work except plumbing for a three story frame building flats owner henrietta e norman architect hind contractor jos a hill cost $lo 337 com at pt 90 70 4 w of nw market and kearny sw 48 51 4 nw 54 0 4 65 6 4 e 40 0 4 s 38 7 4 se 52 9 4 sheet metal for a onestory and basement class c stores owner selah chamberlain architect bliss amp favillc sub contractor guilfoy cornice works cost $1043 seventeenth near belvedere all work except plumbing gas and watch fitting for a frame building five flats owner louise a phillips architect gardner contractor cameron amp disston cost $8650 plumbing gas and water fitting on above contractor wm l mccormick cost $ll7o market and o farrell and grant avenue statuary bronze screen panels gates and doors for concret in banking room and mezzanine floor and metal work for support of marble work in screens for building owner union trust co architect clinton day contractor california artistic metal amp wire co cost $10 528 ,0,0.8410732325031702
to keep everybody well aim of new professionfor a long time the universities have been teaching how to cure the sick now the university of california is going to train students expressly for a new profession that of keeping everybody well the doctors in the medical faculty have long preached to their students preventive medicine and the doctors have joined enthusiastically with the university s engineers chemists bacteriologists etc in establishing this new curriculum in preventive medicine for the training of experts whose whole purpose is to prevent anyone from ever being sick enough to need a doctor graduate in public health will be the degree and thp sixyear course will be as long and arduous as that pursued by most physicians to give the world a new kind of health officer is the l niversity s object it used to be that a health officer was a busy physician who in the intervals of seeing his own patients ran in to tack up a warning of scarlet fever or to investigate a complaint as to somebody s back yard but now communities have begun to think that protecting everybody s health is enough work to deserve a full time salary there is a great and rapidly growing demand for highly trained sanitarians and bacteriologists for the service of the city the state the school the army and the nation here are some of the things the university of california will teach to the students who choose the new public health curriculum just established as the result of the work of a committee including professors eugene woldemar hilgard long dean of the college of agriculture leuschner stratton an l from the medical faculty dean moffitt and drs wallace i terry lucas and wilbur a sawyer two years of physics chemistry zoology and modern languages then four years of special professional training in which the students will learn for instance how a town may get clean water but how even if there is no source available except a sewage polluted stream a community may yet make such water perfectly safe and good for drinking by filtering it through sand and treating it with bleaching powder to get rid of germs how a town may make a sewage farm safe and profitable how scientific detective work can find unsuspected human carriers of typhoid or diphtheria and put an end to their spreading of infection there were 131 reported cases of typhoid in california in september every one of them unnecessary now that anti tvphoid vaccination has been perfected how flies fleas mosquitoes and other such dangerous insects which spread disease may be got rid of by suppressing their breeding places how tuberculosis in california may be lessened by requiring all milk or butter to be pasteurized unless from certified herds how colds coughs and various serious diseases may be checked in their spread bv using individual paper cups instead of glasses at the punch bowl at parties by abolishing such foes of health as the common drinking cup and the roller towel how a town mav get healthy meat clean milk foods which are what they pretend to be and fly protected food supplies what people ought to eat that sewer gas is disagreeable but not dangerous but how good plumbing should be planned how schools churches and public buildings may be heatedand ventilated so that the air will not be dryer than the desert of sahara as manv ventilating systems make it how to fight occupational and social diseases including poverty and vice how the threatening increase of insanity may be contended with for much of it is preventable how sanitary and social surveys are made how effective social service work is done how public health systems should be administered why it is that half a dozen california towns have a deathrate more then twice as high as that for instance of berkeley which is 8 6 per thousand per annum and how the wickedly needless waste of life of an excessively high death rate can be stopped if the world will onlv little more of what sg£rnce has already found out for in these days a town has it in its own power to say whether its death rate shall be high or low ,0,0.8253888587097769
january industrial expansionsimportant industrial development is promised for san francisco and the bay area 12 counties in 1946 as indicated by 34 expansions of existing plants and 44 new industrial ventures reported during january by the industrial department of the san fjrancisco chamber of commerce outlays estimated at $2 631 000 will be expanded for new enterprises while approximately $2 831 000 will be invested in factory expansions northern california developments for the month are estimated at 61 new plants costing $5 346 000 and 37 expansions aggregating expenditures of $2 966 000 new plants and expansions for northern california numbered 98 and will represent $b 312 000 san francisco accounted for 10 of the new ventures to cost approximate $330 000 and nine expansions with expenditures of over $1 542 000 providing 348 new industrial jobs comparative tabulations for january 1945 were northern california 24 new plants $2 750 000 18 expansions $709 300 bay area 21 new plants $2 665 000 16 expansions $665 000 san francisco nine new plants $1 630 000 12 expansions $412 000 and 930 new jobs the following are representative of important january developments for san francisco and the bay area carver niles co 1001 clement street san francisco purchased site at williams avenue and mendell street and will erect $50 000 cabinet factory the company will eventually employ about fifty frigid dough co of northern california a new corporation leased one story and mezzanine building at 322 fouth street san francisco for a new frozen bakery products manufacturing plant will employe up to twenty five persons paint service co started construction of a new $30 000 paint factory building at mississippi and mariposa street san francisco company will employ about twentyfive sino electric and plastic corp 1012 stockton street san francisco a new $1 000 000 corporation to manufacture and export plastic and electrical appliances factory site is being selected will employ minimum of twentyfive chinese workers rainier brewing co plans $l 000 000 expansion of brewery on alameda street between florida and brvant streets san francisco expansion will create about 100 additional jobs general brewing corp newhall and carrol streets san francisco awarded contract for $325 000 expansion of facilities libby mcneill and libby cannery sunnyvale santa clara county plans construction of $300 000 processing building on 21 acre site adjacent to present plant ,0,0.8458821351831027
united states still has corner on autoson january 1 of this year there were 27 650 267 automobiles in the world according to figures made public by the united states commerce department this figure represents an increase of 3 176 638 over one year ago of this total 22 137 334 were in the united states the united kingdom held second place with 1 023 610 ,0,0.8238812781377612
tile mbk local layers 19 bud papadakis business representative robert g johnson business manager jack howe business representativenext meeting will be held in san francisco at 1485 bayshore blvd friday evening 8 15 july 9 please make every effort to attend your union meetings it is you the member who attends the meetings that is the best informed also remember your union is as strong as you make it see you on the 9th of julyhealth amp welfare at the last trust meeting of the health and welfare the trustees did review and increase the maximum major benefits from $lo ooo to $40 000 due to the large increases that the hospitals and doctors are charging for their services at our next meeting in august we will be taking a new look at other places where we can increase benefits for you and your family this does not affect those who have the kaiser option for those who wish to have kaiser the open season is october every year a letter will be sent from allied administrators in september check your check stubs are you being paid at the proper rate of pay should you have any questions do not hesitate to contact the union office we are here to serve you 40 year members did you know that we have amongst us 27 40 year members and one 50 year gold card holder brotherjimmie anderson who lives in florida we realize that you have been bombarded with letters of notification regarding mortuary plans these are required by the fderal government as its letter states more information will follow as required this is all information about the plan or plans in which you are involved vacation pay please remit your vacation card if you desire your vacation pay at this time the spring payout ends on june 30 next payout will be in november brothers we are reminding that should you go into the jurisdiction of another local to work you are required to check with that union office before you go to work phone ahead if that local office requires you to check into the office in person you must do so this is for your benefit you will be informed of the working conditions and rules in thearea where you will be working local 19 requests your fullest cooperation as we expect and receive the same from other sister locals phone ahead when an employee works in the jurisdiction of another local union other than his home local union contributions may be transferred to his home trust fund any employee desiring transfer of his contributions must obtain an authorization card from his own local imion and deposit this card with the office of the local ixiion in which he is going to work these cards must be deposited with the local imion office not later than 30 days after you get to work when the authorization of transfer of health amp welfare and pension contributions are received your contributions will be forwarded to the administrative office of your home trust and incorporated into your records6 orgonized labor monday june 21 1976,0,0.8155422608685357
last splice of new telephone cable links san francisco and bay area with sacramentot henewlongdistance telephone cable of the pacific telephone and telegraph company between the san francisco bay area and sacramento was formally dedicated thursday october 28 when peltier president of the sacramento chamber of commerce and clay miller president of the san francisco chamber of commerce exchanged greetings for their respective cities in the first call routed l through the new cable earlier in the day the last splice in the big cable was made at cordelia with public and company officials participating this cable costing in the neighborhood of $2 500 000 had its initial inception in 1923 and has been under active construction for the past 12 months it was conceived and completed in order to meet the constantly increasing service demands whichhave come about as the result of the j growth of the bay region and sacramento and environs the longj distance cable spans a distance of 90 miles and is routed by way o oakland crockett and carquinez straits to sacramento it carries 275 j talking lines between the bay areaj and crockett and 135 talking lines through to sacramento this number of lines can and will be materially increased as occasion may require and will eventually care for all service to sacramento and points north and east as far as portland seattle chicago and new york forty thousand miles of wire or enough to go more than one and onehalf times around the earth are contained in this cable it weighs about 2 000 tons and is suspended upon 000 poles a specially constructed building at crockett will house approximately 100 repeaters the function of these repeaters or boosters is to so boost conversations over the wires as to make audability comparable with local calls of shorter distances four separate sections of specially designed submarine telephone cable are included in the construction two in san francisco bay one across carquiuez straits and one across the sacramento river at sacramento the service demands between the san francisco metropolitan area sacramento and tributary points have steadily increased during the 1 past few years and in order to provide equipment for the growth in i this territory telephone experts have made every endeavor to plan ahead in order to meet the resulting j requirements which are fulfilled by i this project ,0,0.7548614102637323
judge you are sentenced to four years hard labor and then deportation have you anything to say accused yes i would like to do the deportation pari of the sentence firstrepresenting every occupation and industry in california the conference will discuss major industrial safety problems and measures to reduce the rate of on the job injuries and deaths director webb will call the general assembly to order at 10 february 3 separate section meetings will be held that afternoon and the following morning of the eight major industry groups that make up the conference agriculture construction forest products governmental agencies manufacturing mineral industries trades and services and transportation communications and utilities there is no registration fee,0,0.7282134385352332
john hoody ery few concerns in santa rosa have attained the distinction given j the well known establishment con ducted by john hood not only because he is a first class watchmaker jeweler and optician but on account of his long and honorable business career in the city he has been established since the year 1858 and at present enjoys the widest patronage of any similar establishment superiority of wares in jewelry and first class workmanship have redounded to the success of mr hood w ho at all times has merited and received the warmest co operation from members of mr hood maintains headquarters at 545 fourth st members are recommended to pay the store a visit if their wishes incline to jew elry adv,0,0.6369704115656905
by edwin v mckenzie written for into the office there came to day a dear sweet old lady she was old very old and she asked us to help her she wants her only boy released from prison wants him to come home and comfort her in her old age she is seventy five it was a balmy spring day as she talked i looked out into the bright outside world and i felt that very few such days were left to her she is very very old and i knew that if we are to help her we must move quickly ever so quickly seventy five years is a long time to have lived why did fate send her to our door she has so much faith faith in us to achieve the impossible her boy is doing life and is a parole violator faith in us to do faith that we who have no potoer can do this act for her it seems to her that her boy has been punished enough she is very very old she cannot any longer understand that revenge is sweet that society must exact the full measure individuals forgive society never it punishes and punishes and punishes death is not an end to it she wants her boy to her he is still a sweet little fellow with curly hair she wants him to nurse the wounds that man s inhumanity has inflicted strange as it may seem she still believes in him and society and justice stern unrelenting justice punishes and punishes and punishes her a dear sweet old lady we ask ourselves what was her crime faith in us to do if the men who have charge nf surfo things were here this morning not as officials but ordinary homely work a day men and if they listened with filled hearts and tears in the eye as we listened her faith would have won them the doors would swing open and she would have her boy it would all come very soon because she is old very very old and we must act quickly if we don t society will have exacted the last full measure of revenge and she will die without the last loving look from her still dearest boy,0,0.7879064239374624
anti union logger promises to halt unfair practicestwain harte calif lpa gt arnold nelson who runs a logging business here has promised on order of the nlrb to stop interfering with his employees rights to join the afl teamsters or any other union threatening and firing workers for such membership quizzing them to find out who was responsible for a temporary halt in work while a wage increase was sought questioning them about their activity in the union urging scabs to spy on their fellow workers and report to him and interfering in other ways in union activities he also will reinstate six workers he had tired for union activity and had refused to reinstate and will post a notice of all this for two months for the benefit of his employees ,0,0.8327724871338658
by graham attorney of topeka kansassome converted heathen in the orderly course of civilization abandoning one evil for another quit placing daily offerings of meal and meat and mead before their idols and framed the public i rough and now converting these offerings also placed therein the transubstantiated money a party of idiots then daily destroyed this converted medium of exchange but the people accustomed to the disappearance of their offerings before the idols seemed as happy as the idiots themselves a party of thieves however eventually arose and these driving the idiots from the public trough stole everything the people now seeing in the prosperity of others the loss they themselves were suffering protested but the thieves replied your idiots simply burned your money and while we do indeed steal it yet we throw it back into circulation and nothing is lost to the commonwealth but further remonstrated the people we are afraid you will soon become so hardened you will steal the whole country no we won t no we won t replied the thieves assuringly we are kind hearted just like yourselves but your idiots are both physically and morally irresponsible and irredeemable as they were born without minds while we can repent even at the last moment and go direct to paradise with you this however did not end the controversy and the thieves and the idiots using the people as their weapons are still fighting for possession of the public trough every four years ,0,0.7465363183809735
tfa i home easy budget terms wapkf t st 71 vi si eri rnitu company bunsti a saxfbenedetti floral co 100 union john h gilmour mgr flowers for all oorasions hemlock 1 3323 1 3322 2964 sixteenth st below mission open evenings and sundays j iischman bros v tirnt dne of america s largest home furnishers august sale stoke wide wonderful opportunities for saving on home furnishings for every room in your home modernize now liberal tenns amp trade in allowances mission at kith sail francisco726 market street between kearny amp grant r clothes of fine character tull selections union maps iso ix tti tm nitiifvamous we te lt supreme beer so smooth mellow and satisfying the beer of good cheer always your cue to gracious hospitality and refreshment satisfaction the preferred choice of union men everywhere you ll find famous a bc supreme beer at the best places try a cold bottle today product of the miracle brewery aztec brewing co san diego california istate fair sacramento sept 2 thru 12 xis 3 m £5 tt m america s foremost agricultural amp industrial fair,0,0.7979133675472124
bards and minstrels to ramble in ireland listen in sunday at 5 o clock station irish bards and minstrels who will sing the songs of old ireland in real bardic style is the latest addition to radio entertainment over kya station beginning next sunday january 24th at 5 o clock ireland has been given many titles but none so dear to her as the land of song in ancient ireland her bards and minstrels had definite legal status and w ere accorded high honors their profession was taught in irish colleges and every family of note had its bard and harper these bards and harpers or minstrels sang the hopes and fears of the people in epic moments of their natural life and kept alive their national spirit the more that songs of ireland are understood the story they tell the conditions which gave them birth the nature of gaelic music and manner of its presentation the better irish character will be appreciated that is the thought which prompts this group of irish bards and minstrels of san francisco to present a limited number of radio programs over kya station beginning next sunday from 5 o clock to 5 30 these programs will be entitled rambles in ireland and will consist of traditional irish songs presented in the old bardic style with a story about sunny irish ireland told by a recent visitor to that country mr phillip o rourke and mr john brien will render traditional irish songs with miss kathleen mcgahey as accompanist miss janette mcdevitt will be mistress of ceremonies thee eventful broadcasts will be a rare treat to radio audiences ,0,0.7526672831794429
herman s hats union made 2396 mission street at twentieththe oyster loaf orlando l stevens amp jack lacey manager krieg president 920 market street and 43 61 eddy street phones donslu 364 bar suitor 4015 ci nn ko rny 5911 summerfield amp haines union made clothing underwear collars shirts socks suspenders hats etc agents carhartt and headlight overalls 997 market street corner sixth st the cream of all beers yosemite lager a home product and best on the market guaranteed to conform strictly to the new pure food act brewed by enterprise brewing co house coat for his christmas gift $5 $6 50 $7 50 somehow men always like house coats college boys like them their fathers like em so do their grandfathers a house coat is a pretty safe gift tan gray oxford navy blue wine with good looking plaid facings men s shop first floorbuilding paper sheathing deadening felt and ready roofing zellerbach paper co battery st at jackaon san francisco pacific phone douglas 1200 telephone market 7401 buffet henry von der wettern henry dierks corner market and seventh street henryb lister lawyer practicing in all courts state amp federal notary public member of local no 59 phone douglas 1415 805 pacific bldg residence phone sunset 1605 straub s eriksen the atlanta bar cor 7th and mission strcrtunion bar and union goods h bon bon bon bros phone market 26 14th and guerrero sts patronize home industry,0,0.7893796499819656
fenaimore dm 1 prices always reasonable satisfaction quarantees 2508 mission st 181 post san francisco 1221 broadway 2106 shattuck ave berkeley we olve mission st merchantsour new branch opens december 3 to better nerve our customers and friends we are opening a complete branch bank at montgomery and bush streets in the mine building this new branch opens on december 3 and we will be prepared to render a complete banking service both savings and commercial we invite you to make use of the facilities offered by our mills building branch humboldt bank founded 1869 head office 783 market street near fourth san francisco california savings commercial trust safety deposit vaults wieland s brew puts pep in your step =fumish your home at the eastern =zli jeral credit terms eastern outfitting co 1017 market street home of the sorosis stoves we diva american trading stamps,0,0.8057334146805897
law and nixon why we are in politicspassage of the vicious lan drum griffin anti union law and rigging of the steel strike to make vice president richard nixon look like a hero are tw o climaxing developments that should make every labor man understand why we have to be in politics labor council sec george johns declared in his keynote statement to the san francisco issues conference j jan 7 two events have occurred which have forced us to meet new challenges in new political areas of activity johns declared the first was the new labor law designed to change us into elerical like company unions and to leave working people impotent in their united efforts against the strength of their employers the second event was the recent obvious maneuvering whereby the crowm prince of the eisenhower administration in a few hours settled the complex steel negotiations and purportedly became the friend and savior of the labor movement so here ©ere we stand today nixon will obviously be the republican candidate for president obviously also he has been selected to continue the policies of the eisenhower nix on administration and the questions arise is this what working people want do these eisenhower nixon policies satisfy the needs and aspirations of our people it would seem true that the presidency of this nation should not again be decided by a personality contest there are fundamental issues at stake,0,0.7312508917305081
brilliant young californian recognized by the eastern coastit is with pride and pleasure that announces to its readers this week that the ability and achievements of james m barry as an electrical engineer have been recognized by the eastern coast mr yitrry who is a son of james h rarry naval officer of customs and editor of the star has like many another brilliant young californian left his native state to continue his profession in that bigger and busier field which the east has to offer mr barry left san francisco on monday last for birmingham ala to become general superintendent of the eastern division of the alabama power co this company operates one of the largest power plants in the country and from its various branches feeds the big industrial center of the south birmingham has been well named the second pittsburgh and is located in a section of the country where practically all of the large manufacturing companies are engaged in turning out munitions of war for our victorious armies overseas i he career of mr barry has been one of varied experience and continual rise and in every instance where he has made a change of positions it has been to climb one step further up on the ladder of success before entering college and after completing his high school course he went to work as an electrician and inspector for one of the local light and power companies remaining about one year lie graduated with the class of i slo from the university of california his first job thereafter was in the heart of the mountains near horseshoe bar california where he had charge of equipping an electric power sub station on leaving horseshoe bar he went to sacramento working for the pacific gas amp electric co as a foreman and later as an assistant superintendent he was called from this position to accept an appointment as city electrician of sacramento in which capacity he directed the construction and installation of the police and fire alarm system of that city to mr barry resigned as city electrician of sacramento to go to portland ore where he designed and supervised the construction of an elaborate underground system for the northwestern electric company he had completed this undertaking although had not severed his connection with the northern concern when he was invited by the board of electricity of san francisco to accept a position as chief of the department of electricity this department was in a chaotic condition at the time and a man was sought who was capable of reorganizing it and putting it on the business basis worthy a city of the size of san francisco mr barrv delighted with the opportunity offered of serving the city he loved accepted the tender of the board of electricity in order to ratify mr barry s appointm nt it was ntaessarv due to a charter regulation which deprived him of his san francisco citizenship owing to absence from his native city for several years for the board of supervisors to pass a special resolution designating him as anexpert whose appointment was essential to the welfare of the department of electricity that the board of supervisors acted wisely in passing this resolution was conclusively proven by the fact that within two years after mr barry had been chief the department of electricity was rated as second to none in the country and his work was not only highly complimented but patterned after in many other cities mr barry left the employ of the city to act as engineer of distribution for the great western power company of california and for the past two years and up to the time of his leaving for alabama served in that capacity mr barry takes with him in his new venture the well wishes of his many friends and confidently predicts for him a future that will most surely place him in the foremost ranks of his profession ,0,0.7051740199813239
ferries ask pay raise bannullification of the award of increased wages to ferryboat 1 employees on san francisco bay was asked in a petition to federal fudge st sure by the southern pacific santa fe western pacific and the northwestern pacific attorney henley c booth spokesman for the companies declared that the award did not conform to the requirements of the railway labor act under which it was made the proceedings leading up to the award were faulty the award was not in conformity with the agreement between the parties involved the award does not confine itself to the points covered by the j agreement john l mcnab and ray benjamin represented the ferryboat j men s union which seeks to uphold the award which provided for an increase of $lo a month in the wages of crew members$100 000 000 in gold to reach xmas stockingssanta claus will drop some 100 000 000 in gold coins into expect j ant christmas stockings in the united states this year federal reserve bank officials estimated following the demand for $20 000 000 of the gold coins in new york the custom of giving gold coins as christmas presents places a heavy strain on the federal reserve machinery and on the banks that supply their clients with the coins because the distribution i of the coins means a tremendous number of small transactions with thousands of banks the approach of christmas also means the appearance of $1 000 000 worth of $2 50 gold pieces because of the demand 400 000 of them have been ordered struck off for the christmas rush because of their scarcity and the value placed upon them by collectors very few of the $2 50 pieces ever are seen again ,0,0.7002422745037287
by the editorwe are entering upon a new year what the new year has in store for us no one knows this we know the new year will be largely what we make it 9 the new year may not bring to us all material prosperity throughout the new year how gt ever we may all enjoy peace happiness and contentment and these are more to be desired than money we sincerely trust that the new year will bring to san francisco industrial peace the manager joinj with the editor of in wishing the officers and members of the state building trades council of california its affiliated councils and unions to our advertisers and to all the citizens of san francisco and california a happy new year ,0,0.758967451860443
november industrial expansionnovember industrial development in northern california and the bay region continued an upswing which promises to top 1945 figures according to a report released tuesday december 24 by the san francisco chamber of commerce among the new developments for the bay area for november are a la rocca amp sons san francisco have been granted cpa permit for a new quick freeze plant for sea foods the project will approximate $130 000 in investments and furnish up to 40 new jobs rath packing company san francisco will invest $390 000 in modernizing and expanding meat products packing plant giant mill amp lumber company san pablo contra costa county is establishing a new lumber mill and molding plant at a cost of approximately $200 000 the liqua zone company san jose santa clara county is completing plans for $250 000 additional soap factory building on company s five acre site poultry producers of central californa petaluma sonoma county have been granted cpa permit to construct new egg processing building to cost approximately $40 000 cameron amp company napa napa county plans erection of an additional factory building to cost approximately $400 000 the company manufactures men s apparel ,0,0.8344459368359943
great day for older editor tells what electricity did at country placefremont older noted editor is writing a series of lively articles in the san francisco call bulletn under the title living in the country he tells of acquiring a piece of farm land in the foothills of santa clara county years ago of putting in a well remodeling an old house and barn building a portable house and finally a modern home the first light was an oil lamp and then came electricity says older the and e consented to extend its line from the valley to the ranch if i would get the neighboring ranchers to grant a right of way for the poles i thought that would be easy of course they would all be delighted to have electricity brought up the gulch but i was wrong three agreed and one angrily refused i asked him why and his reply was a lantern is all i need and them poles will be hard to harrow around i pleaded with him pointing out that electrcity brought to his doorway would increase the value of his property that argument made an impression on him he consented to discuss it with the various members of his family a few days later he gave me a favorable answer the wire had to come a mile and a half up the gulch and the day it was all completed was a great occasion i made a holiday of it we had placed lights in the old farmhouse in the portable house and the barn finally the foreman announced i think everything is all right i ll motor down to the foot of the gulch and connect it up with a fuse with the switches on at the ranch we all stood around breathlessly waiting for the lights when they flashed on we all ah d joyously an outsider would have thought by our actions that none of us had ever seen an electric light before ,0,0.7621224323261149
san francisco employers councilactivities of the san hrancisco employers council for the first ten months of 1940 as reported to the board of governors of the council at the regular monthly meeting were summarized as follows for the first ten months of 1940 the council settled a total of 136 controversies amicably without losses to employers or employees completed a total of 84 collective labor agreements and handled in all a total of 106 negotiations involving 871 firms and 18 658 employees sponsored a total of 1 394 meetings with employers and labor representatives most of them held in the council offices as against the total of 136 controversies amicably settled through negotiation adjustment or arbitration during the first ten months of the vear there were only 13 strikes and five jurisdictional disputes and in only ix of this total of 18 disputes was the council concerned as the negotiating agent for the employers prior to the calling of the strike the total number of collective agreements negotiated by the council since it began operating february 20 19 39 plus those in process of negotiation on october 31 was 189 the total number of controversies amicably settled through negotiation adjustment or arbitration since february 20 1939 was 283 during the month of october twenty one controversies were settled amicably without losses to employers or employees only two strikes coastwise steam schooner and sontag drug stores were called during the month twelve collective labor agreements were negotiated and completed 1 11a lmon e roth president november 18 1940 ,0,0.7965311853252288
lumbermen offer wall framing printssets of blueprints detailing three forms of wall framing are available for distribution and may be obtained without charge by writing the west coast lumbermen s association 1410 morrison street portland 5 oregon the blueprints illustrate stud walls without bracing but with diagonal sheathing stud walls with let in bracing and horizontal sheathing and stud walls with cut in bracing and horizontal sheathing given on the blueprints are the relative stiffness and strength factors of the three types of construction as compared with a basic stud wall with horizontal sheathing and no bracing ,0,0.7965992341750674
can t change salaried men to hourly men nlrbwashington employers who take revenge on union minded workers by changing their pay basis from salaries to hourly wages will no longer be permitted to do so under a precedent order issued last week by the national labor relation board in the first such case to come before the ulrb the general motors corp was found guilty of antiunion discrimination and unfair labor practice when it changed employees pay basis after they had chosen a collective bargaining agent the ruling that the transfer from salary to hourly wage rates resulted in loss of a number of privileges including pensions group insurance separation pay pay for absent time vacation and holiday pay said the nlrb it is apparent that the transfer deprived employees of advantages of real and tangible value whether or not the employees should have been on a salaried or hourly basis and whether or not they should have retained the benefits of a salaried status were questions vitally affecting their conditions of employment ,0,0.7699946816725226
new general office building of the pacific gas and electric companythe new general office building which the pacific gas and electric company is preparing to erect at the southeast corner of market and beale streets in san francisco will be an outstanding addition to the lower market street business district rising to a height of seventeen stories it will be exceeded by only the hobart and the standard oil buildings the new building will stand on the west half of the block between beale and main street the other fifty vara lot on the main street corner being occupied by the new sixteen story building of the matson navigation company now under construction the two structures combined will present one of the most striking blocks in the city architecturally the design is a straightforward treatment of the problem in a simple dignified and monumental manner the notable features of the exterior are the first story arcade with its central entrance arch the plain and simple shaft and the interestingcolonnade at the top the windows are so grouped as to carry vertical lines from the base to the cornice these lines being accentuated by the colonnade and the broken cornice this treatment of the upper portion gives interesting shadows and a pleasing and graceful effect the monumental scale adopted is particularly in keeping with this simple and dignified scheme of treatment the first floor covers the entire site and is devoted to those departments having most frequent and intimate contact with the public and to an auditorium for general assembly purposes seating 500 people the main entrance lobby is handled as a distinct architectural feature giving ready access to the elevators the assembly hall and the departmental offices on either hand above the main story the floors are ell shaped forming a large well lighted court in the center opening upon a similar court iu the matson building to the east gonsideration has been given to possible expansion by provision for the future construction of two additional bays in the main shaft along beale street and an additional wing across one side of the court when necessary either or both of these expansions can readily be made without interrupting the occupants of the building the construction of the building will be class a in every particular steel concrete and brick being employed throughout except for the exterior which will be of terracotta with a granite base marble will be used extensively on the first floor and marble tile in the upstairs corridors for the upper stories the elevator lobbies have been designed to serve as entrance vestibules so that those having business on any floor can be promptly and effectively directed provision is made on the sixteenth floor for a general employes lunch room other employes activities are amply provided for in the way of a library rest rooms and conference rooms the elevator machinery tanks and other necessary mechanical equipment are placed in the attic story so that the roof will not be disfigured by pent houses and other unsightly structures the mechanical installation for the building will be extremely modern forced ventilation has been adopted for the lower stories to obviate noise and dust entering through open windows on the street fronts the telephones pneumatic tubes and other means of communication are being particularly studied with a view toward unifying the activities of the huge organization to be located in the building investigations are being made as to the adaptability of alternating current elevators in which remarkable field advance has been made in the past few years a battery of six high speed cages will be required for adequate service one of the more novel features of the design is the provision of a parking space for automobiles in the basement access to which is obtained by way of a ramp descending from beale street this structure will house the general offices of the company which are now scattered among five buildings in all parts of the city the entire 120 000 square feet of effective area being necessary for the purpose the san francisco district offices will doubtless be retained in their present location at 445 sutter street but all departments of a general nature operating throughout the system will be concentrated at the new site the architectural design is by bakev ell amp brown architects of this city who have associated with them snyder consulting structural engineer and hunter amp hudson consulting mechanical engineers the company is being represented in the arrangements through its department of engineering of which mr markwart is the vice president in charge no close estimates have yet been made as to the cost of the building partly because of possible alterations or additions in the way of interior construction it is understood how ever that the figure will be around $1 500 000 did it ever occur to you to ask yourself how much of the blame for labor unions being as backward as they are is traceable directly to yourselffall and winter shirts andunderwear d amp l union label worsted union suits for fall and winter 4 75 balbriggan union label shirts and drawers per garment 1 15 shirts wool shirts union made in san francisco in eagleson s own factory direct to you at factory prices $3 50 and 4 85 the union label on every one of these garments sacramento 1118 market street fresno san francisco los angeles suits of the finest quality and made to order=s4s to $65 best linings workmanship of the highest standard me donald co 791 market st at fourth california theatre bldg 2184 mission street at eighteenth street ty without good eyesight every human activity is handicapped when your eyes need the attention of an optical expert be sure you consult george mayerle the exclusive eyesight specialist twenty seven years in san francisco 960 market street between mason and taylor mayerle s eyewater a marvelous eye tonic for children or adults at druggists 55 cents by mail 70 cents the james h barry co the star press printers and publishers 1122 1124 mission street phones park 6380 6331 san francisco make this your slogan don t dance to scab music an injury to one is the concern of all ä union musicians ~ having i required we must help each other musicians union no 6 68 haight street san francisco phone park 84 iiiaiiiiiiiiiiiimiiiiiiiiiiic3iiiiiiiiiiiicaiiiiiiiiiiiihiiiiiiiiiiiicaiiiiiiiiiiiic3iiiiiiiiiiiic3iiiiiiiiiiiic3iiiiiiiiiiimiiiiiiiiiiiicaiiiiiiiiiiiic3iiiiiiiiiiimiiiiii li sell the best market at fourth iiiiiiaiiiiiiiiiiiiuiiiiiiiinimiiiiiiiiiiiieiiiiiiiiiiiiiuiiiiiiiiiiiirjiiiiiiiiiiiimiiiiiiiiiiirjiiiiiiiiiiiiaiiiiiiiiiiiihiiiimiiiiiitiiiiiiimiiiiuiiiiiiiiiiiiaiii on twenty second near mission the mercantile trust company of california has opened a banking service office for your convenience open on week days until five o clock and on saturday until eight o clock twenty second mission office temporary location 3188 twenty second street mercantiletrast company of california thk neighborhood bank lt john miti president savings union office market at grant avenue and o farrell resources more tfi an $100 000 000 hend office 464 california street m 353 eänfo amp s,0,0.8163419481464901
prohibition all talk about weakening the volstead act is buncombe thunders the almost forgotten voice of william jennings bryan this roar or thunder was heard at hannibal mo which would indicate that he is traveling for prohibition interests being heard from as he visits various places and showing up incidentally where primaries are the featuring state events however it is only the thunder of the stage for be it known that william jennings bryan is no mean oratorical performer no bolt has struck so far as any one of those who disagree with his theories of dryness which are peculiarly his own carried with intensity to his mind and giving him no rest and making performances a day and a night bill gossiping long ago caused rumors to spread that a change from nebraska to florida was not done because he tired of the water valley state where he owned a comfortable 10 acre place giving it away as he moved but florida attracted him in more than one way there was a splendid opportunity for instance presented to him to bring to bear special talents of which he is endowed and more so his veneration and love for prohibition which was the spark that lit the way to the state of the feast of flowers in whose service they were to be enlisted it could have been nothing short of the surveyor general j that was implied in the gift of prohibition florida was in bad repute as a dumping place for islanders dwelling 1 on the nearby archipelago whose cargoes of entire shiploads from common rum to the finest brands of champagne were rapidly becoming the talk of the day it needed a qualified person to report the many misdeeds to headquarters and help prohibition if help there was to shine in the brilliant work of a detective and to lay low lawlessness that infested our southeastern coast william jennings bryan was on the spot and whether rumors of his mission in florida were right or wrong there is plenty of circumstantial evidence to justify the presumption that his whereabouts in that section were in connection with special service which he had to fulfill as the program of his engagement he is found also to have put in an appearance at the fair city of new orleans the day after the loquacious dr baker caused an up roar all over the state for his rat hole assertions it is known that prohibition pays well and that it can support many in style out of the $100 000 000 that it costs the people it is not supposed that roy haynes could have thought of a comity of nations unlike that in the mind of the commissioner who had not his diplomatic training and whom he must have coached when approaching the state department to have the matter referred to fmgland from this it may be inferred that bryan was his advisor and collaborator at the time the request was made of the secretary of state attending results were not expected to be anything else than what they ultimately turned out to be this has not discouraged mr bryan whose comments at this time come from hannibal as the wandering minstrel in the cause of prohibition his presence may be looked for at any place calling in his advisory capacity if need be in all this there is undoubtedly a vivid picture of activity which has its own conclusions to draw from one has to go far back in history to fix the date of the first bugle blast for prohibition from william jennings bryan it gives him an authority in the premises which would be hard to dispute the country will judge him of his efforts which are like a two edged knife cutting both ways observers have only been able to come in contact with the side that serves all those things that ought to stay with the people such as prosperity and sane living which are potentially needed for a happy and normal life but the ribbons of sophisticated bunk ideals good to nobody and destructive in every essential which are cut off by the other side are a sea of waste and corruption and the forerunner of moral and social disintegration there is no gainsaying that the question of prohibition occupies the foremost place in the minds of the people who are directly interested in what concerns their personal welfare morally and pecuniarilly and having focused their undivided attention on this vital matter and being anxious to see it worked into homogeneous conditions this however can only be done by taking the matter in their own hands preparatory to the coming november election the house of representatives especially has a black eye with the people who know that its present compositon is hostile to the people s will treating it as not to be considered but trifled with as the result of mercenary conditions which are due to legislative corruption introduced into the body by wayne wheelerfn the face of this people all over the country have begun a rigid examination of the conditions of prohibition which were treated as negligible in past times but with an accumulation of facts none the best for the designation of dignity and honor considering the means by which they were brought on a change of mind has overcome most anybody for self investigation as the only reliable medium for sizing up the great deficiencies and heresies that are behind prohibition it was customary with people to give undue attention to reports put into circulation and which were absorbed in good faith by large numbers of high minded men and women who naturally became the victims of systematic beguilement disguise traveled fast under circumstances where implicit faith in truthfulness waived any kind of an examination adherents for prohibition coming in fast but to make them was not yet to keep them as the flowing tide is now changed to an ebbing tide simply because penetration was applied to the disguise appropriately the constitutional review remarks that all such people suffered themselves to be pulled along by an invisible hand on a path not knowing whither they were going this then was the secret of the affluence which prohibition boasted for a while a new order of things followed the work that was so cunningly devised for the probation of prohibition by the people along the whole length of prohibition imprints of vulgar trickery may be found always visible and never relenting but going onward with misleading temer i ity until it bore the seal of shame affixed to its scandalous actions into congress there to be legalized notwithstanding its showing of fraud and bribery americans take exception to any such lawmaking which speaks more of oriental conditions than of our own country puffed by fanaticism sterilized for passage by the amiable hands of congressmen whose motto is not to let the right hand know what the left is doing prohibition was shouted a welcome by methodist voices and all those who know a trick or two when it comes to polit j ical plundering where then is the chief de ouvre j of prohibition ushered in as the panacea for all human ills including lack of probity which is to be remedied by an unquenchable thirst for light wines and beer it is a marvel how some people can reason things j out for themselves doing mathemat ics without numbers and philosophiz j ing over saharas and deserts in far away africa and asia and having in mind to bring in sterility in remaking our continental map the hobby must be strong to see green hills and valleys disappearing and having sand dunes in their places as the harmonizing panorama of the dryness with which our drys are mentally afflicted is it possible to seek only stray thoughts and faulty human conception behind this wall of obscured mental faculty or are we now face to face with selfish pursuits coupled with licentious politics overriding all else for personal gain it matters little whether the resolu tion of representative tinkham calling on chairman volstead to resign his post on the judiciary committee or having his seat declared vacant in fourteen days was tabled and then 1 expunged the news became public j property by due publication of the i fact as well as the statement given out in connection therewith by mr tinkham his name is on the lips of the people who will hold him in high esteem for what he has done while representative mann of illinois and dyer of missouri who proposed tabling and expunging may lead now the 139 voters for their respective proposals in a ring around the rosy las they still retain volstead on the judiciary committee volstead s name flushes the people of this country with anger as it brings to their minds the corruption that exists in the ranks of these representatives they having bowed down to douceurs in exchange for their votes holding the key in our hand as we look over in detail the characteristics of men whose sophistry has centered on prohibition it is found to be a stag which makes good booty for the gentlemen hunters that sit in congress their politics are on the wane though with the people j who detest anything which is spurious and even commonplace political trickery the shystering methods of wayne wheeler have reached astage with the people who with bat in hand will hurl them back into his own camp where they have a cherished environment but they find no attention outside their own confines it is out of place for wayne wheeler to bray of what the house thinks of mr tinkham s charges adding on his own account that they were false flimsy and foolish as it is evident that he tries to squirm out of the accusation of being a legislative corruptionist as best he can but the people see in him the picture of a whipped man notwithstanding the action of the house to the contrary the two democratic senators of new york mr cullen and mr carew who sustained mr tinkham by their votes deserve mention also for their disapproval of congressional 5 machination the time will come when the improper legislative conduct 1 of andrew j volstead will no longer be whitewashed by a protective association dealing in bribes people are not inclined to look up to him as a savior of humanity or to show mercy to wayne wheeler his league and his purveyors of funds for the use of widespread corruption cadaverous prohibition is to be buried never to be exhumed again and all places will be disinfected to dispel the re maining stink it has left behind immorality was its mainstay foolery its income and hypocrisy its laugh once more free of shackles people may again walk the streets without being shadowed as lawbreakers of the volstead act by federal detec 1 fives whose noses have grown red since they have been in the service the moral code of prohibition was an abomination of doctrinal rubbish of an extinct school whose absurdities infected the human race and opening the door of the death chamber for its offerings of sobriety which is demonstrated by the many poisonous cases not to speak of the killing free to all who wanted to take part in the man hunt the enormous expenses which prohibition foisted upon the country are giving an idea of the instinctive perfections existing in the ranks of prohibitionists with an eye to loot soft snaps i to make easy money and still wear j ing on the breast the medal for dis tinguished services a stumbling block to the whole country prohibition took it upon itself to arrest commercial and industrial development and the nation s vitality has stopped short for enteri prise it taught piracy in a free school or reprisals and confiscation which were elaborately advertised for cleverness when they really signal ized stupidity the flushing of gut ters with liquor that would have stood the test of quality was nothing short of vandalism it had perhaps the purpose to carry the idea that this was the way all seizures were to be disposed of but under such false covering the truth could hardly re main hidden chaos and disruption everywhere as the result of prohibition which may justly be called the interregnum of freebootery deliver us from the evil should be the prayer of every honest person as the choral of prohibition sings its own praises how long the sad memory of prohibition may linger with us may depend on the readjusting period in effacing its sordidness and the hallucination it created it may take a long time for people to get their former composure again and heal up the wounds recklessly caused as the country was swept by fanaticism blunder and plunder were alternating as the standard bearers of prohibition ruled with a high hand in and out of office the devil choose to despoil the country while in a trance and unable to shake off the political grafters and those in office who acquire perquisites dishonestly the golden calf attracts more worshippers than the church of christ in this land of puritanism of ours where anticipation of fear for evil is greater and more repugnant to us than walking in the polluted footsteps of downright scalawags if knavery and furbishing can save souls the salvage on this continent must be great hut if unsaved as the devotees of knavery and furbishing there will be little seen of this salvage and this nation will make a poor showing at the reward of nations here the quotation of prudhomme fits correctly as it says monarchies are destroyed by poverty and republics by wealth when money is the highest ambition men have and they are contracting the habit of measuring all things with the yardstick invented by wealth there is danger to the morals and characters of men to whom it must point out the road into which it leads the world and its doings go constantly over the same ground but strange enough warnings which are derived from history are never consulted and much less heeded can it be that we are so satiated with our own wisdom that we need no instruction deducted from world happenings where it is made plain that man only proposes while god disposes that fanaticism is stone blind all men know and for the very reason that this fanaticism is so deeply settled upon prohibition it can only inspire with misgivings which are the augur by which it may be judged without as much as going into a lengthy analysis of facts which condemn it as the outcrop of fallacious thinking whose tail wiggles in the slums of political corruption m all the theories that prohibition has set up as the safe conduct to its docile disciples who must have somebody to think for them are unwindings of rank sophistry and quickly grabbed by grasping hands to turn them to profit for themselves glorifying prohibition for having bootleggers its most ardent voters on primary days and klu kluxers for its staunchest advocates they are both anxious to bask themselves in the sunshine of prohibition which commands a strong treasury filled with the shekels of the people who are made to pay for the revelry notwithstanding the fact that this fun 1 making strikes most of the taxpayers more like babooning than acts of men of sense the beautiful words of prohibition are worn out from their uses there being nothing shown of their regenerating sounds the healing power of human defects is not shown by prohibition because their belief in a faith of power to displace mount j ains is not genuine not being en j dowed of supernatural forces prohibi j tion goes over its own course in the very manner of defunct morality for which it shows a shiny nose to the users of alcoholic beverages it is a tossup where we may find the greater wickedness on the side of prohibition or on the side of the drunkard the great remedy for drunkenness was by no means discovered when the anti saloon league hit on prohibition and this is why the remedy will not work abolishing the good use of such beverages as the corrective for abuses of them i was extremely foolish and showed how little sense was applied in reaching the decision there is nothing that cannot be overdone and in many cases overindulgences prove even more disastrous j than drinking abuses drunkennessmay easily be handled from the mo ment drunkards are severely punished and when this is adopted it will save the country enormous losses and expenditures which the people consider a sinful waste the hulla j baloo of prohibition is not only in 1 sincere but wicked to the core the ideal of the anti saloon league which was a monumental blunder had for i its object to give to the united states new man who may he j debased in any other respect but incinerate he must the pages of mythology hearing the name of bacchus whose memory as the god of wine is most offending to the exultant members of the anti saloon league with this exultation prohibition moved along and while short on su 1 pernatural forces for the accomplishment of what it had in mind a goal not to he entertained as attainable it hoped to make up in devious ways to bring it out of its swaddling clothes j to power a federal law was then conceived hut this presented another difficulty for it was realized that pro hibition had to cross the bar at high tide if crossing at all the emergency man was at hand for the occasionand resourceful in diablerie wayne wheeler set out for a good sized corruption fund for which the antisaloon league became an expert flutist and money cante pouring in from places where it is stacked up in iteaps for use for all purposes from endowments to bribe instigation there are some inconsistencies in these purposes but feeling souls of the money tribe consider only what money will do and not what it should do it is a good illustration in irreconcilable matter of this kind that the spirit in one is the spirit of the other this is to be seen in the patronage of which the anti saloon league is favored the success in gathering in the lucre paved the way for other successes the leader flutist showed consummate skill in distributive ability of so much money that was to flow into the channels of friendliness within a short time congress showed its effect by a remarkable friendliness to a group of men whose indissoluble attachment to the cause of prohibition became the byword in and out of the congressional hall the channels were flushed of this friendship nothing to mar it now as there were ties and bands that could not be broken the band mostly composed of methodists will keep up the melody they were instructed to chant and due to whose endeavors prohibition was lifted into the saddle when the proposal was up in congress comic and burlesque as it all is having among the lawmakers men who are a bund for themselves and notwithstanding that they are sitting in congress to render service to the country at large and paid for them out of the national treasury they are swapping favors for favors accepting a second remuneration which annuls the first one the consequences of such performances can only be viewed with the greatest anxiety as the fruit of polluted politics which can end only in national decadence and disaster the money end which speaks so volubly nowadays for the grinding out of laws is the most dangerous of all dangerous appearances in law making the upheaval which prohibition is causing and which points to dynamic force in its development towards obliterating the volstead act which was installed by money power whose flirting with fanaticism made it the more odius is a timely warning to hold the horses that threaten to run away the people must get a firm grip on all matters pertaining to law state and national and not allow despicable sects such as the anti saloon league to interpose between them and the law with the patronizing air to furnish to the people laws they need but what right and qualifications have they to project themselves in this manner being only usurpation on their part for the introduction of their infantile notions which are seen now as the gusher of great evils and nothing is spared from this flaw of unhealthy conditions closed up by infatuation the race for prohibition is made blindfolded by the anti saloon league whose dryness has become the proverbial stupidity and the bad penny always turning up to discomfit there is not a man in the united states who can swear to the fact that prohibition has improved the moral conditions of the country turni ing people away from drinking and making for better living conditions greater congeniality among people or 1 more anxiety to be law abiding as such a man would have to be adjudged half witted or sent to the penitentiary for wittingly taking a false oath no more may we look for a sane man who is willing to stake his honor that the anti saloon league can rule this country or who will admit that it has a sane proposition to offer in prohibition though embellished by the cloak of virtue people who deviate from their own course and station as is the case with the anti saloon league can have no expectations for sympathy but bring condemnation upon themselves and wanting authority and recognition on the other hand their bribe practices are not honorable for which they must be turned down by every conscientious man or woman voter and at any rate they can only be of short fruition as retributive justice will in the end upset the plans of corruption it is only a snare for the antisaloon league to say that it can renovate the human race by the route of prohibition as not only there can be no renovation but it will cause decided backsliding in vigor morals and happiness of men and it is upon this stage have already partially entered which fact nobody capable of observation will deny it must be clear then to anybodv that such pretentions as formulated by the antisaloon league cannot be accepted as genuine forebodings but are its dissimulation and train of chimera and dreams out of which it has spun and woven a social supremacy which will be smashed by the people as intolerably ostentatious and based on heretical trash the potent fact that prohibition is not to he decided by a sect and its bribe money which makes it the i more questionable for its morality and unfitting it as a social leader hut by the people themselves as the great mass of law abiding citizens stern in its purpose to condemn drinking abuses and heresies alike as below the standard of the country whose traditions and mission they are upholding must appeal to every man and woman prejudice has gone far enough and it has become a matter of the greatest importance to everybody to use the best moral influence to combat the aims that are to deliver the people into the hands of i erratic sectarians whose misrule would lead the country into civil war besides economic destruction a fantastic prohibition which cannot inhibit drinking but increases it with a plan to change the nature of 1 man is as lunatic as it is blasphemous in as much as creation has given temptation to man to overcome it which he will as he leads a christian life whereby and wherein is it then i of use except making the united states treasury the milk cow being i milked by all sorts of unscrupuloushands and this sticking is done by our great idealists who believe their ideals are worth the money they are getting and politicians whose reason for suction is too well known to mention if this sort of condition is not changed in november next people have every reason to fear that the worst is yet to come and this country can no longer live as a homogeneous body but there will be fissures and cracks shown as the result of negligence to duties which all men and women must impose upon themselves for the welfare of the country the latin poet marcus valerius martialis who flourished 83 ,0,0.6811369729708043
president kirby s annual reportpresident james kirby of the building trades department of the of l submitted the following report to the third annual convention of the department in session at st louis to the delegates assembled greeting in submitting to the delegates of this convention and to the building trades men in general this report covering the year since our last convention 1 do so with a feeling of gratification and 1 consider that in the year passed the greatest progress in the history of the labor movement toward establishing solidarity among the building trades has been made we have done much profiting by our experience of the past much will be done in the future that will have for its guidance the events of the past year many localities that one year ago were divided into factions are now working together in harmony while it is true there are localities where local differences exist where we have failed to settle local disputes owing to conditions and surroundings which rendered adjustment almost impossible the past experience of every delegate here will verify that time and sine alone can heal some of the bitter personal feelings that grow up in different localities and in a majority of cases this condition of affairs arises not from any difference involving the labor movement but more often than otherwise from subjects entirely foreign to the objects involving our organization ft is not to be expected that this department could please all or settle all disputes in favor of all parties i stated in my report to the tampa convention that while it is too much to expect feelings that have existed for many years could be eradicated in so short a time in looking ahead we are often inclined to expect unreasonable things to be accomplished but in looking backward observing the obstacles overcome we are sometimes surprised that we have been able to surmount the many difficulties past i look backward with a regret at our failures and view the future with an abiding faith in the ability of the building trades men to still improve their conditions by mutual assistance to each other and as the department continues to grow as its influence increases its prestige it will demonstrate more clearly the advantages to be derived from a strict compliance with its laws if every international organization could be brought to the same degree of discipline in the department that they maintain over their local unions the power of this organization would be invincible everyone of us however is endowed with a certain amount of craft selfishness and a degree of suspicion against anything that savors of antagonism to our own particular craft and until such time as we shall all have acquired a more liberal disposition and an inclination to trust our fellow trade unionists to a greater extent than in the past we shall not have reached that state where organizations like this department will do the most good as president of the building trades department i have at all times endeavored to enforce decisions and laws regardless of whom they might affect i have no apologies to make to anyone along this score i have tried at all times to forget that 1 was a member of any particular craft and i assure you this has been no easy task upon my part for i must confess that there is no man in the labor movement be lie a labor official or otherwise who takes more pride or greater interest in the craft of u hich he is a member than myself nevertheless no one can justly criticise he president of this department for failing to apply the law as directed and if given the power to enforce the laws of the department i assure you that would have been done but the only way this department can discipline local unions is through the international to which the local belongs and this sometimes is harder to do than some of my hearers may imagine postponement of the convention since the tampa convention many international organizations through their executive officers expressed their desire that the convention of the department be held immdiately before or after that of the american federation of labor instead of the second monday in october in accordance with the constitution several communications were received and the matter was laid before the executive council of the department held at atlantic city in june it was decided by the executive council to take the matter up with the affiliated internationals and secretary spencer was directed to communicate with the general officers of each organization grid ascertain their position in regard to postponing the convention the following organizations signified their willingness to postpone the convention of the department un til november 28 amalgamated brotherhood of carpenters and joiners united brotherhood of carpenters and joiners brotherhood of painters decorators and paper hangers international association of granite cutters international association of bridge and structural iron workers international association of tile layers and helpers operative plasterers international association international association of marble workers united association journeymen plumbers gas fitters steam fitters and steam fitters helpers international brotherhood of electrical workers international union of hod carriers and building laborers journeymen stone cutters association international union of elevator constructors the following unions according to their statements expressed no objections and therefore were favorably inclined to the postponement international union of steam engineers international brotherhood of composition roofers international association of steam and hot water fitters and helpers the brotherhood of cement workers replied that the matter had been laid before the executive board but no action had been taken on the question the wood wire and metal lathers international union notified the department of its opposition to postponement therefore in view of the fact that thirteen international unions voted in favor of postponement three voted against interposing objections one took no action and one voted against making a total in all of eighteen votes in favor of postponing the convention and but one opposed i therefore decided that the wishes of the internationals were so unanimously in favor of the postponement that i directed secretary spencer to notify all of the international organizations that the st louis convention of the building trades department would be held on november 28 1910 instead of the second monday in october laws i wish to call the attention of the delegates assembled to the necessity of compiling carefully the laws that are to govern this body for the ensuing year many matters of seemingly trivial importance are taken advantage of by different parties and cause us considerable trouble we have witnessed in the past delegates seated in our convention who are delegates to and officers of local building organizations not in accord with this department it is scarcely within the province of this convention to dictate who international unions shall elect to represent them but i believe in the interest of all this department should not permit any delei gate to be seated who is a delegate to or an officer of any building trades council not strictly in accord with this department a delegate may be a member of a local organization not affiliated with the department throughno fault of his and it would be working a hardship upon the individual and an unjust one too to say that the delegate must come from organizations affiliated with local building trades council for the delegate cannot be held responsible for his local unions but he can be held responsible for his individual actions and if he persists in using his influence and efforts along antagonistic lines he should not be allowed a seat in the department i section 8 reads as follows no organization shall be entitled to representation unless such organization is in good standing in the american federation of labor or shall have applied for and received a certificate of affiliation at least three months prior to a convention of this department and no person shall be recognized as a delegate whose national or international organization is not affiliated with this department the word or in the fifth line should be changed to and and the words building trades department should be inserted after the word affiliation this would then read as i believe it was intended to that no organization shall be entitled to representation unless such organization is in good standing in the american federation of labor and shall have applied for and received a certificate of affiliation in the building trades department etc etc section 40 reads where district councils or central bodies in any organization exist the representation to the local council shall come through that district council or central body as the case may be and all business between the councils and their affiliated organizations shall be done through the district councils of the different organizations where such exist in my opinion this section was intended by the framers of our constitution to provide that where several local unions of any international exist they should form a district council or central body if they did not have one this section has been the cause of many disputes between local councils j and the office of this department the section says where district coun i cils or central bodies exist they interpret that tc mean that it is not necessary to form one if one is not already there and claim representation from each of their various local unions as per section 36 i think the delegates of this convention will readily see the injustice of this for as an illustration the brotherhood of carpenters and the amalgamated carpenters might have several local unions one of millwrights one of stair builders one of f ramers and one of ship carpenters this would 1 give them a great many more delegates than they were entitled to were representation to come through the district council also believe that the word organization in the second line should be changed to crafts section 41 reads each local council shall establish an executive board composed of the president and secretary and one delegate from each affiliated organization this section is silent as to whether the president and secretary shall be allowed a vote in the executive council or otherwise t will say however that i have ruled that the president and secretary are only to exercise their functions as chairman and secretary and have no right to vote tf my interpretation is agreeable to the convention the sec j tion should be rearranged or if it is the desire to permit the president ant secretary to vote it should so state local affiliation considerable trouble is experienced in different localities in securing the affiliation with the local building trades councils of the local unions of the different internationals connected with the department representatives of the international are often prone to criticise other organizations for not 1 compelling their unions to comply with the general law i wish to say however that in this there is very little room for criticism upon the part of any one for with the exception of one or two or the smaller organizations there is not an international but what some of their local unions are delinquent in this respect and while some have more unions out of the building trades councils than others the fact remains when it is figured down to a percentage basis it will be found that those who are most critical are most often open to criticism themselves the tampa convention asked all international organizations to pass laws compelling their locals to affiliate some of the international organizations have done this others have made the effort and failed but taking a broad view of the subject and my observations of conditions in the building trades in the last five years leads me to believe that compulsory affiliation is well enough to talk about but if put into effect might be the means of causing more trouble than it would adjust the labor movement has no police or military powers and let us hope they never will have to enforce its decisions so therefore its work must be done in a broader and more liberal manner that of education and persistent teaching of the benefits to be secured by following closely to the teachings of consistent unionism i have in mind at this moment an instance where an organization affiliated with the local building trades organization through the instigation of their general office and against their will locally before this was done the council in that city did more or less effective work since their affiliation the antagonistic disposition in that council has rendered it absolutely useless to such an extent that in six months time they had no council i only cite this as one illustration many localities since the tampa convention have asked permission to admit organizations not in accord with the department citing other localities where the same organizations are affiliated these requests have always been denied and while aware of the fact that in some councils organizations are associated they are not affiliated in any place where an official protest has been made by any party whatever who is associated with this building trades department if in some locality an organization has obtained membership prior to the tampa convention and the matter was never brought to the attention of the department officials it is very evident that no one objected to their affiliation and where such conditions exist little good can be accomplished by disturbing them i again desire to call the attention of this convention to the fact of an unjust condition imposed upon a majority of the membership affiliated with the local building trades councils by the minority i have reference to the system of adopting local by laws while personally not in accord with the present system of representation either national or local i am not dealing with that subject at this time what i have in mind is purely of a local character and i wish to say that the sooner the laws of this department are changed so as to give local building trades councils the right to the referendum vote of the local laws the sooner we will establish staple conditions in the local building trades unions throughout the country it is all well enough for us to say that one organization should have as much to say as the other i believe the representation in the local building trades council so far as delegates are concerned is just i am also of the opinion that enforcement of the laws of the local councils can safely be left to the present system of representation but i reiterate more emphatically than i did at tampa if possible the necessity of all laws that the local organizations are required to comply with be first submitted to their entire membership for their adoption or rejection many of our critics have pointed to the state building trades council of california as being the model trades organization of the world and i want to inform those same parties that what makes it the power that it is is their system of representation and taxation and in my opinion they never would have reached their present stage of efficiency along any other course than that which they have adopted and they have demonstrated by their pastdecisions very plainly that the larger organizations of which so much fear has been expressed have at no time taken advantage of the smaller but quite to the contrary certain jurisdictions have been conceded to some of the smaller organizations that in other localities have been denied them another prominent evidence of the benefits and the good results from the system advocated here is the fact that two organizations of carpenters exist in the city of san francisco and the best of feeling is maintained between them i know of one or two instances where local councils have adopted the system and have never heard a complaint emanating from there in regard to any organization refusing to affiliate working cards at the tampa convention we had up to that time issued about 125 000 building trades council cards and there were several cities which printed their own cards i at that time urged that some steps be taken to establish a universal working card system during the last quarter we issued about the same number of cards from the office as we did a year ago and there were issued by cities using cuts furnished by the department about as many more making all told about 250 000 men carrying a building trades department card this is a fair showing but i wish to again urge the necessity of some system whereby every building trades council man will be carrying a card in some respects similar to his fellow craftsmen in other cities this can be arranged at no great cost whatever all that is necessary is that all secretaries order their cards through the building trades department general office or from the factory where they are made in either case it will be immaterial so long as the cards are of a uniform size and color secretary spencer has by great labor worked out a design and made arrangements whereby cards can be secured from one factory and manufactured in a design that cannot be duplicated if this is done the different cities and state building trades councils will be in a position to order their cards direct and can then distribute them to their affiliated local building trades councils or local unions as the case may be the reason that i urged this is that it gives us an opportunity to keep in touch with the growth and loss of our membership if a city orders 1 000 cards one quarter a hundred more the next quarter or a hundred less we know exactly what they are doing it is difficult for one not connected with the office of the department to realize how hard it is to secure reports from the secretaries of the various councils but by adopting the working card system of universal size and design the demand for working cards will always be an evidence of their progress or otherwise the cards can be furnished absolutely blank on both sides if desired and the building trades councils state or local may then print anything they desire upon them and any council which has been suspended for any cause whatever will be deprived of using this card and when once an individual sees that his card is not the same as the building trades man of other cities he immediately begins to ask the reason why and this has in the past and will in the future materially strengthen the discipline of the department over its local building trades councils and the d scip ine of the local building trades councils over its affiliated local unions there has been no one thing in the past which has tended to strengthen the department so much as the universal working card and the more it is used the stronger our organization will grow i know of several instances where organizations have withdrawn from the building trades council and when the membership observed that the cards furnished them were different from those of other crafts they immediately insisted on reaffiliation and this plan if followed out for one year will prove of such a benefit that it will never be discontinued i trust the law committee will give this matter their undivided attention for anything that will tend to bind our members closer together will at the same time promote the welfare of the affiliated ioternationals as well state building trades council we have as we had at the time of the tampa convention two state building trades councils and both are continuing to do good work and add to the prestige of the building trades in their respective states the state building trades council of california needs no comment i believe regarding its condition and ability to deal with local matters the state building trades council of california was created before the department and made its laws governing its conditions as they applied at that time therefore when the department was organized at washington and made laws for the entire jurisdiction very naturally there was considerable difference however i wish to say that all of the tendency of the abovenamed organizations since that has been in harmony with the department and they are gradually amending their laws and changing their conditions to conform with our laws to have asked them to take immediate action and upset the thoroughly organized conditions they had created would have been unwise it has frequently been pointed out to me that organizations are affiliated in san francisco and elsewhere that are not permitted by the department i wish to say to this that whatever organizations are affiliated now with the building trades council of california were so affiliated before the department was created and i might add that there have been applications for affiliation refused for the reason that they were not in accord with this organization t the new jersey building trades council has always acted in strict accordance with our laws and is doing a great work not only in organizing building trades men but in promoting laws in the interest of as well while we have not encouraged the formation of state building trades councils as there are few states where the conditions are the same as in the two above mentioned yet i cannot help but express my opinion that the formation of state building trades councils for building trades purposes would be a great benefit to the movement i do not think however that where a small number of councils exist in a state much good can be accomplished through their forming a state council plasterers vs bricklayers probably no international organization has ever been placed in the same position as that of the operative plasterers are at the present time it seems in many localities the bricklayers have been doing plastering some years ago on account of trouble in new york an agreement was entered into between the operative plasterers and bricklayers providing for exchange of cards this agreement the operative bricklayers have endeavored to abrogate and i am compelled to say owing to the attitude of some of the local unions of our affiliated organizations it has been very difficult for them to accomplish the plasterers are only asking for that which has been granted them by this department and over which there is no jurisdictional dispute the bricklayers have amended their title and they are now known as the bricklayers masons and plasterers international union the plasterers are very well able to cope with the situation and have never asked for assistance other than not to take action against them in some locals sympathetic action has been taken in behalf of the plasterers but where such assistance has been given the trades have done the same on their own volition t wish to call the attention of this convention to the fact that if the international officers are not in position to assist the plasterers to secure the work which they are entitled and to which there is no question over their continued on page 4 ,0,0.8044242808597576
disposal of california canned peaches credited to appeal to laborappreciation for the response of labor to an appeal for assistance in disposing of a large surplus of california union canned peaches was voiced by edward d vandeleur secretary of the california state federation of labor the response to our appeal made in the interest of more than 60 000 of l cannery workers and other crafts directly or indirectly affected by our great canning industry proves the willingness of members of to help their brothers and sisters and labor s power vandeleur said to date we have received responses from numerous national and international unions covering the entire united states pledging their aid and direct from state city central bodies of locals in twenty five of the forty eight states in behalf of the workers involved in the industry we extend thanks to all members of labor for any assistance they have given or can give in this worthy cause we still need all the help we can get however he added vandeleur said that numerous groups had shown their interest by writing for a list of union packed brands of california peaches in response to such requests we have said that is was virtually impossible to provide a list of brands vandeleur said there are close to 100 canneries covered by our agreements many of them pack a score or more of brands for some wholesale grocery firms in all parts of the country as well as some nationally advertised brands the list would therefore be too cumbersome therefore it can be said that trade unionists are practically assured of buying union canned peaches if they buy the california product and we belive we have more thorough organization in this industry than any other peach area ,0,0.7214623383759113
of ancient egypt interesting relics coming to the united statesdespite handicaps caused by the war the pennsylvania university museum has acquired many relics unearthed at memphis by its egyptian expedition a vessel will be chartered to transport the relics the expedition started on its trip in march 1915 and continued explorations until last june when the shortage of labor and the high prices of materials due to the war caused a cessation in the work a representative of the roumanian government had obtained the concession of the whole site but the war intervened and the egyptian expedition offered the university party the choice of any portion an area near the colossi of rameses ii was selected because of the discoveries made in that region by an inspector of antiquities for lower egypt he had revealed what was apparently the room of a pharaoh s palace excavations by the party from the university museum proved the building to be the royal residence of menenptah who ruled from 1225 to 1215 the explorers found three layers of earth representing the ancient location of as many civilizations a large roman city had occupied the site of the topmost layer underneath which were large masses of masonry belonging to the period estimated to have been 332 30 and the lowest layer revealed ruins of the palace of menenptah at a total distance of from sixteen to eighteen feet below the surface level the palace which had been unharmed by the natives apparently had been a magnificent structure l imestone was the material used for the columns and framings while the otrter walls were of sun dried brick the eastern wing of the palace which was the first to be excavated contained magnificently decorated apartments where the pharaoh and his wife or wives spent their time the section of the palace that pleased the explorers most was the throne room six columns supported its roof the best preserved having a base of limestone with a horizontal band of inscription laid in pale greenish blue faience the lower part of the column had a row of sepals in relief springing from a broad band of gold between the tips of the sepals were large lotus flowers inlaid in faience panels showing a procession of nile gods bearing vases of water to the pharaoh and gilded relief figures of menenptah were promi nent features of a massive doorway that wtrs unearthed elaborate colored stucco pavements walls and small papyrus columns red yellow and blue being the colors of the principal patterns formed some of the striking interior relief features of the royal residence ,0,0.7689738278812845
intrepid salesmanit appears that in these hectic days people are getting more hysterical than historical consider this a reporter for the daily capital times of madison vvis last fourth of july sallied forth with a petition consisting exclusively of excerpts from the declaration of independence and bill of rights of 112 persons he asked to sign it 111 refixed and 20 of them asked the reporter if he was a communist 1 said one you can t get me to sign that trying to get loyalty clearance for a government job a woman who was waiting for the fireworks display to get going after reading the text of the petition told him this may he the russian declaration of independence but you can t tell me that it s ours a elderly man told the reporter i see you are using an old commie trick putting god s name on a radical petition only one man of the 112 an insurance salesman named wentworth a miller was willing on jfndependenco day to endorse the american declaration of independence with his signature ,0,0.8002810914877656
strike ends at northwest airlinesminneapolis striking northwest airlines employees overwhelmingly approved a proposed contract that includes a 25 percent wage increase ending a 26 day walkout by 3600 mechanics baggage handlers and kitchen workers a spokesman for the international association of machinists which represents the striking workers said the vote was 2867 to 231 in favor of the contract northwest officials said some of the striking workers will return while the majority of the employees should be back to work by the weekend most flight service should be restored and all service should be back to normal by the middle of next week northwest officials said union leaders had recommended approval of the contract after northwest dropped the controversial provision that had allowed the company to hire part time workers and sweetened the deal by raising the wage hike by 1 percent from the earlier offer ,0,0.8493364445418914
fraudcertain individuals are endeavoring to collect fees from farmers and business concerns by falsely claiming to have access to inside information regarding available surplus goods the better business bureau of san francisco warned today the bureau has been advised by the treasury department that no individual has access to inside information concerning available surplus goods information regarding surplus commodities may be obtained without charge by contacting the regional office procurement division treasury department 30 van ness avenue san francisco 2 the bureau stated ,0,0.7221235853581267
the value of responsibility by barbara b huntingit seems a strange fact that one s neighbor s children are always wretchedly brought up we could suggest innumerable means and methods of improving upon the small fry across the way while even at the moment our own youngsters run shamelessly wild and are subject to much the same criticism from that neighbor herself but it is not in that spirit of criticism i make a suggestion rather in a hope that it may be of help to some mother who has a child or two with the attending problems to foster a feeling of responsibility in a child is one of the most important steps in starting him along the right road it will work wonders with him if he has his own little tasks duties about the house for which he alone is responsible the boy who keeps the grass trimmed along the walks after the lawn has been mowed who empties the ashes from the kitchen range each day sweeps the snow from the walks in winter picks up his clothes each morning and leaves his bedroom in order that boy is beginning well when he knows that his family depend upon him for the evening paper and the mail the responsibility thus imposed will strengthen the will to do it may be far easier for a mother to do a thing herself than to succeed in getting the boy to do it but in the end the effort will be found well worth the while and one which a thoughtful mother should feel it a duty to make the little girl who shares the task of dishwashing with her mother and whose duty it is to dust the living room before going to school in the morning that little girl is developing not only her abilities as a young housekeeper but those characteristics of unselfishness and service that are most essential in us all the question arises as to when we can begin to impose these little duties for surely a three year old cannot be expected to shovel snow no indeed but a child may be trained at a surprisingly early age to perform duties that lead as he grows older to larger things visit any kindergarten and children may be found doing things of which their own mothers never suspected them capable it is altogether too common a fault that mothers underestimate their children s capabilities many times mothers have come to our kindergarten and said why i had no idea johnny could do such a thing he never has at home for example children in kindergarten will put on their leggings coats overshoes and mittens without a murmur while at home they never even attempt to do this a two year old child may he taught to put away his toys take care of his coat and cap and run little errands about the house for his mother he cannot he trained too soon to wait upon himself don t make the common mistake of being a slave to your children teach them self reliance give them some responsibility you will be more than rewarded for your effort when they attain young manhood and womanhood ,0,0.8296016677057484
farm subsidies article in congressional recordon page 4626 of the congressional record dated may 20 1970 appeal s an article reprinted from the april 27 issue of san francisco congressman phillip burton requested on the floor of the house of representatives that the article on farm subsidies be included in the record here ia burton s introduction to the article ,0,0.7557257211994358
the world s childrena campaign against street selling in memphis by children under 14 has been carried on with considerable success through schools and welfare agencies appeals to the newsboys club and the circulation managers of newspapers confiscation of papers furnished by older news dealers to young children and assistance to families needing the earnings of the children newsboys are not protected by the tennessee child labor law because they were considered to be in business for themselves and not employed however the memphis juvenile court has been dealing with the problem under the authority of the juvenile court law which places dependent children under the jurisdiction of the court and classifies street sellers and entertainers as dependent children as a result of the campaign the probation officer reports less truancy less running away from home and staying out nights a decrease in shoplifting by small boys and a greater use of playgrounds by children who formerly practically lived on the streets who are the victims of pellagra children 2 to 15 years of age whose families have too small incomes to give them enough of the right kind of food these are the favorite victims of pellagra says the report of the public health service on the findings of the recent study of endemic pellagra in certain mill villages of south carolina sanitary conditions did not seem to have any consistent influence on the prevalence of the disease but its fluctuations from year to year appear to have been bound up with fluctuations in economic conditionsinstitutional care versus mothers aid a considerable decline in the number of children in new york state institutions front 1915 to 1925 is reported by the new ork state board of charities although during the same period there was a steady increase in the total number of dependent children under care this was attributed to the growth of mothers pensions and the use of boarding homes the state board also reports that the average cost of public care for children in institutions in 1925 was $386 per child or about twice as much as the cost per child under mothers aid does education pay education pays not only in a richer life but in money returns an investigation of the earnings of nearly s xx people in all parts of the united states showed that the average incomes of the more highly educated were greater at each stage of life and that advance in income came to an end earlier for the less educated groups 50 years of age for those with common school education and at 55 for those with high school training while it did not come to an end for college trained men until the early 60 s the training of visiting teachers to develop a body of trained visiting teachers a nine months course including field work under the supervision of an experienced visiting teacher is being offered by the national committee on visiting teachers in cooperation with the new york school of social work and the graduate school of social service administration of the university of chicago a consultant service free to school superintendents and boards of education and certain scholarships for teachers wishing training as visiting teachers are being offered bv the national committee on isiting teachers of new york city ,0,0.8523240266342675
caution necessary in labor bankswashington an admonition for conservatism in connection with labor banks is contained in the annual report of the executive council of the american federation of lal gt or for several years we have called atteiftion to labor banking as a development of the labor movement to be most carefully watched and safeguarded warned the council a bank is one of the most sensitive of economic agencies unions engaging in banking enterprises should assure themselves by every precaution possible of the competency and dependability of their technical advisors they should avail themselves of all the supervision and counsel obtainable through state banking authorities and the federal reserve system such precautions meet with corresponding reward in public confidence and the safety of the bank itself a number of labor banks are developing sound and wise policies and are a credit to our labor movement labor banking however is as yet in the experimental stage and should be accordingly safeguarded and we urge greatest caution upon all those connected with them our action is based upon our realization of the close connection between these banks and the labor movement ,0,0.641434174208629
nervy politiciansphoenix ariz the local chamber of commerce has declared for the anti union shop and organized workers are protesting the action of the city commission in appropriating several thousand dollars to the chamber the arizona labor journal makes the point that the business men can declare for the anti union shop as they choose but trade unionists object to being taxed for this propaganda ,0,0.6747256394565894
reardon circularizes california unions regarding workmen s compensation lawseptember 8 1937 to the officers and members california labor unions greetings this letter is sent to express appreciation to the officers and members of the california labor unions and labor papers of california whose cooperation extended to the department of industrial relations and its divisions has very materially added to the unparalleled results accruing to the working men and women of this state through the laws rules and regulations coming under our jurisdiction during my term of office there bus been n tremendous incm i gt e both in the number of working people brought under the protestion of the workmen s compensation law and the total receipts for premiums being paid bv industry for the protection of the workets however and in spite of the enequalled progress made along these lines the following report from the statistical department of the industrial accident commission is worthy of our most serious consideration there was an increase in the number of industrial deaths of approximately 18 per cent for the first six months of 1937 in comparison with the first six months of 1936 maintaining the same rate of increase for all reported injuries it is estimated that there will be an increase of more than 25 000 injuries for the first half of 1937 over a similar period in 1936 making a total of more than 165 000 for the first six months of 1937 in my opinion a study of this report shows the causes therefore to come under either one or both of these thoughts a laxity of interest in accident prevention 1 more people are at work all of us must realize that this department and its divisions do not have a sufficient personnel to fully cover the entire state of california and its more than seven million people that is impossible it therefore follows that a continued and intensified cooperation of a character similar to that which has made possible the outstanding progress of the past few years will aid us in that which we are trying to do secure fuller protection for the working people of california through a more universally applied enforcement of the laws set up for that purpose along with accident prevention and workmen s compensation for which the division of industrial accidents and safety is the enforcing agency there are laws rules and regulations associated with the other divisions of the department which are of prime importance and real benefit to our working people i have in mind prevailing wages upon public works hours of labor rebates improper advertising for employees sanitary places of employment and collection of wage claims all of which are enforced by the division of labor statistics and law enforcement the division of industrial welfare whose authority to operate has been upheld by the recent decision of the united states supreme court cares for the working conditions and minimum wages as they affect the women and minors of our state the division of immigration and housing whose job it is to care for the immigrant proper housing auto camps labor camps and conditions of housing generally handles problems of much concern to the workers particularly those termed as migratory the division of lore safety is as the name implies set up for the purpose of protecting the people from the damages and ravages of fire while i have in the interest of time and space but very briefly referred to the many functions and duties of the department of industrial relations and its component divisions i must most emphaticallv add that the thought that the importance of the work associated therewith cannot be too strongly impressed upon the minds of the citizenry of our state and particularly upon the minds of those who benefit the greatest therefrom the workers themselves may 1 therefore ask of you whose duty it is to represent and care for the interest of those whom all of our laws rules and regulations are dedicated to serve your continued and fullest cooperation in granting this cooperation please bear in mind that every fair employer in california who complies with these laws rules and regulations is just as anxious as you and i to have the other fellow also comply to that end may i suggest a campaign of intensified interest and publicity dedicated to the purpose of full enforcement of all laws set up in the interest of workers with the added suggestion that committees be set up in each local union and central council for this purpose if you do this i assure you as director of industrial relations that any violations of any of the laws of california which benefit the workers will be given prompt and full consideration when and as they come to the attention of the writer of this letter or to the various divisions of the department having jurisdiction over any section or law which may cover a particular violation in conclusion i again thank you for your splendid cooperation of the past and add the further suggestion that continued cooperation will bring greater results i am sincerelv timothy a reardon director of industrial relations should you desire any further information the writer will be very happy to furnish upon request a copy of information regarding the california workmen s compensation insurance and safety act ,0,0.7076560143253872
millions to sugar firmswashington the cry of less government in business proved a catch phrase where sugar firms demand $3 342 000 from the government on the ground that the government assured them against loss in the importation of sugar to break high prices during the war the house passed the bill despite fraud charges and claims that the proposal was a raid on the treasury the lobyists did not claim the bill was a legal one but they assumed a moral attitude and insisted that the government was morally bound to hand over more than $3 000 000 ,0,0.8003956222691091
building autos faster than roads to run onautomobile manufacturers report that lizzies are being produced in this country at a higher rate than the building of paved roads on january 1 there were 38 100 miles of paved roads in the united states and 20 200 000 motor vehicles if these cars were placed in two lines on the hard roads each car would have only comfortable parking room in 1925 the increase in roads was only 5 per cent while the increase in automobiles was 16 per cent the automobile men say they are not worried about selling their increased output but they are deeply concerned about the comparatively slow development of hard roads ,0,0.7281184086989345
secretary perkins shocks editorthe editor of the saturday evening post has had a terrible shock secretary perkins delivered it she said that the sit down strike has not yet been proved to be illegal a pretty astonishing statement gasps the indignant tory editor she is unable to discern the difference between law and no law he thinks her words imply abolution of every vestige of political or economic organization and of property as such to the mouthpiece of corporate tyranny political or economic organization exists for only one purpose to protect property to assume that law can be wrested from this original corporate function and made to protect striking workers shocks the peerless propagandist of privilege in the past he has been correct the breaking of strikes has been a vital function of the law to a profiteer if it doesn t break strikes it isn t law law has been made by corporations for corporations corporations have executed it when they say law is created to protect property they do not mean the hovel of the worker nor the rags on the backs of his children they mean the bonds mortgages stock certificates and barricaded mills and factories of the barons of finance secretary perkins is not the only one beginning to think thoughts shocking to toryism there are signs that the workers are going to take a hand in making the law and in electing the men charged with enforcing law upton sinclair epic news ,0,0.621134339599489
iron trades council statement reviewing labor situation issued by prbsi dent mccabethe following statement has been issued by william mccabe president of the iron trades council the iron trades council in view of the fact that mqny misstatement regarding the standing of the various unions affiliated with this council have been made desires to place itself before the public in a true light membership of this council comprises all trades interested in the motal industry of this city and vicinity numbering 3 000 mechanics and about the same number of helpers and apprentices the council has inaugurated such a perfect system of registration that each individual member ean within two hours time be brought to our headquarters notwithstanding statements to the contrary we can unhesitatingly assert and are prepared to prove that there have been no desertions from our ranks as was published in some newspapers these trades realizing that their interests are mutual have bonded themselves together under one head known as the iron trades council of san francisco the council is fully advised of the fact that men are being brought to this city to work in the various shops and also knows that these men are not mechanics but laborers and farmhands from small towns throughout the state mechanics are very hard to get at present no one knows this better than the empolyers themselves at any rate we are not worrying about that so long as our men remain true to their organizations many of these new importations some of whom are past the prime of life have taken jobs in the various shops with the understanding that they be given the opportunity to learn a trade some of the employers are under the impression that we demand the signing of an agreement this is false as oontlnued on page 4 ,0,0.6909209093686284
few but energeticforty two prohibitionists who included two colored men made up a state convention in richmond va and put out nominations for the state officers to be filed next fall they were very bitter in their speeches and resolutions against the liquor traffic and dishonesty in elections go to shell mound park on labor day,0,0.5703021428010953
twenty days parole given to unionistsraleigh governor gardner paroled lawrence hogan dell lewis and wes fowler convicted with alfred hoffman organizer united textile workers on frame up rioting charges in connection with the marion strike the sheriff and deputies who killed several strikers were acquitted but the three men were sentenced to six months in jail they had 20 days more to serve hoffman served a 30 day sentence and paid a fine the manner in which the four men were convicted together with the discharge of murderous peace officers was clearly intended to intimidate laborers who dared to join a union or suspend work ,0,0.7691204142753937
world disarmament is again suggestedwashington following the breakdown of the recent conference at geneva that was called to prepare a program for a world disarmament conference the league of nations proposes a general disarmament conference to he held within a year the value of this proposal is questioned by administration spokesmen who ask how unity of action is possible when the nations failed to agree on a program of action the various nations disagree on the submarine airship on the reduction of armies and on the potential military power of various industrial nations these differences caused the split in the preliminary conference military authorities no longer consider an army and navy the sole military strength of a nation geographical location raw material and the ability to change industrial machinery into munitions factories are now considered the rapidity with which commercial airplanes can be changed to war craft is also a factor as the nations could not agree on these questions the preliminary conference failed w mu wsm ml i hill 1 m wii badt of this service in the public utility business it is necessary to raise new capital for additional plant facilities power plants gas works are not built from earnings that is from money paid for serv ice rendered new money must be obtained through the sale of securities such as stocks and bonds having a good credit rating has had much to do with the success of this company in the sale of securities the company initiated the customer own ership plan and was the first in the united states to put it into practice pacific gas and electric company pg and j2 owned operated managed by californiansn mmji å the emporium s east and west entrances will open promptly at 7 30 take elevator to third floor an exposition on saturday night npo all who love beautiful furniture to all who cherish the thought of home the emporium extends a cordial invitation to be present at the first public showing of its new furniture section on saturday evening october 9 at 7 30 an exposition of such elaborate proportions all will be delighted in viewing whether or not directly interested in the furniture itself san franciscoin and out of school shoes please live active boys like our shoes and no shoes give so much wear and comfort at little cost this smart oxford is in light tan russia calf with wing tip brass eyelets welt soles rubber heels sizes 1 to 2 $3 50 2 gt i to 6 $3 858,0,0.7864091117782134
asiatic exclusion league to appeal to the people by unanimous vote the amended webb bill is declared ineffective to prevent fraudulent measure from becoming law officers re elected by acclamationthe meeting of the asiatic exclusion league last sunday commemorated the eighth anniversary of the organization the gathering was notable in two respects first by unanimous vote the so called anti alien land bill enacted by the recent legislature and signed last monday by governor johnson was pronounced ineffective second every officer and every committeeman of the league was elected by acclamation thus denoting absolute harmony during the past month the anti alien legislation enacted in california lias been the subject of world wide discussion not only the nations of the orient but those of europe have been deeply interested the agitation which lias resulted in the enactment of the land bill at sacramento originated with the asiatic exclusion league this being true it is peculiarly appropriate that the league should pass judgment upon the law as finally enacted this the league has done by unanimous vote it concurred in the views of its president and declared the webb bill as amended to be unsatisfactory in other words the one organization most capable of expressing an opinion on this matter says that the great racket arising over the passage of the land bill is sound and it to signifying inothing that the law as enacted is so palpably a fraud that it deceives nobody had the state administration stood by its guns and not permitted a leasing clause to be tacked onto the webb bill as originally drawn the law would have been all that could have been desired so far as state legislation is concerned but with the law sanctioning leases which can be renewed for more than a hundred years it is worse than futile as it is practically an invitation to every mongolian to cotne to california and lease land which to them is better than ownership this is the view of the league and battling always to keep this a white man s country there was but one thing for the league to dothat was to declare its intention of going direct to the people through the initiative and referendum to prevent the ineffective land bill from finding a place in the statutes of the state of california this will be done the proposed law unless vetoed by the people will become a law on august 10 but before that date more than a sufficient number of signatures will be attached to petitions and filed with the secretary of state to act as a brake against the perpetration of the contemplated deception meantime steps will he taken by the league to secure such legislation as will definitely terminate this matter there is pending in congress a clear cut and straightforward bill introduced by representative raker of california which when enacted and it will be will forever stop asiatic laborers from coming to the united states of america one of the strongest arguments in its favor will be that the people of california the state most vitally interested in the bill blocked the attempt of the legislature to permit asiatics to lease lands this will demonstrate the fact that the people of california not only are opposed to the mongolian owning land but are equally opposed to his using it and that congress is looked to to prevent this by excluding all asiatic laborers from entrance to this country out of this muddle good will arise by calling a decisive halt upon the legislature the people of california will serve notice upon congress in the most effective manner possible that they are tired of broken promises whether such come from state legislators or from a political party dominating the government at washington the raker bill will be enacted and the people of california will relieve the lawmakers at sacramento from further efforts at land law legislation ,1,0.8101673716922023
active interest urgedwilliam green recently pointed out something that union members sometimes forget in his series of articles replying to attacks by columnist westbrook pegler on the american federation of labor president green said if members of a union arc indifferent then the union may naturally fail to be responsive to their needs but if the members of a union take an active part in its affairs as they should then they can run their own organization as the majority wishes the same principle holds true of government in our cities states and nation ,0,0.8415876414968078
a real community gatheringsan bernardino was deluged by a torrential rain on saturday evening but that did not prevent all the good citizens of san bernardino from turning out en masse and crowding the beautiful spacious municipal auditorium the citizens turned out as the guests of the san bernardino riverside building trades council it was a most brilliant and enjoyable occasion just before the grand ball started mayor gilbert addressed the assembled citizens and in particular told of the high esteem in which the members of in san bernardino county were held not alone by the public officials but by all the citizens who had come to know their worth and value as citizens and community builders he stated that it had always been a great pleasure to work with the trades unionists in carrying forward the splendid constructive program that had brought and was bringing such beneficial results to san bernardino county macdonald general president of the state building trades council of california was then introduced as the speaker of the evening with matchless eloquence macdonald told the story of s rights and wrongs he dramatically recited the facts of the part that played in the making and building up of america he analyzed the progress and the prosperity of america and indisputably proved that that progress and prosperity rested upon the progressive productive program that had been brought about largely through the activities of the trades unionists of america at the conclusion of his oration he was accorded an ovation by the assembled citizens then followed the grand ball such music one could not sit still and listen to it and such a splendid representative gathering of beautiful women and real men men and women who typify real americans it was a most enjoyable affair refreshments and good eats were served by the committee there was also a whist tournament conducted for those who did not care to dance it was the most successful affair of its kind ever held in southern territory everybody had a real good time merchants manufacturers public officials working men citizens all were unanimous in the determination that another affair of the kind must be held at an early date ,0,0.8030890827677428
laborers no 8944 elect officersat the last regular meeting of the laborers protective union no 8 944 eleven new members were admitted and a number of applications were on file tveitmoe secretary and mccarthy president of the building trades council addressed the meeting on the subject of a building trades temple upon a vote being taken the members present about 1400 voted unanimously following is a list of the newly elected officers president peter t kelly vice president mcgann recording secretary weidemann financial secretary higgins treasurer p tierney trustee fox audtiors james regan m mulvehill john lynch conductor john mcmanus sergeant at arms con mcginley business agent leary executive and arbitration committee p tierney john murphy frank donnigan james regan leary higgins mcgann next tuesday night the newly elected officers will be installed weidemann secty,0,0.7306453591077453
state federation endorses rooseveltat the forty first annual convention of the california state federation of labor held at santa monica last week the delegates voted almost unanimously for re election of president roosevelt for his third term as the november election draws near state federation after state federation goes on record as favoring roosevelt s continuance in office so far as we learn from our exchanges only the indiana federation of labor has refused to indorse the third term aspirations of president roosevelt ,0,0.7731851187966396
army extols union aid in defense denies smears by labor hatersmonths ago during the height of the army s cantonment construction program enemies of labor raised a great furor about jurisdictional strikes and high initiation fees holding up the program congressional committees conducted smear investigations and newspapers filled their pages with fantastic stories about supposed abuses practiced by the unions but now the war departmnt has put out a report on its construction projects called the greatest in modern times and has exploded all the charges made against labor instead of delaying the program by strikes labor did a remarkable job in finishing all housing projects and other buildings for draftees in record time the report pointed out it cited the fact that at the peak of the program a half million men were employed drawn from all over the country and they performed 56 700 000 man days of labor out of that vast total only 43000 man days were lost as a result of work stoppages the report declared this means that less than one tenth of one per cent of the man days worked were lost due to labor difficulties the war department stressed even more significant is that the report takes the ground out from under the claims made by enemies of labor that unions carried on initiation fee rackets 1 he department made it clear there was nothing to criticize in the methods pursued by the unions 1 he right of unions to collect fees and dues is supported bv statute and tradition the report emphasized in addition the document justified the practice of some local unions in requiring payment of a fee by unionists who come from other areas pointing out that such locals consideerd it necessary to maintain their independence and autonomy and protect their territorial integrity jurisdictional strikes have been enormously exaggerated by antilabor sources and they did not cause any serious difficulties for the program the report revealed i he governing bodies of the unions made strong efforts to see that such difficulties were not made the cause of work stoppage the w ar department declared ,0,0.7685439194175268
bricklayers local union no 7 375 south mayfair ave suite 232 daly city ca 94015 telephone 997 0630 pat canavan business manager amp financial secretary leo dorado business representativemeeting nights the second tuesday of each month is the date the time is 7 pm for the executive board and 8 pm for the regular membership the place is the union meeting hall 375 south mayfair ave suite 232 daly city ca the westlake shopping center we are happy to report to you that the signature drive on the petition to restore cal osha was an overwhelming success by april 7 1988 over 679 925 signatures were gathered the state building and construction trades councils had pledged only 100 100 signatures so remember to vote the correct way to restore cal osha on the november ballot we want to thank each of you who cooperated with us in making this drive a success thank you $ $ se hi recently in columbus ohio bricklayers president john t joyce lashed out at efforts to promote nonunion apprentice programs cement masons union local 580 2660 newhall street san francisco california 94124 2527 telephone 415 468 4411 harry l jamerson financial secretary business representative ii as most members might remember in december 1987 local 580 asked members to support the restoration of cal osha i am happy to announce they have collected 703 316 signatures on petitions nearly twice the number required to place it on the november 8 statewide ballot some of the petitions were displayed at a state capitol news conference labor did not stand alone on this issue representatives from california business civic consumer health and environmental organizations joined union officials in a broad based coalition officially sponsoring the cal osha initiative why is cal osha better than federal osha cal osha standards for worker protection are generally much broader than federal osha and they protected people from perils the federal program doesn t cover cal osha inspectors had authority to move immediately against imminent hazards at work it takes court action before federal inspectors can act during the three months from july to september 1987 federal osha conducted 54 inspections of workplace accidents in california in the same period last year calosha performed 761 such inspections statistics show that more people will be injured and more people will die if cal osha is not restored we look forward to a decisive victory in november also attention apprentices this is a reminder to all of you attending school classes is as important as accumulating working hours towards journeymanship without classroom hours an apprentice cannot graduate and can be dropped from the program if for any reason an apprentice cannot make a class please notify the union in which you are affiliated so that an accurate record can be kept against any classes missed apprentices are an important factor to the cement masons as these are the future journeymen of the craft meetings scheduled for june trustee board june 14 6 30 pm 2660 newhall st san francisco executive board june 15 6 00 pm 2660 newhall st san francisco membership meeting june 20 8 00 pm 2660 newhall st san francisco sick members blodgie scott johnnie barr sam winfield henry clayton resting at hometelling 2 000 union members that it could lead to a weakening of the entire brick industry joyce said the nonunion programs provide pseudo training that wastes tax dollars prevents our industry from growing and rips off the bricklayers and the general public bricklayers from union locals in five states protested a seminar conducted by nonunion contractors and materials manufacturers to examine ways to promote nonunion apprentice programs he pointed out that the bricklayers already have a training program in place under the aegis of the international masonry institute that is the product of union employer cooperation and meets the training needs of the entire industry joyce say the nonunion process hurts members in four ways it misuses tax dollars produces poorly skilled or partially skilled workers who drag down the wage levels without reducing the cost of construction fragments scarce industry resources and causes a decline in the quality of brickwork that leads to a weakening of the entire brick market mr and mrs homeowner get a poor quality house that costs just as much as a good quality house because it has been built by inefficient and partially trained bricklayers joyce said sj je we want to extend congratulations to our members who have most recently reached a milestone in their membership in the brotherhood in april richard l decker reached his 40th year with the bricklayers union william l guinn and egidio marchi both reached their 25th year in may afro bomben and clifford p peterson both reached their 25th year in the brotherhood we all send our most sincere congratulations to richard william egidio and clifford and are looking forward to many more years of friendly association kfefarfs6 monday may 9 1988,0,0.8075003339527995
pile drivers local 34hammer and leads 41 i 635 4227 28 29 60 hegenberger place oakland ca 94621 the apprenticeship trainee classes are held in hayward at the apprenticeship training center 26569 corporate avenue the class schedule is as follows march 29 april 12 april 26 may 3 may 17 june 7looking up the hatch local 8 elevator constructors hector rueda but mffr and fin seely harry weisetvburger bus rep amp rec seely meetings san francisco 6 30 wednesday march 19 holiday inn hotel 1500 van ness ave sacramento 7 monday april 7 at the turn verein 34th amp j streets san jose 7 tuesday april 8 santa clara motel lodge 1655 el camino real santa claracept nomination if you are not familiar with the rules and regulations concerning nominations and elections look at your by laws booklet this article remains the same except for the addition of nomination and election of delegates all other rules apply a word of hanks and appreciation to brother kelly kirk for taking the responsibility of being chairman of the election committee for the 1979 80 period there were several votes on bylaws in addition to the,0,0.7786259232311146
color light bluethe saving habit is one secret of success have you that habit it is character quite as much as brains that counts in the struggle for success brains accomplish much in this world but the man with sufficient strength of character to save his money to deny himself unnecessary luxuries is rare yet he is the man who wins nine times out of ten 35c buys a bank worth $1 at hale s it is a neat affair of tempered steel with an oxidized copper finish it will help you save money we keep the key this enables you to resist the temptation to open it on a moment s impulse bring it to us and we ll open it whenever you wish do what you will with the money good goods market and sixth sts san francisco cal,0,0.7032586009294453
macdonald advocates 6 hour day 5 day weeka six hour day and a five day week is advocated by frank c macdonald general president of the state building trades council of california as a means of placing more men at work and solving the problem of unemployment the shorter work day and week was urged by macdonald at a meeting of the stockton union conference last week the union conference of stockton is composed of every union in that city it was organized for the purpose of bringing civic and state questions before union labor as a wholesupport your paper every trade unionist should subscribe for and read a union newspaper is your newspaper it is the official newspaper of the state and san francisco building trades councils has always loyally supported you and your organizations it in turn is entitled to your loyal support subscribe for do it now fill in the blank form below and forward it to the publishing company 1122 mission street san francisco name address city money order or check for $1 50 attached ,0,0.7414512980577028
low wages to women affect male workersin a pamphlet issued by the united states women s bureau it is stated that wages should be based on occupation and not on sex or race this is suggested from a well founded conviction the bureau states that low wages for women are a menace to the individual woman to the family and to the community as a whole the pamphlet is entitled short talks about working women several theories of low wage employers are demolished women are reminded that in the absence of wage commissions or labor organizations individual bargaining prevails compelled by the necessity it is stated a woman must work for whatever the employer will pay and the phrase individual gaining becomes a myth instead of a reality another myth is the claim that women merely work for pin money and are not a fixture in industry women s wages the bureau says are still based on the old theory that they have no family responsibilities as wage earners with results disastrous to that life and health for the maintenance of which they are responsible the lower wages for women in industrial occupations have a distinct influence on the wages of men any industrial group working for less than the standards which prevails in industry will have the effect of lowering the wage standard of all employees ,0,0.8031441080089945
state to quit land project at durhamsacramento first definite steps toward state withdrawal from agricultural colonization work came with announcement of a financial plan under which the durham state land colony butte county is to be turned over to the settlers the plan submitted to durham colonists by charles w cleary chief of the division of land settlement department of agriculture would give them a discount of approximately 35 per cent on the original sales price of their lands totaling about 3700 acres success of this plan probably will be followed by withdrawal of the state from the delhi colony merced county it was announced by george h hecke state director of agriculture cleary s plan said to have received the tentative approval of durham settlers provides in brief that the state for a cash consideration of $205 000 will give clear title to the farm lands not yet paid for the $205 000 will be used to retire the debt on the land owed stanford university by the state the settlers it is planned would form a mortgage holdings company borrow money to meet the reduced payment to the state and take over the entire project including community buildings irrigation structures and drainage works legislation permitting this adjustment plan will be submitted to the 1929 legislature by the department of agriculure ,0,0.573050767895716
