articles,pred,confint
retail clerks fair list published by authority of local no 132 retail clerks international protectivö association the following firms are in full sympathy with and are closing their respective places ot nusiness at 6 except saturdays when they close at 10 and remain closed on sunday all clerks in their employ are members in good standing of the retail clerks international protective association baumel gents furnishings 160 carroll amp tilton clothing and furn i sc shätier 1018 market the clarion clothing and furnishings 303 montgomery ave california hat works hatters 1 5 f °coleman co hatters 130 kearny bagleson co gents furnishing 7so pfcet frank bros clothing and furnishings 525 535 kearny gibson gents furnishings 1202 m arket gildea clothing market and grant ave gordan tailor 1122 market hansen amp elrick gents furnishings market and third sts the hatterie hatters 132 s market g jewell clothing and furnishings 530 kearny hermann co hatters 32s kearny kelleher amp browne tailors and furnishings 1310 market keller clothing and furnishing 102 x market e korn hatter 746 market kahn bros hatters 1108 market a klumpp gents furnishings 16 f °lundstrom hatters 1458 market st leon lemos tailor 1127 market st lundström hatter 605 kearny merle clothing and furnishings corner sixth and mission marks bros 1224 market pacific shirt co gents furnishings corner market and mason j porcher hatter 1109 market prendergast gents furnishings 1111 market pauson amp co clothing and furnishings corner kearny and sutter red front clothing and furnishings 857 market raphael co clothing and furnishings 9 13 kearny st rosenblum amp abraham tailors 1103 market a schoenfeld clothing and furnishings 1332 market summerfield amp roman clothing and furnishings fifth and market schwartz amp goodman furnishings 116 third st wood amp co clothing and furnishings 718 722 market wilson amp co gents furnishings 910 market arnold amp walsh furnishings 42 sixth st o connor amp o reilly tailors and furnishings 35 fourth st j poheirn tailor 301 montgomery and 1110 market union men and women and sympathizers with are requested to do their purchasing with the stores named in this list and to ask the clerk waiting on them to show his or her card if the clerk cannot show their union card do not make your purchase with them,0,0.604158874258691
sales tax rejected by canadian businessmontreal the canadian sales tax was declared economically unsound by dominion business men at the annual convention of the canadian manufacturers association in this city the tax was recently reduced from 6 to 5 per cent it was declared that the tax has raised the cost of living in canada has pyramided costs to manufacturers and placed a heavy handicap on them the sales tax has been strongly urged in the united states and the dominion of canada was cited by sales tax enthusiasts as an example of the benefits that follow this legislationif it is your idea ~~ $qot amp iiwoskers union stamp union no to give your support in the buying of shoes to the union stamp which means labor employed under fair and just conditions then insist upon having shoes bearing the union stamp support union labor boot and shoe workers union 246 summer st boston mass colli lovely pres charles l baine sec treasmen the greatest semi annual shoe sale in our history starts on monday burt amp packard howard amp foster stetson shoes $^ 95 high and low black and brown b katschinski philadelphia shoe co 825 market st mission at 229 san francisco 525 fourteenth st oakland8,0,0.5828534622883086
building trades unions of state prosperous says gilson gilson secretary treasurer of the state building trades council has just returned from a trip covering the building trades organizations from santa cruz to santa barbara in particular secretary gilson reports that conditions in the santa cruz watsonville and monterey districts are very satisfactory a splendid spirit of co operation maintains between contractors and the building trades workmen with the result that all building construction work is going forward rapidly and under harmonious conditions the friendly spirit that maintains has been an added inducement to the general public to have various residential and commercial building construction work done in the monterey district a number of beautiful residences are being built and that territory is being sought more and more by well to do people because of its beauties and exceptional climate mr gilson also reports that in santa barbara and vicinity a very healthy building program continues although the rehabilitation period has long since passed santa barbara practically has dropped back to its normal building construction program the damage done by the regrettable earthquake of a year ago has been mostly repaired and the communities in the vicinity of santa barbara have profited by their experience and are building substantial structures that are safe the contractors and building trades workmen of santa barbara county are working in thorough accord and harmony conjunctively with the chamber of commerce this harmonious relationship has existed for many years and the friendly relationships between employers and employees and the commercial interests generally have been so thoroughly established that it guarantees the permanency of this friendly co operation which means so much for the success and advancement of santa barbara county secretary gilson expressed himself as well pleased with the conditions that maintain in all of the coast cities ,0,0.6019865755253001
a labor paperlike other papers which are not specially subsidized by some interest or corporation a labor paper depends upon advertising in order to exist advertisers who use any paper reveal their good wishes for that paper s success and their hope of patronage as a result of such advertising advertisers who use a labor paper show their desire to make a labor paper a success they reveal thereby an interest in the social progress of all who toil at the same time they request the patronage of the toilers whom the labor paper represents the merchant who does not advertise in a labor paper reveals the opposite of those who do hence there is a real reason why members of should support those merchants who advertise in their labor paper ,0,0.5551941204390701
teen age wavefigures on the rise in the number of teenagers in the are indicated by the actual or projected gain in number in the 18 24 age group in specific years 1962 589 000 1963 498 000 1964 453 000 1965 1 401 000 1966 1 062 000 these are the massive waves of youths w ho are turning 18 in 1965 there will be about a million more reaching the age of 18 than in 1964 citing these figures wall st journal says the imminent stampede of teen agers into the job market means the economy will have to provide some 20 million more jobs in the next ten years if unemployment is to be held downsan francisco s highly trusted funeral directors iyftalued 4123 sutter street or 3 3000 4 iambus roman noodle dish cooks in 3 minutes m ssi m new from golden grain you get a smile in the bargain at puritystar engraving and printing co established 1920 frank d antonio amp sons union printers manufacturers of union dues buttons 177 minna street san francisco douglas 2 1727 notary public maude woodmansee nash formerly with fairmont hotel 65 lick place between post amp sutter san francisco california phone yukon 6 4493,0,0.6285855826849085
labor demands better voting facilitiesa demand for better voting facilities at the coming general election to be held in november was made upon the public welfare committee of the board of supervisors last tuesday by representatives of frank c macdonald general president of the state building trades council of california speaking for labor told the committee that at the recent primary election thousands of wage earners were prevented from voting because of the lack of voting facilities he said that apparently those responsible were more concerned about speeding up the counting of the votes than in making it possible for the people to cast their votes macdonald said that unless better voting facilities are provided so that all who desire may have an opportunity to cast their votes labor would take steps to have all election days declared nonworking days in california his contentions were supported by other representatives of union labor as a result registrar zemansky promised 250 additional voting machines for the november election and that all who desired would be assured an opportunity to cast their votes ,0,0.5705044677863704
the voice of the press from the iron city trades journal ho w often have you heard the majesty of the law referred to when you would be discussing some case that had been disposed of by the court not according to your idea of justice no doubt time and time again and what a tragedy is enacted time after time when a judge before whom some trivial case has been brought has only one method in his narrow brain only one thought of the law the law must be upheld one would think that the entire judicial structure was in the balance if a judge should show one grain of common sense one shadow of humanity a woman is arrested in new york nothing new in that you will say rut there was something new in this case this woman was starving with barely enough clothing to cover her body not enough shoes to keep her bare feet from the cold and snow no coal to even start a fire in her room and what a room that must have been the saviour of the world s birthday was dawning when driven desperate by not having anything to eat for three days she starts out in the snow for what nobody knows no doubt she did not know herself crazy with hunger and cold a baker leaves a package at the front door of a home resplendent with all the necessaries of life this woman this bundle of misery takes it and starts to eat the rolls the bundle contained and then the majesty of the law is set in motion the owner of these rolls w hile firing up the furnace in the cellar sees her and at once starts after her and she is arrested for this as it turned out unpardonable crime magistrate marsh awoke the same morning no doubt well satisfied with his lot in life likely received gifts from numerous people wife and family very well provided for likely this nar row minded piece of humanity did not even like being put to the trouble of going to the station house to go through the mockery of enforcing the law as he saw it arriving at the station house this poor wreck of a woman is brought before him the owner of the bread enters a charge of larceny against her and then this judge asked why she had committed this awful crime need he or anybody else ask why one look at this woman should answer the question she said because i was starving the owner of the bread told his story how he had been robbed of 5 cents worth of rolls and then the judge straightened up in his majesty and said you must give $loo bail or go to jail one hundred dollars bail she said she never even saw that much money she could not buy 5 cents worth of rolls let alone give $loo bail and she w ent to jail and 16 days must elapse before she even gets a trial for stealing 5 cents worth of buns to keep from starving one good thing about it is she will receive a little to eat while waiting but what a tragedy mav god have pity upon such narrow minded despicable characters who call themselves men and set themselves up to judge others god speed the day when the real people will see that such cases are taken care of as they properly should be from the portland labor press lust now there is a story in court practice and law juggling which is receiving mention in the news columns of the daily press yet as important as the case is it is quitely likely that the people do not appreciate the real significance of the proceeding when considered with other court proceedings of recent years in danbury conn and other little towns in that vicinity the united states marshals have levied on the homes of 189 workingmen members of the hatters union to satisfy the judgment granted against the union and in favor of the firm of loewe amp co for $240 000 claimed to be thrice the damages sustained bv that firm on account of a boycott enforced by the hatters union the judgment was granted under the sherman anti trust law supposed to be passed to check the great industrial corporations from unlawfully restraining trade we can all remember the huge fining of the standard oil company s29 ooo ooo we also remember the reversal of that judgment we remember the reading into that law by the supreme court of the word reasonable by which almost any business combination can and does escape any penalty from that law we can also remember how the courts dissolved the standard oil trust the tobacco trust in such manner that they still can carry on their monopolistic business without any fines but placing them on such firm basis that values of their stocks and bonds almost doubled we remember the failure to convict the leaders of the packing trust on the criminal charges supposed to be included in that law and the opinion lately expressed by attorney general wickersham that it would be impossible to convict any trust magnate under the criminal section what is that old storv about fish and fowl ,0,0.5258505439645493
eight injunctions are basis of wrongs to laborthe majority of the senate judiciary committee opposes the pending labor injunction relief bill one of their reasons is that there are few federal injunctions and that most of these writs issue out of state courts this adding machine argument is illogical it is the favorite plea of attorneys for employers associations who ignore principle that may be outraged by one decision the dartmouth college case in 1819 illustrates this point here was a dispute between the president and trustees of a small educational institution in new hampshire that finally reached the united states supreme court the decision has become historic and is now used by public utility corporations to hold perpetual franchises no decision has been so effective to thwart popular control of these corporations eight particular injunction decisions by the united states supreme court in the last 3 5 years may be of no interest to the senate judiciary committee but these court orders have stripped of every constitutional right and has made it possible for the judiciary to smash any strike they elect a purely local strike may now be thrown into a federal court on the plea of one shareholder residing in anotherstate this was done in the recent new orleans street car strike when federal judge borah placed federal deputy marshals on the cars at the request of a new york banking house the first of the eight decisions was the debs case in which the supreme court held that an injunction judge can deny constitutional guarantees to citizens who suspend work the debs case was the first time the supreme court held that federal courts can issue such orders in the bucks stove and range case the supreme court outlawed freedom of speech and press when profits are interfered with the court took the same position in the danbury hatters case in the tri cities case the court again denied free speech and ruled that picketing permitted under the clayton law is unlawful unless directed by the court in the truax case the court held that patronage is property and workers can be enjoined as conspirators if they induce others to withhold their patronage the same position was taken in the duplux case in the coronado case the court held that trade unions can be sued for individual acts of members no other voluntary association is held liable for unauthorized acts of its members in the bedford case the court ruled that union stone cutters cannot refuse to handle non union stone they must work against their will as refusal is an interference with interstate commerce when the majority of the senate judiciary committee say few federal injunctions have been issued they fail to point out that these few are the starting point by which every right is taken from under these decisions the constitution means nothing when employers would smash strikes and drive citizens back to objectionable work conditions it seems incredible that ten skilled lawyers in the united states senate are unaware of this fact and attempt to minimize the unlimited effect of these few injunctions ,0,0.6075745402580718
naiveteschiller discussing poetry once made a remark which was destined to become famous v iewing the subject as a critic he judged poets to be either sentimental or naive the sentimental poet achieved his results by conscious and deliberate methods whereas the naive poet enjoyed pure inspiration ilis singing like that of a bird was guided by the very spirit of spontaneity accordingly a child a perfect woman and a genius are naive this view held sway a long time about twenty years ago professor kittredge put forth a stimulating book on chaucer in it he said there is no great harm in the air of patronage with which our times in their self satisfied enlightenment address the great who were of old but we do use droll adjectives if these great ancients show the simplicity of perfect art we call them naif particularly when their irony eludes us if they tickle our fancy their are quaint if we find them altogether satisfactory both in form and substance we adorn them with the epithet modern which we somehow think is a superlative of eminence naif quaint modern a singular vocabulary add convincing and the critic has done his best or his worst for it is we that are naif quaintness is incompatible with art and as for modernity what we mistake for that is the everlasting truth the enduring quality that consists in conformity to changeless human nature mr nock a distinguished critic recently wrote in prose the appearance of spontaneity is the result of selfdiscipline the smooth and lucid prose of anatole france was wrought out through much revision these citations show how the settled opinions of one generation may be later upset or reversed critical thinking does not take traditional things for granted it reviews each case so to speak it goes again over the evidence and accepts only what stands to reason an intellectual man turns th ngs over in his mind and thinks things through furthermore as alexis carrel remarks intellectual power is augmented by the habit of precise reasoning ,0,0.596903883796122
american builders week to be great event of october at the san francisco expositionthe evolution of the building industry from the days of the cavemen lo the present era of steel and concrete will be presented in a great pageant as one of the features of american builders week october 18 to 23 at the panama pacific international exposition the celebration of builders week plans for which have been under way for two years will be under the direct auspices of the entire building industry of san francisco aided by the building trades and similar organizations in practically every large city in the united states the date for the american builders to assemble at the world s greatest exposition was fixed by thg national association of builders exchanges in convention at columbus ohio last january since then a thoroughly organized body of men has been in charge of the arrangements for the celebration which will be one of the big events of october at the fair the convention sessions will be interspersed with sight seeing trips to the exposition and to points about san francisco and vicinity at the business sessions many internationally famous men will read papers or deliver addresses on the importance of the building industry to national progress major general george w goethals builder of the panama canal has been invited to prepare a paper on organization as applied to construction work other speakers will include i clipston sturgis president american institute of architects on american builder charles w gindele president building construction employers association of chicago on the building business as a factor in the commercial life of the country halbert p gillette editor of engineering and contracting on the engineering contractor and various other noted architects and contractors thousands of builders and contractors from all states are expected to attend the grand reunion of members of the profession and to see the wonderful exposition in the height of its glory october is san francisco s most charming month climatically and besides the exposition program contains many splendid special events and other amusements ,0,0.6073546607979561
this is bad news for tobacco farmersbritain has contracted to buy 70 million pounds of tobacco a year from its african colony southern rhodesia or more than three times the amount bought this year britain has always been a big buyer of american tobacco but has bought none of it since last fall ,0,0.5412307018015352
plans completed for community chest drivetwelve new charitable welfare and health organizations are included in the 1924 community chest budget announced this week the budget calls for $2 174 356 for the relief program of the city during the year the new institutions admitted to the community chest include many well known for public service in the past three of the new organizations were addgd to the community chest during the year because of the special need of the work they were doing these are the bureau for the handicapped designed to solve the problem of the crippled street beggar the working men s christian association which conducts hope hall at kearny and washington streets to lend a helping hand to the down and outer including men just released from prison and the camp fire girls a going organization headed by able women of the city which needed assistance to spread the gospel of healthy outdoor amusement for young girls the full list of new organizations in addition to the three mentioned include the california boys club the catholic filipino club the french ladies benevolent societv the german ladies benevolent society the free and part pay clinics at lane hospital st joseph s hospital and st mary s hospital the luthera u elfare agency the young men s institute juniors and the young ladies institute juniors social and civic welfare leaders of the city will consecrate themselves to the 1924 community chest appeal which is to be conducted by 3600 volunteer workers from january 29 to february 8 at a masque of dedication of the community chest to be presented in the palm court of the palace hotel monday at noon and again in the evening ,0,0.6124940557447041
unions lessen hours federal study showswashington a study of the 48 hour week by the united states bureau of labor statistics is an answer to any doubting thomas on the value of trade unionism during the last few years the eight hour day has spread so rapidly that there is now scarcely an industry or trade which has not to a greater or less extent adopted either the 48 or 44 hour week it is stated this is particularly true of trades that are thoroughly organized a recent survey of union scales of wages and hours of labor showed that of 860 000 union members 89 per cent had agreements providing for an eight hour day and 68 per cent worked 44 hours or less per week ,0,0.6052641542855255
judge assesses violators for jobless fundsklamath falls ore lt costs traffic violators brought before police judge roy pouch s court an extra $2 50 when i fine violators i ask them to donate $2 50 to the city charity fund for the unemployed this winter the judge explained if they do not wish to donate their fine is just that much higher ,0,0.5828159266102161
halfamd half thebi dgff blend fills yol r cream meeds mrhlesstospemd y amp at hoi^ uc listen to budda s amai eur hour every saturday 8 pm ck a lundström the hatter mallory hats union mad ss oo and up hats mtckwiab slacks spobt coats acckssokiks 754 market street pheian building phone ex shook msi san rkancisoo th union label d rr the upport of e ery working man and woman in this country by purchasing articles bearing the union label or by patronising shops displaying the shop card you are helping to keep union members working under decent conditions and for fair wages you are sure your purchase is made in america you are impressing on the merchants the fact that if they wish your patronage they must carry union labeled merchandise james h barry co the star press printers and publishers 170 van avenue south san fran cisco books magazines newspapers church society and commercial printing phone dndwrhul 7750 good work peril prices boot amp workers union union factory no stamp douglas shoes for men solo at a union store by union men french shoe company 2623 mission street at 22nd san francisco california san francitco t lot gut and mott com pitta stock of foment can t bust em headlight lee sweetorr big ben white duck boss of road inion made work clothes weinstein co 1041 market street k motorn ttupko m tusede 421 a vrvoeio bay city grill oystbrs steaks chops pish and poultry nrm disjns hew be ledia 43 turk street telephone ordwey 687 s sen frenciece tkay service to any part op the city day os night winning the war to win the war at the earliest possible moment is the ambition of every person in these united states the banks are putting their shoulders to the wheel ★ it is the opinion or the banks that the most valuable contribution they can make is in the promotion and sale to the public of war bonds ★ this they have been doing with outstanding success throughout the past year we are proud to be playing an important part in this vital undertaking parker s maddux president the san francisco bank savings incorporated feb 10 1868 trust member federal deposit insurance corporation seven offices each a complete bank,0,0.6197522701467653
a friend of labor jin recognition of the life long and consistent service rendered in the furtherance of human liberty james h barry of san francisco statesman editor publisher founder and president of the james h barry publishing company father of the eight hour day in industry in america who pioneered the fight for all the humane and progressive laws now on the statute books of california has been unanimously elected an honorary life member of the international printing pressmen and assistants union of north america in advising mr barry of the action of the union george l berry president of the international printing pressmen and assistants union said  this certificate is being presented to you in recognition of the life long and consistent service you have rendered as a man and as a publisher in the furtherance of human liberty 5 and by this token of our esteem and gratitude for that service we hope to in this humble manner record that appreciation that has actuated us in this act we hope that there are before you many years of continued activity that will be filled with the generous and statesmanlike contributions in the interest of society that has at every turn manifested itself in the record of your past as a man and as a citizen this week a committee from san francisco printing pressmen s union no 24 called on mr barry and presented him with his certificate of membership in the international printing pressmen and assistants unionlife long friend of union labor james h barry has been a life long consistent friend of union labor when mr barry first became an employing printer nearly a half century ago he conducted a strictly union shop today the plant of the james h barry publishing company located at 1122 mission street one of the largest and best establishments of its kind on the pacific coast is 100 per cent unionized and most of the employes are receiving higher than the union scale of wages so far as is known james h barry was the first employer in the united states to establish the eight hour day in any industry and for that reason he is lovingly referred to by trade unionists throughout the country as the father of the eight hour day in industry in america mr barry helped to organize the sailors union of the pacific addressing the seamen from a pile of lumber on the san francisco waterfront he has also been of great assistance to many other labor organizations in san francisco when they needed a friend many years ago the san francisco typographical union made mr barry an honorary member of that organization in recognition of the services he had rendered the workers in the printing industry of this city tribute by samuel gompers james h barry was a life long intimate friend of thelate samuel gompers president of the american federa tion of labor who when mr barry suspended public tion of the star for many jreafs one of the leading publications in america paid mr barry the following tribute james h barry was a friend of the labor movement when its friends were few and he has been a sincere friend of the movement ever since mr barry has suffered expressing his convictions but he is one of those stout minds to whom the whole great world would be a prison if he could not express his thoughts and who would find liberty in a cage if from his durance he could address the human intellect setting before it the truth as it appeared to him i honor mr barry an old and loved friend not only for his work on behalf of but for his zealous advocacy of an upright and competent judiciary and for his zeal in every good cause and against all forms of dishonesty james h barry is the best type of the americancitizen a man who his mind and dares to speak it out although mr bar y has over been avonsistenjt frj amp id of the labor principles pf £t amp fe he hås nsr lt 3f hesitated tbfnwiiyye labor it in the w amp fcg as it sometfftes has err is human sponsored legislation james h barry pioneered the movement fibr progressive legislation in california in fact nearly of the humane and progressive l now on the statute boofcf öf have béen copied other sjates were barry it james h ba cy that firet advooated stht austral lian ballot system in cäufefnfcd 5 m it was james h barry who pioneered for th® initiative referendum recall woqten suffrage public ownership of public utilities u it was largely due to the efforts of that the city of saaplfrancisco tookqover sl c^ary railway which formed twé nucleus fbr magrtm4 cent municipal street railway system in sa gtj amp torjb barry persecuted amp jr v jm the reforms fought fnt irt the eaily barry were not consummated withoutågreaf peäåf serh ytce md hardships j 4k ± ni fvfifv turn 1 tna raq i^ jkojfrcj whose best interests were ever the first and foremost consideration of james h barry because mr barry dared to criticize a decision of one of the judges in 1890 and refused to apologize because he knew he was right he was cited for contempt of court and sentenced to jail for five days and to pay a fine of $5oo mr barry served his sentence and on the night he was released from jail he addressed the largest mass meeting ever held in san francisco at which he demanded an amendment to the law of contempt which ultimately resulted in the adoption of the barry law depriving judges of power to punish critics without trial and conviction by jury a friend of james h barry and his son william barry who is associated with his father in the publishing and printing business have always been staunch friends of the official journal of the state building trades council of california and its affiliated county councils and unions we are proud of the fact that since its first edition twenty five years ago each week has been printed in the plant of the james h barry company which has never at any time been involved in dispute with any labor organization ,0,0.5822509448465573
nation depends on high wagesmore leisure and more wages must be given the masses in order to increase their consumer power declared edward a filene boston business man at a meeting of educators held under the auspices of the university of north carolina mr feline said that mass production through improved machinery and scientific methods is making it possible for the average man to turn out sufficient products and make a good living for himself and family under a six hour or perhaps a five hour day mass production cannot live without masses of consumers he said mass production cannot be successful unless masses of people buy its products that is unless the masses of people have adequate buying power to absorb the masses of commodities duced lt is equally clear that large buying power among the masses depends on high wages and salaries accordingly mass production implies the definite adoption of the policy of paying high wages and high salaries fortunately the difference between high and low wages is negligible under mass production where a worker produces hundreds of parts or hundreds of articles a day and therefore the additional wage charge per piece is very small likewise total costs proportionately to current wages are lowest under this system for successful mass production has demonstrated irrefutably that the greatest total profit to producers comes from the smallest profit per piece that is that it pays to sell the commodities at the lowest possible practicable price thereby assuring maximum sales instead of getting as much profit possible per piece in other words by paying high wages and maintaining low prices mass production creates its own consumers creates the wide markets which are necessary to its success and growth finally mass production with its low costs and prices is able to sell profitably in foreign markets the surpluses it produces thus meeting the national economic necessity for such exportation ,0,0.5899408366076442
support your paperno organization or movement can live and thrive without publicity the value of the proper publicity is stressed at every convention of the american federation of labor for many years past at every convention of the american federation of labor resolutions have been adopted upon the recommendation of the executive council of the of l strongly urging support of legitimate labor papers in san francisco and california union labor has one of the oldest and best labor papers published in the united states that newspaper is the official newspaper of the san francisco and state building trades councils and its affiliated organizations for thirty years your paper has stood loyally by the state building trades council of california and its affiliated organizations it is true that we may have made mistakes in the past we would not have been human had we not made some mistakes but such mistakes if there have been any were of the head and not of the heart as our heart has always been rightwe can not too strongly impress upon the members of the state building trades council of california and the members of its affiliated county councils and local unions the necessity for your loyal support to your official newspaper and many many times the only medium of publicity which your organizations and movement has had in years that are past and gone we would most strongly urge that every delegate and visitor to the twenty ninth annual convention of the state building trades council of california subscribe for before the convention adjourns the subscription price is $1 50 per year for individual subscriptions to and a special rate is made to unions subscribing to for their entire membership the paper is mailed each week direct to the homes of subscribers on another page of this issue you will find a subscription blank fill it out and turn it in with $1 50 and have the paper sent to your home every week for the next year do it now ,0,0.5650905578920147
two kinds of famea statue was unveiled in washington the other day in honor of john c calhoun who more than sixty years ago fought his battle for state rights it is a tacit recognition on the part of the present congress that john c calhoun was historically correct though to day congress generally acts as though john c calhoun never lived as to his worthy descendant patrick calhoun who was reported present at the ceremonies he belongs to that class of men who like pullman have to be interred in some half million dollar mausoleum in order to keep indignant patrons from clawing their corpses if there was any shame in the make up of pat calhoun of frisco he must have felt it on this occasion what a contrast pat does not believe in any rights either of state or city unless he has a finger in the pie his fame such as it as far as that of his illustrious ancestor but mingled with it go the groans of the poor whom he oppressed the curses of the dupes that he bribed and the qualified admiration of every well fed respectable law abiding thief ,0,0.5458844729183787
afl cio aids farm workers boycott drivethe united farm workers consumer product boycott of non ufw table grapes and lettuce is beginning to have its effect on the growers the aflcio executive council observed and it called for expanded efforts to bring justice democracy and dignity to the nation s fields and vineyards the council said it was pleased and heartened by the response of trafe unionists and many othml citizens to the boycott campaign but while the boycott and its related activities are progressing well in many parts of the country ,0,0.5737701067960086
an unjust boycott which is doing a great wrong to a well known friend of organized laboia mysterious agency has for the last year been operating in various cities against the sale of the goods of hamilton carthartt of detroit mich this agency unseen and up to the present time unfathomed has had the effect of bringing about a boycott yet it is a boycott which no labor organization can be held responsible no union has issued a boycott circular against the firm no labor leader has given public utterance to any criticism of it and no member of a union has entered complaint against it the firm as has been its uniform custom employes only union labor it manufactures only label goods conditions in its factories are equal to the best anywhere and mr hamilton carhartt is known throughout the country as a model employer and a public spirited citizen who never overlooks the welfare of his own employees yet despite the character of this house and its employment of the union label the attack on the sale of its goods seems to be systematic and widespread items occasionally appear in the papers announcing that mr carhartt while professing friendship for the union cause is nevertheless continuing his connection with the american manufacturers association of which mr parry is president such news items are photographed and widely circulated by some agency information has been received from one town and then another that its goods were having a saleless than the usual average and in one of the minor cities of the south sales have almost completely ceased as a result the house has been obliged the cause of the campaign against it as to this cause the united garment workers of america is as much in the dark as mr carhartt himself it has given him the same to lay off a number of its operatives and it is seeking to ascertain unqualified support that it extends to all label houses it has endeavored to find out the reason for the decrease in the sale of the firm s goods but without avail some one has suggested that mr carhartt s membership at one time in the american manufacturers association may be the foundation of rumors against his reputation as a union employer mr carhartt was a member of that body before the days of parryism and for a time after the appearance of mr parry and his anti union supporters he remained in this organization simply for the purpose of combating the rising antiunion sentiment this was at the time so widely known that there could hardly be any misconception of the facts on the part of any intelligent observer that mr carhartt should at this late day long after severing his connection with the association be made to suffer because of his sins instead of being rewarded for his own courageous course while a member of it would be an example of the rankest injustice the unions of all trades throughout the country wherever the carhartt goods are on sale would do well to inquire into the matter and see that the firm should be given the fair field to which it is entitled moreover if the underhand methods injurious to it can be explained by any union man it is his duty to come forward and throw all the light he can upon the subject ,0,0.5382706890804907
coming to their sensespresident harrison of the chicago burlington amp quincy railroad is reported as saying no man shall be disturbed because of his connection with a labor organization this is a sensible position the day is past in this country when any institution no matter how large can attack the principle of trades unions without serious financial loss the members of the kansas city typothetae can give expert testimony on this point midland mechanic do you own a home if not wouldn t you like to do so are not homeowners more likely to be more loyal to their country than those who have no home,0,0.5752135424227416
an educated asschancellor day the educated ass owned controlled hired and fired by rockefeller archbold and the rest of the notorious greasemongers known as the standard oil has broken loose again his loud braying is again heard in the land and the sweet morsels of wisdom that he spits out are immediately pounced upon by a hungry pack of reporters on the lookout for copy every morsel is re chewed by the press adorned with fancy trimmings such as pictures of the ass big headlines etc and served on the dear public the educated ass naturally swells up with his own tremendous importance to the man with a little common sense he remains the same ridiculous little pinheaded sycophant as ever crawling humbly before his masters in the hope of getting a hand out now and then this learned gentleman whose business it is to pump standard oil philosophy into the brains of the happy go lucky college boy has just come home after a trip around the world why we never suspected that he was away foreign papers evidently do not know what an exalted position he holds in this country as the ultra scientific flunky and apologist for the saintly standard oil company the papers have sadly neglected to record the travels of this great and good man it is not even known if he met our all but almighty thunder t rosenfelt better known in africa by the name of bwana tomba that is portly master which is polite african for fatty restitution is due the learned mr day the american press is going to see that he gets it lie has made some wonderful discoveries his learned discourse on the extravagance of the american workingman we are disposed to agree with it is really the height of extravagance to allow him and the gang of plutocratic parasites he represents to feed on the workers it is our most emphatic opinion that this country can get along a darned sight better without him if the american workingmen keep up their senseless strikes they will ultimately become as poor as the hindoo working for 10 cents a day so prophesizes the learned oracle don t worry mr chancellor when that day comes neither you nor your proprietors will be left to tell the tale it is because we have the courage to agitate strike and resist that you and your ilk will never be able to reduce us to the pitiful poverty of the hindoo the american workingmen are led by agitators to believe that they are not getting their just dues just so the mild and non combative hindoo with his fatalistic belief thinking that his poverty is preordained will take no steps towards self improvement the workers of this country however are fast learning that the first step toward economic emancipation is to get rid of some of the social parasites that bleed them when the workers get their just dues as some day they will by the strength of their own organization you and your masters had better move far tar away lest your disagreeable presence should inspire acts of primitive justice you know the excited rabble has a peculiar taste in the decorating of lamp posts you are right chancellor we are the best paid and the most discontented croakers in the world it is because we are discontented that we get the best pay all progress has its root in discontent the contented hindoo earning a few cents a day living on a handful of rice under the same conditions that he lived centuries ago is ruled absolutely by a handful of englishmen ambitious and discontented the hindoo whom england taxes heavier than the old native rulers ever had the gall to do is content to see his people starved to death to the tune of several millions a year in order to feed the hungry maw of capitalism had mankind been contented to sail on rafts we should never have invented ocean liners the general social unrest that worries the chancellor so much is a sign that the common people are waking up and when they do awake they ll brush away the standard oil as easily as a man sweeps a fly from his face back to india chancellor it is a cheap place suitable for cheap minds and cheap liars you will feel quite at home ,0,0.5925369173792647
jeffersons namesakeamong the many namesakes of thomas jefferson the famous american president is a colored man who for more than ten years has spent his time in humble but useful employment he wheels ashes and rubbish of all sorts from the back doors of the houses in one of the districts of a new england town he has learned through the servants in these houses many items of interest concerning his employers and their families and has a decided belief in his importance to their welfare one day the head of a family went out into his back yard and seeing the colored man at work over the ashbarrel said affably let s se e what s your name thomas jeff son sail was the re j ply ah said the gentleman i think l am quite sure i have heard that name before yas sail mos likely you is heard it said the negro showing his white teeth i done shovel ashes an wheel bar ls out o dis yer alley fo de las ten ycahs crotchety old farmer had trouble with his neighbor and as a result sought his solicitor 1 want yeow ter write him a letter an tell him this here foolishness hez got ter stop he declared firmly i know what i want ter say but i ain t go the lamin ter put it just right what do you want to say the lawyer asked waal begin by tellin him thet lie s the blackest lyin est thievin est lowdownest scoundrel on airth and then work up ,0,0.6049929608394016
of interest to womenthe children s hour retween the dark and the daylight when the night is beginning to lower comes a pause in the day s occupations that is known as the children s hour i hear in the chamber above me the patter of little feet the sound of a door that is opened and voices soft and sweet from my study i see in the lamplight descending the broad hall stair grave alice and laughing allegra and edith with golden hair a whisper and then a silence vet t know by their merry eyes they are plotting and planning together to take me by surprise a sudden rush from the stairway a sudden raid from the hall bv three doors left unguarded they enter my castle wall they climb up into my turret o er the arms and back of my chair if i try to escape they surround me they seem to be everywhere they almost devour me with kisses their arms about me entwine till t think of the bishop of bingen in his mouse tower on the rhine do you think o blue eyed banditti because you have scaled the wall such an old mustache as i am is not a match for you all i have you fast in my fortress and will not let you depart but put you down into the dungeon in the round tower of my heart and there will i keep you forever yes forever and a day till the walls shall crumble to ruin and moulder in dust away longfellow the state of illinois thinks it is better to give a mother a pension of $lo or $l5 a month to help her keep her children at home rather then spend the same amount maintaining the children in an orphan asylum or state home a new law providing for mothers pensions has just become effective the first pensioner is mrs margaret toppel who was struggling to bring up six children on a hard earned $8 a week she is now given $l5 a month to augment her wages and the children will still know her mother love and daily care the new law is popular thousands of applications for pensions are being investigated the mothers pension has its dangers as well as its good qualities as pointed out by miss jane addams the famous founder of hull house and an earnest advocate of the law before the last legislature it is infinitely better for a woman to keep her children under her own supervision wherever it is possible and she has the desire to do her best for them says miss addams it is better for the woman and for the children it is better for the state also to give $lo a month for the support of a child at home than to expend $lo for the care of a child in some institution if we could be assured that only the worthy would be recipients of the pension the law would be flawless rut the difficulty is in pensioning only those worthy mothers who will find the pension simply a measure for their immediate aid and an incentive for their future independence professional charity getters willcertainly strive to take advantage of the measure but the problem of discovering the worthy will be only a minor one if the mother should lose ambition and self dependence through the pension she receives then the administration of the law has been detrimental to her and to society the pension is intended for the temporary aid of those mothers who otherwise would have to send their children to public charity institutions tt is not supposed to take entire care of the family it is expected to be a crutch not a wheel chair and if the law is administered in the spirit in which it was passed it will be one of the most beneficial legislative measures ever enacted on its success in illinois depends its adoption elsewhere there is no doubt that the law in itself is of great extent of the problem of dependent children and an incentive toward maintaining home life after all it is the executive and not the legislative enactments that determine the value of all measures officers of the juvenile court of chicago have found that most of the applicants are women whose only means of support is labor that takes them away from their homes all day and whose children are left to the care of neighbors or day nurseries through the summer these women are able to manage but the coming of winter increases the expense of living so that often it becomes impossible in most cases applicants for pensions request aid till such time as the children will be an aid and not a burden to the mother shoulder fixings which offer the utmost possibilities for home making and much elegance at small cost are the fischus which are now being made in every material from dotted muslin to satin and velvet one of these lovely shoulder deckings was shaped exactly like the fischu mantelet of our grandmammas tt was of a thin chiffon silk in a pale violet with embroideries of pale blue one slip was of violet gauze trimmed with blue and the other was a little blue batiste affair simply tucked tall slim figures or short ones are equally glorified by these dainty fischus which to have the real oldfashioned stamp and consequently the new one must fall in long rounded ends at the front shoulders however must not he too square or these little mantelets and draperies lose their charm one of the economics which have been adopted in paris to some extent is the imitation ostrich plume of vegetable silk this is designed to represent not only the ordinary curled feather but the uncurled pleureuse as well though it is hardly likely to deceive the most credulous it is quite effective and costs about one tenth as much as the real article another and even prettier scheme is the ostrich plume which is fashioned of lace of the finest and flimsiest description this of course makes no attempt to deceive any one or even to look sufficiently like the original to more than suggest it still it is an attractive and piquant invention which provides a pretty trimming for a hat and for those who can not afford the costly and almost prohibitive ostrich plume it makes a satisfactory substitute thin arms are very easily dressedbecomingly though there have been women in the world who had every device of the toilet at their beck and call and yet failed to understand the needs of their meagre arms a celebrated actress and well known society woman was one of these and even the surpassing loveliness of her face could not make up for the ugliness of the arms she was forever showing off in short sleeves however estimates of beauty have changed somewhat and with the present formless lines striven for in clothes match like arms are no longer a bar to good looks rut they must be dressed becomingly in long sleeves gathered over the arms or in the shape of loose bishop puffs ending in a long hand ruffle the closer sleeve should have a pointed bottom covering the back of the hand if this member is also too thin or otherwise unlovely but where the bishop sleeve is used the material of the bodice must be thick enough to hide the outlines of the arm for otherwise there will be an unpleasant x ray effect when the light pierces the thin texture perhaps the most popular form of millinery for traveling and outing purposes are those smart little round hats of suede they are simply trimmed with a strap and buckle which are fashioned in colored suede in such colors as cinnamon champagne cerise royal blue myrtle green mole gray saxe blue purple or other varying shades being very soft they are ideal for motoring and can he worn with serge or cotton frocks for country use several women have bought them to wear with white linen and serge frocks adopting the idea of wearing suede shoes to match and carrying an en tout cas of a like color finished with a suede covered handle ottoman silks are having a considerable vogue as a trimming being especially used for collar facings and revers the big demand in paris has been for cream white deep yellow tan and coronation red these three colors have been used in combination with both navy blue and black worsteds and silks pond lily salad on separate salad plates arrange some nice white lettuce leaves boil eggs hard one and one half for each person cut whites in long strips placing these in center of lettuce then chop yolks fine adding finely chopped celery parsley and olives mix well with mayonnaise dressing season with salt and pepper and place in middle of dish veal croquettes use beef or chicken or any kind of leftover meat put the meat through the chopper season with salt and pepper moisten with cream sauce or soup add wellbeaten egg cracker crumbs to make stiff enough to mold in balls and fry sauce for same fry a small onion in butter for the flavor only take out and brown some flour then add either soup stock or water and then season with salt pepper and catsup cream sauce may be poured over them instead stuffed peppers be sure and get hell peppers from six large peppers cut tops and take out seeds boil for half an hour one and one half cups of chopped veal one half cup cold boiled rice three chopped tomatoes one half teaspoon salt one tablespoon of melted butter fill the shells with this and a few buttered cracker crumbs on top rake about one hour madge s cookies cup of butter cup of powdered sugar cup of corn starch tablespoon of milk two wellbeaten eggs small glass of sherry and teaspoon baking powder flour to make stiff enough to roll roll then and cut then brush over with milk sprinkle cinnamon granulated sugar and chopped nuts good pie crust six heaping tablespoons of flour about half teaspoon of baking powder tablespoon lard and a little salt mix with milk instead of water cocoanut cake three eggs beaten separately one and one half cups of sugar half cup of butter half cup of milk two cups of flour two teaspoons of baking powder the juice and grated rind of one lemon cream butter and sugar add a little at a time the flour baking powder yolks of eggs lemon and milk always beating hard lastly fold in lightly the beaten whites of eggs bake in three layers and put together with boiled icing and one grated cocoanut com starch pudding one pint of milk two heaping tablespoons of corn starch three tablespoons of sugar whites of three eggs beat tineggs to a stiff froth dissolve tincorn starch in a little of the cold milk stir the sugar into the rest of the milk heat up to the boiling point then add the dissolved corn starch stir constantly till well thickened stir in the beaten whites of eggs and let cook a little longer remove from fire and flavor with vanilla tut into a mold serve with cream or custard made of the yolks of eggs ,0,0.559387826577068
bevin challenges workers to unite against hitlerbritish labor minister ernest bevin challenged my fellow workers the world over to join the fight against hitlerism in his address to the united states on labor day can you leave one section of the great working classes to fight this battle alone you know in your hearts that your future depends on a victory over nazism it is acknowledged that that victory depends upon overwhelming supplies of ah forms of war material surely the working people will not allow any disunity in their own ranks to hinder victory over this monster who would destroy them bevin added that orking people can never rise to their full stature under a system dependent upon autocracy or dictatorship 1 hey must win it through a labor movement organized and united under a free democratic system we all have our national characteristics but a great cause unites us the trade unions cut right across the factors that divide humanity they unite all peoples irrespective of race color or religion the tree of liberty must be refreshed from time to time with the blood of patriots and tyrants thomas jrfferson ,0,0.5985145571595172
when both bridges are completed several hundred ferryboat employees will be joblessas of january 6 1936 the masters mates and pilots no 40 marine engineers beneficial association no 97 and the ferryboatmen s union of the pacific served thirty days notice upon their various employers asking that their present agreements be amended to include the following provision for a dismissal compensation to take care of those employees who lose their positions as a result of the building of the golden gate and san francisco oakland bay bridges the proposal made by the unions to their employers is as follows each employee after he is relieved of his position due to the construction of the golden gate and san francisco oakland bay bridges shall receive as dismissal compensation one month s pay based on the average basic monthly wage rate for the past five years for every year or major fraction thereof of service payment shall be made either in one lump sum at the time that the employee is relieved of his position or in twelve equal monthly payments to begin at the time the employee is relieved of his position the employers upon whom notice has been served includes key terminal railway ltd southern pacific golden gate ferries ltd northwestern pacific railroad company and southern pacific company pacific lines in the case of the northwestern pacific railroad company and the southern pacific company the unions in accordance with section 6 of the railway labor act has asked for a meeting within the next ten days for the purpose of arriving at an agreement on the proposed amendment suggested by the unions in the case of the other companies the unions have requested meetings as soon as is mutually convenient for the purpose of arriving at an agreementthe building of the two bridges in the san francisco bay constitutes a real threat to the livelihood of hundreds of ferry boat employees under the provisions laid down by the reconstruction finance corporation who made possible the fifteen million dollar loan to be used for the construction of the lower deck of the bridge over which a rapid transit system is to be operated the ferry boat service carrying passengers exclusively namely the southern pacific company and key terminal system must cease operating immediately upon the opening of the lower deck of the bridge it is estimated that this will effect in excess of three hundred employees whose employment will be terminated as of the date of the opening of the lower deck of the bridge in the case of the automobile ferries it has been estimated by the engineers of the california toll bridge authority that 75 per cent of the traffic will shift from these ferry boats to the upper deck of the bridge and although the auto ferry boats may continue to operate after the upper deck of the bridge is opened it is obvious that in the face of the estimate made by the engineers there will be a large curtailment in service with a resultant decrease in the number of employees necessary for the operation of the boats in view of the fact that the companies operating on the bay will receive definite consideration and protection of their investments since the key system and southern pacific company will operate the transit system on the bridge and since the southern pacific golden gate ferries ltd has been permitted by the railway commission to earn as large a return as possible on its investment so that it could pay off its properties and since the public interest has been protected in that they are to have the bridges with all of the resultant benefits deriving therefrom the unions representing the employees on the ferry boats are determined that the men and women who have put in most of their lives working on these boats shall receive some consideration in this present situation it is probable that some eight hundred to a thousand employees on all the ferry boat systems operating on san francisco bay will lose their positions when both bridges are completed ,0,0.5939287727408608
electrical workers no 6electrical workers union no 6 has appointed the following committee to prepare a course of instruction in all branches of the industry which will he free to members albert cohn harold gerber fred desmond nick siggins and harry brigaerts this course will cover instructions in maintenance battery wire and inspection work and will prepare members of the union to maintain high standard of workmanship and to qualify for any position in the electrical industry competent instructors have been obtained and the course will be free to all members of the union during the past week the union initiated ten candidates and paid $2ooo in death benefits ,0,0.6271288400895483
old tradition she go boomsan diego calif an old tradition has fallen with a big bang a couple of gee whizzes and much wagging of gray union heads in san diego faced by a desperate shortage of manpower on urgently needed housing projects local 333 brotherhood of painters for the first time in history is depending on womanpower to help pull it through the emergency first woman to win approval of the local s examining board is pretty 28 year old mabel denham mother of two children and eight time blood donor who made the eyes of the oldtime union members pop when she stood beside five men candidates and took the oath of obligation of the union she is employed as a painter on a project where her husband works as a truck driver,0,0.5864395045939754
presidents peace terms mean teuton salvation robert hunter sees hope for germany in wilson s formula insists all labor should be devoted to production of necessities advocates ban on luxuriesthat the president s peace terms will spell the salvation of germany as the emancipation proclamation of lincoln saved the south is the statement of robert hunter wealthy new yorksocialist and author who is spending the winter here hunter says however that the fourteen peace terms of the president may prove a bitter pill for the german militarists and will have to be forced inch by inch down their throats mr wilson thrilled every american and lover of democracy the world over said hunter his proposals if accepted really mean the salvation of germany just as lincoln s proclamation meant the saving of the south and just as the southern slaveholders fought against lincoln s mandate so will the german military caste fight to the bitter end against the new international freedom proposed by mr wilson to the ger nans what mr wilson says will appear malicious impudent and monstrous let us see what he says open diplomacy freedom of the seas free trade disarmament freedom and independence for small nations revolutionary internationalism this revolutionary internationalism this diplomacy of democracy marks and is meant to rr ark a new era in human societyxor does mr wilson speak as a pure theorist or sentimentalist lie demands that all that he asks for us shall be given unto these last the bolsheviki even though they be the wildest visionaries in the world they are on their own soil and they must be left alone to work out their own destiny this is worthy of the great republic for which mr wilson speaks and what he says rivals the aspirations of milton for freedom lead providential we are a poor bungling democracy and it seems providential that lincoln should have been at the head of us to handle the civil war and that mr wilson with his peculiar mind so well trained for the particular needs of the present hour should be at the head of this nation now to voice his exalted program foi permanent international peace unhappily the german militarists will never understand every word that mr wilson utters will offend and torment them and instead of shortening the war these proposals for peace wilf lengthen the warr continued on page 5 ,0,0.625875826101234
money for strikeschicago unofficial returns of a referendum vote taken october 23 among the 80 000 members of the international typographical union of l show the members on record for assessing themselves $1 000 000 annually for conduct of strikes if necessary and for increasing benefits for strikers ,0,0.5945424191788391
denison tex waiters and waitresses have suspended work to enforce a nine hour day and $6 a week against a workday of from 12 to 16 hours for $4 a weekj bass hueter paints and varnishes made in california since 1857 munson school private secretaries 150 post street douglas 253 rolph shipbuilding co shipyards at fairhaven eureka cal builders of wooden vessels of all descriptions sail or steam equipped to give prompt deliveries main office 230 california street san francisco cal phone market 1721 united states laundry 1148 harrison street san francisco west coast sail francisco life insurance company insurance in force paid for ordinary department $25 322 234 00 industrial department 9 714 000 00 total $35 036 234 00 patronize home industry more money for you ou car 2 amp arn if you will learn mtc a with its all around ft gt pmentjmental physical oral can help you succeed gy ms swims games ti rty seven educational courses rite ihone call for full information 131 leavtnworth st phone franklin 461 made in california by skilled wellpaid union workmen every individual or firm in this business classified column is fair to asbestos amp magnesia products western asbestos magnesia co philip carey mfg co s prod 25 s park business personals city of hamburg co inc 322 davis st niptrs amp mfgrs oil olives cheese etc booth s sardines packed by booth co san francisco girls welfare home 1657 hayes for atcandad girls fillmore 1063 cleaning and dyeing rhe f ithomas parisian dyeing and cleaning works san francisco tenth st phone market 230 we clean and dye everything mourning order done in 24 hours gent s suit cleaned or dyed in short notice cloaks and suits cosgrave cloak and suit co 352 post st near powell coffee and tea cochran co 30 wagons at your service 1576 market st nr franklin dentist the best in dentistry at reasonable prices painless parker dentist druggists patronize shumate s pharmacies 14 de pendable stores quality economy ex furniture credit is good john breuner co se 281 geary st nr powell hardwood floors dt ~ nlaid floor co 600 alabama st phone tu mission 1675 gt liquors retail rock canteen bar 81 third st ^bel^l^sion^jind^mariiet^treeta^^^ the milk rotl carlos dairy 148 noe st of high j adeandquauty ^^^^^^^ ^ gt 11 optician shlrpser eye sight specialist 010 market st opposite fifth paints 7 p fuller amp co paints oils glass 301 mission st cor beale restaurants temember meads the eight hour restaurants roofing amp building specialties western asbestos magnesia co philip carey mfg co s prod 25 s park savings banks terman sav amp loan soc 526 calif st brs mission amp 21 clement amp 7th av ht amp belvedere 65 717 depositors tripe es heads and feet brains tongues cc bayle lacoste co california mkt usses elastic hosiery etc gandlon trass co 1108 market st 3 specialists lady attendant n icy sa vnd le tent in patronize t we of icd home industrystatement of the condition of the bank of italy savings commercial trust head office san francisco december 31 1917 resources first mortgage loans on real estate $26 924 751 03 other loans collateral and personal 20 079 438 07 banking premises furniture fixtures and safe deposit vaults head office and branches 2 341 000 00 other real estate 160 634 43 customers liability under letters of credit 1 215 590 08 other resources 388 787 97 united states state municipal and other 80nd5 513 308 176 52 cash 13 054 774 69 26 382 951 21 total $77 473 152 79 liabilities capital paid up $ 3 000 000 00 surplus $811 600 00 undivided profits 288 400 00 1 100 000 00 dividends unpaid 112 834 00 letters of credit 1 215 590 08 deposits 72 044 728 71 total $77 473 152 79 giannini and a pedrlni being each separately duly sworn each for himself says that giannini is president and that said a pedrlni is cashier of the bank of italy the corporation above mentioned and that every statement contained therein is true of his own knowledge and belief giannini a pkdrini subscribed and sworn to before me this 31st dav of december 1917 thomas s burnes notary public on june 15 1918 capital will be increased to $5 000 000 00 fully paid the story of our growth as shown by a comparative statement of our resources december 31 1904 $285 436 97 december 31 1906 $1 899 947 28 december 31 1908 $2 574 004 90 december 31 1910 $6 539 861 49 december 31 1912 $11 228 814 56 december 31 1914 $18 030 401 59 december 31 1916 $39 805 995 24 december 31 1917 $77 473 152 79 number depo i on j fj ™ g savings deposits made on or before january 10 1918 wi ii fevirn interest from january 1 1918 ji iassociated savings banäs of san francisco dividend notice hum boj dt savings nic 783 market st near fourth san francisco for the half year ending december 31 1917 a dividend has been declared at the rate of four 4 per cent per annum on all savings deposits payable on and after wednesday january 2 1918 dividends not called for are added to and bear the same rate of interest as the principal from january 1 1918 klevesahu cashier dividend notice itai jan american bank southeast corner montgomery and sacramento sts for the half year ending december 31 1917 a dividend has been declared at the rate of four 4 per cent per annum on all savings deposits payable on and after wednesday january 2 1918 dividends not called for will be added to the principal and bear the same rate of interest from january 1 1918 money deposited on or before january 10 1918 will earn interest from january 1 1918 a sbarboro president dividend notice bank of itat y southeast corner montgomery and clay sts market street branch junction market turk and mason sts for the half year ending december 31 1917 a dividend has been declared at the rate of four 4 per cent per annum on all savings deposits payable on and after wednesday january 2 1918 dividends not called for are added to and bear the same rate of interest as the principal from january 1 1918 money deposited on or before january 10 1918 will earn interest from january 1 1918 giannini president a pedrini cashier dividend notice the mission savings bank member associated savings banks of valencia and 16th sts for the half year ending december 31 1917 dividends upon all deposits at the rate of four 4 per cent per annum will be payable on and after january 2 1918 dividends not drawn are added to the danosit ajpcjpnnt tnd earn interest from january 1 1918 james rot ph jr president ,0,0.6207519081329758
runaway plants seek low wages in mexicowashington a sharp increase in the number of firms jumping the mexican border to exploit low wages for greater profits has been reported by afl cio research dir nathaniel goldfinger goldfinger said the mushrooming problem of borderjumping runaway industries is a cause of increasing concern to the labor movement the afl cio he noted has called on federal agencies to refuse assistance and advice to runaway operations that result in the loss of jobs by workers goldfinger s statement called attention to recent reports that a growing number of firms are setting up operations across the border in april 1967 the labor department listed 33 firms operating in mexico a recent new york times article saidmore than 70 are now there the afl cio dept of research suggested that the figure may exceed 100 most runaways go into mexico under the mexican government s national frontier program set up in 1961 but activated only two years ago which gives them tariff free privileges on imports machinery raw materials and semifinished goods provided they export their finished product the product is then shipped back into the under a tariff code that requires the producer to pay duty only on what is termed value added meaning the low cost mexican labor the afl cio executive council urging congresss to amend the code to eliminate this advantage warned that it is helping to destroy jobs of workers with no clear long run benefits to mexico s own economy the program is tailormade for a company to install only a part of its manufacturing process in mexico one that calls for hand work unskilled or semi skilled labor electronics apparel wood and furniture companies have been quick to take advantage the wall street journal reported that the nielsen co has opened a plant in nuervo laredo to sort cents of coupons redeemed by large grocery chains a nielsen executive admitted that low wages are the company s reason for going there the area s minimum wage is 23 50 pesos or $l bb a day the new york times described how alberti food products of harlingen tex has shifted part of its operation 25 miles south to matamoros mexico women handling shrimp in harlingen earn only about $1 40 an hour but alberti pays its women employes in mexico just $2 08 a day a meat cutters official in harlingen dagoberti barrera stated that the move has brought cutbacks in the harlingen operations and that other food processors are using the runaway threat against the union in negotiations although most attention has been given to runaways across the border from texas a number of firms are moving to locations adjacent to arizona and california as well the mexican government s program is aimed at attracting companies to develop a 12 5 mile wide border strip extending 1 600 miles from texas to california plus the state of baja california most of the runaway firms attempt to conceal their moves and the government is aware only of those that seek its help or get publicity the afl cio has urged the to require registration by all of the runaways and has called on affiliated unions to collect information the secretiveness that the runaways engage in was underscored by a wall street journal report that a california concern cal pacificao of newport beach now negotiates with mexico for firms that would be embarrassed to have their moves exposedlg gt greetings to the afl cio west portal launderette and finished laundry union business appreciated 305 west portal avenue lo 6 4741 san francisco 94127 amp gt e^g^mtocas omut n gray amp co $5o divisadero street at post,0,0.5982149827535086
lumber workers seek to open way to higher wagesportland ore jan 23 up arrival of a representative of the war production board from washington is expected next week to further attempts by lumber workers unions to have the industry designated as critical president claude ballard of the international woodworkers of america said today the woodworkers officials returned this week from washington where he requested the wpb to invoke its rare and unusual policy by which ballard says the agency could raise the workers wages the only answer to the manpower shortage is to offer them more money he declared og seven million clerical technical and professional wmrkers in private industry 900 000 are under union government statistics claim that 15 per cent of the wealth produced in america goes to wages ,0,0.6250408343511986
standard oil unit backs oil controlnew york government control of oil production is favored by standard oil company of new jersey largest unit in standard oil group the lamy official magazine of the new jersey corporation has rejected the old theory of control of one s property and accepts regulation of oil production by state commissions as is the rule in oklahoma and texas the oil company s publication admits that regulation or proration of oil output defers income and holds in check freedom of development but insists that proration s many advantages outweigh its inconveniences so greatly that all operators must come at length to embrace it ,0,0.5819768456712269
beware those costly lists of free landthe department of the interior has issued new warnings against promoters selling expensive lists of so called free public lands these promoters operating in several parts of the country claim that large areas of the nation have been opened up to homesteading and that free acreage is available to all takers for a fee ranging as high as $lo they promise to send you a list of the available property charles h stoddard director of the departments bureau of land management reports that these lists are worthless there is no such thing as free land he said from the governmentor from anyone else as for homesteading mr stoddard points out that less than one per cent of the land left in the public domain is suitable for farming that means that homesteading is a thing of the past except for some isolated areas in alaska when public lands are available they are put up for sale at a fair market price mostly at public auctions notices of these sales are available free at the bureau s state land offices mr stoddard warned however that much of this land is rough and mountainous some of it is hundreds of miles from civilization and can be reachedonly by pack horse or burro if you are still interested in this land it is not necessary to pay a big fee for a land list the interior department publishes a magazine which will bring the list to your home regularly the magazine is called our public lands each issue carries an official list of available land the date and time of public auctions our public lands is published four times a year and you can subscribe for a year for 60 cents order from superintendent of documents government printing office washington 20402 fi s ® 45 ,0,0.5523038494440944
this judge wants to jail open shopperschicago circuit judge harry m fisher has no higher opinion of open shop employers than the average man they are a lot of conspirators banded together to work against the peace of the community he declared in a recent trial in his court if i could see my way clear to do so i would send them to jail,0,0.6229082820306087
building trades directorystate building trades council headquarters general president and genera secretary treasurer 504 grant building market and seventh streets phone hemiock 6140 building trades council headquarters building trades temple phone market 1806 1807 meets every thursday evening brotherhood hall building trades temple guerrero and fourteenth streets executive board of building trades council meets every tuesday evening unity hall building trades temple bay counties district council of carpenters meets every wednesday evening harmony hall building trades temple district council of painters meets ever wednesday liberty hall building j trades temple boiler makers no 6 meet second and fourth mondays in labor temple building material teamsters no 210 meets every wednesday evening in california hall building trades temple bricklayers union no 7 meets every tuesday night in prosperity hall building trades temple executive board of bridge structural and ornamental iron workers no 377 meets every tuesday evening between 8 and 10 o clock in building trades temple bridge structural and ornamental ironworkers no 377 meets second and fourth friday in prosperity hall building trades temple bronze and ornamental iron workers local no 472 meets second and fourth wednesdays building trades temple carpenters union no 22 meets every friday brotherhood hall building trades temple financial secretary s office building trades temple carpenters union no 34 meets every ftiday at their headquarters 457 bryant street carpenters no 304 meets every monday evening 112 valencia streetcarpenter union no 483 meets monday evenings carpenters hall 114 valencia street carpenter no 2164 meets second and fourth fridays building trades temple carpet mechanic no 1 of san franclbco meets lirst and third tuesdays in progress hall building trades temple cement finisher union local no 630 meets first and third wednesday in friendship hail building trades temple displaymen and show card writers local union no 319 meets second and fourth tuesdays california hall building trades temple electrical worker local no 6 meets first and third wednesday brotherhood flail building trades temple elevator constructors no b meets8 meets first and third friday evenings harmony hall building trades temple felt and composition roofer no 40 meets first and third monday evening california hall building trades temple furniture handler no i meets1 meets second and fourth mondays progress hall building trade temple gas appliance and stove fitter union no 706 meets second and fourth weariesday evenings eureka hall building trades temple hardwood floor layers local 1047meets every thursday evening at o clock 200 guerrero street granite cutter meets fourth thursday of month in eureka hall building trades temple heat frost general insulators and asbestos workers no 16 meet second and fourth tuesdays eureka hall building trades temple holstlno engineer no 59 meets first and third mondays progress hall building trades temple international hod carriers building and common laborers union no 30meets first and third mondays harmony hall building trades temple mantel grate and tile etters helpers no 70 meet second and fourth tnursdays liberty hall building trades temple marble shop workers and hslpsrs ns 95 meets second and fourth fridays building trades temple marble msstns union no second monday progress hall building trades temple mlllmsn s unlor no 42 meets every tuesday evening brotherhood hall building trades temple millwrights union no and third fridays progress hall building trades temple ornamental plasterers no fourth tuesday eureka hall building trades templepainters no 1158 meat every friday 111 valencia street patntera paperhangers and decorators of america local no 19 meets every monday brotherhood hall building trades temple plasterers union no 66 meets very monday in friendship hall building trades temple plumbers no 442 meets second and fourth friday evenings in prosperity hall building trades temple sheet metal workers international association local no 104 meets second and fourth fridays 224 guerrero street sion scenic and pictorial painters no 510 meets every friday evening liberty hall building trades temple sprinkler fitters local n ® second and fourth mondays liberty hall building trades temple steam engineers no 64 meets first and third tuesdays friendship hall building trades temple steam fitters no 509 meets firstand third tuesdays liberty half building trades temple steam shovel and dredpomen s union no 45 meets first of month at 150 hanford building 268 market street tii setter no 19 meets first and third fridays eureka hall building trades temple construction and general laborers unoaitora i hku as trades temple ätxä 7 c£um hall building trades lemple upholsterers and trimmers union no 3 tmeets in building trades temple second and fourth wednesday evenings varnishers and polishers union no 134 meets second and fourth tuesday eveä harmony hall building trad temple a wood wire and metal lathers no meets first and third fridays 224 guerraß street  htones good provider in his opinion a sound estate entrusted to experienced managers may be a husband s outstanding gift to bis family s happiness our trust officers are ready to help you create such security thust department crocket first national rank ^uvneidco dll points erst wherever east you wish to go ask your santa fetrailways agent for rates and schedules santa fe trail ways offers recognized qualityplus real economy bus service from coast to coast big roomy lavatory equipped buses three fred harvey meals only $l oo per day coordination with the santa fe railway m grand canyon route 54 fourth street ex 3121 601 market street su 7600 san francisco ★ 1801 telegraph ave holliday 5600 432 13th st h umbo it 9780 oakland or any santa fe railway agent h jtsmitr ie irriiuirvs admission 10c auspices international greyhound raring assn races q ic nightly except sunday just below county line by auto bus or street car via bayshorc highway or mission st free parking no unaccompanied children admitted a bayshore city,0,0.5978244589499215
lowa people in californiathe christian home orphanage of council bluff s lowa national child rescue institution is appealing to all former lowa people who have removed to california as well as to all californians to come promptly and as liberally as possible to the help of this great work the depression has laid a heavy hand on the home and it needs your help now if it is to give food and shelter to the little army of helpless children under its daily care during these days of strife there is no problem more real more urgencör more pathetic than the problem of deserted homeless children and there are many thousands of them helpless hungry innocent little children who are in no wise to blame for the hardships that are upon our country little ones who are truly suffering fori the actual necessities of life who are without medical care and the proper shelter and with winter at hand many of them will die unless help comes speedily the christian home orphanage at council bluffs lowa for fiftyone years has cared for and educated homeless children from every state in the union the depression has placed a heavy withering hand upon it it has managed to keep its doors open so far but today it faces the supreme effort of its long life winter is at hand and appeals in behalf of helpless children that are pouring in upon it if the home is to be able to function it must have the very prompt help of all kindly disposed people whose hearts go out to homeless children the home appeals to you earnestly for this help the home is supported wholly by voluntary contributions from all sections of the country it is non sectarian has no endowment receives no appropriations of any kind employs no traveling agents but must depend solely upon the goodness of the people for funds to care for its little ones it provides for an average of 500 children annually it conducts its own school hospital and a department for dependent aged women the home is of necessity depending upon the liberality of contributions at thanksgiving and during the christmas season to enable it to keep its doors open and trusts that all will contribute as promptly as possible whatever sum you see fit to send this is truly the testing time for this great work with the united help of all who are interested in the care and shelter of homeless children the work can be carried through these unfortunate days the work and these little children so greatly need your help that it is to be hoped that none will fail to help to whatever extent is possible please send all contributions to the christian home orphanage council bluffs lowa and the same will be duly acknowledged and credited in the official publication of the institution a copy of which will be mailed to you ,0,0.5995222626326729
building contractssan francisco county e thirty ninth avenue 25 s cabrillo one story and basement frame dwelling owner r frommer contractor mager bros 1359 fourth avenue cost $4ooo n twenty second 175 vv sanchez and s hill 105 w noe one story and basement frame dwelling and twostory and basement frame dwelling owner a quinn cost $3ooo each ne hollyoke 175 nw bacon one story and basement frame dwelling owner l silverstein contractors meyer bros first national bank building cost $4ooo 1485 mckinnon avenue one story and basement frame dwelling owner frank sherry cost $3ooo sw lowell and hanover onestory and basement frame dwelling owner a peepari cost $3500 w twentieth avenue 200 n ulloa one story and basement frame dwelling owner marchi cost $3ooo w athens 225 s brazil onestory and basement frame dwelling owner strong and jorgensen cost $3ooo sw cortland avenue an 1 nebraska streets two story and basement frame dwelling owner galeazi cost $4ooo w baker 68 6 s francisco onestory and basement frame dwelling owner fletcher baker contractor robert c crouch 1242 polk street cost $4ooow eighteenth avenue 125 n ulloa one story and basement frame dwelling owner armbrust cost $4ooo sw chestnut and fillmore streets san francisco one story frame stores owner m fisher contractor m fisher and son 556 milis building cost $10 500 n portola drive 60 90 150 e granville way san francisco three one story and basement frame dwellings owner c wengard cost $3500 each nw twenty second ami vermont streets and n twenty second 25 50 75 w vermont four one storv and basement frame dwellings owner william h grahn cost $3500 each sw ninth and mission streets one story and basement frame stores owner klenck cost $14 000 se fourteenth and julian avenue extend brick walls of armory building owner state of california contractor drake 180 jessie street cost $17 500 22 and 24 castro street addition for private garage stucco front and remodel entrance for dwelling owner john h merz cost $looo 949 mission street new floor joists glazing painting electric work for store owner harrison contractor charles coburn 180 jessie street cost $looo 3221 washington street remodel dwelling owner dr lowell lang stroth prem contractor j dawspn 1541 cedar street berkeley cost $4ooo e castro 71 6 n twenty ninth one story and basement frame dwelling owner john n desecco contractor carl chase 2071 bush street cost $3ooo s francisco 143 9 e baker onestory and basement frame dwelling owner janssen cost $4ooo n corbet avenue 200 e corbin two story and basement frame 2 flats owner agnes bremer contractor george bremer 4373 seventeenth street cost $2ooo e mission 100 n eighteenth onestory and basem ent frame dwelling owner john dewey trant contractor wesendtink jr 1747 dolores street cost $3ooo n cervantes 100 125 e avilla san francisco two two story and basement frame dwellings owner meyer bros first national bank building cost $6ooo each e san felipe 189 n monterey boulevard san francisco one story and basement frame dwelling owner albert j olson cost $5ooo e san felipe 139 n monterey boulevard san francisco one storyand basement frame dwelling owner albert j olson cost $6ooo nw eighteenth avenue and noriega one story and basement frame dwellings owner frederick a doane contractor john e mccarthy 1483 funston avenue cost $4ooo n green 68 9 e montgomery two story and basement frame 3 flats owner frank briano contractor vincent maffei 40 bonita street cost $booo e fifteenth avenue 200 s ulloa one story and basement frame dwelling owner harry de yonge cost $4ooo e tenth avenue 100 and 125 n quintara two two story and basement frame dwelling owner greg padella cost $4ooo each s bay 118 9 e broderick street one story and basement frame dwelling owner swift contractor acme building co 4324 geary street cost $4ooo w huron 27 4 5277j4 102 4 127 4 s farragut five one story and basement frame dwellings owner rudolph mohr amp sons contractor alfred j kronquist 3835 mission street cost $2900 each ne paulding and oloran and w fifteenth avenue 245 276 307 338 and 369 s santiago six one story and basement frame dwellings owner james a arnott contractor james arnott amp son 633 taraval street cost $4ooo each capra way and scott street san f rancisco three story and basement frame 15 apartments owner i epp amp son cost $12 500n w divisadero and francisco streets san francisco three story and basement frame 18 apartments owner stempel cost $3ooo n haight 173 e laguna san francisco six story and basement class c concrete 42 apartments owner lacey cost $60 000 553 555 golden gate avenue san francisco remodel for stores owner preston contractor dale porter cost $2ooo 441 twenty fourth avenue san francisco install steam heating for apartments construct boiler room ovlmer black contractor ludwig 960 natoma street cost $looo fi ralston 475 n garfield san f rancinco one story and basement frame dwelling owner john cully contractor douglas and johnston 61 alder street cost $2900 geary and eleventh avenue san francisco remodeling for 2 stores owner martin stelling jr cost $4ooo 415 spruce street san francisco construct extension 10x28 feet to dwelling owner rosie boropsky contractor george healing 180 jessie street cost $1735 n bosworth 75 w brompton san francisco one story and basement frame dwelling owner rosa giorgi contractor a draga and andrew mercer 21 brompton street 931 edinburgh street cost $3ooo n whipple 125 ellington san f rancisco one story and basement frame dwelling owner jeffers tuene and wiseth cost $3ooo fi forty eighth avenue 95 s cabrillo san francisco one story and basement frame dwelling owner roy hoffman contractor morris 3500 fulton street cost $5ooo w thirty eighth avenue 125 n taraval san francisco one story and basement frame dwelling owner r galtzner cost $5ooo w gottingen iso 180 210 240 270 s bacon five 1 story and basement frame dwellings owner heyman brothers cost $3500 each alameda county 3130 32 34 sacramento street berkeley two story 6 room 2 fam ily frame residence owner a raviola contractor v grannoni cost $3500 1475 le roy avenue berkeley two story 8 room 1 family stucco residence owner lewis n hicks cost $7500 1343 barrows road oakland onestory 5 room dwelling owner legris cost $6ooo e seventy eighth avenue 40 s alder street oakland one story 5 room dwelling owner vv b block contractor howard cost $3ooo n fifty fifth street 35 e tremont street oakland one story 5 room dwelling owner mrs hallahan contractor f gruenewald cost $2650 4517 brookdale avenue oakland one story 6 room dwelling owner wallace contractor owner cost $3500 s sixtieth street 250 w adeline street oakland one story 4 room dwelling owner werner contractor stewart cost $2500 n brookside avenue 170 e ocean view oakland one and one half story 4 room dwelling owner jas gaab contractor owner cost $3ooo cor second avenue and e twelfth street oakland four story 78 room brick hotel owner fang wo herb co contractor sommarstrom cost $bo ooo s wawona avenue west end of street oakland one story 9 room dwelling owner ames contractor bertelsen cost $26 500 w ninety second avenue 65 street oakland one story four room dwelling owner alfred skriden cost $2600 w eighty seventh avenue 220 street oakland one story four room dwelling and garage owner margaret p howard contractor allan rae cost $2250 ne mystic and claremont avenue oakland two story seven room dwelling and garage owner pfrang cost $6500 w eifty ninth avenue 140 s camden street oakland one story fiveroom dwelling owner brasch owner $4ooo thirteenth and fallon streets oakland electric sign owner lyon warehouse co contractor electrical products corp cost $3ooo ,0,0.6416146762540664
venetian rlind wkrs win adjustmentthirty nine days after the arbitrary dismissed of 10 employees of the ambassador venetian blind co october 21 venetian blind workers 2565 finally succeeded in getting adjustment boards to hear the cases with the result that three of five of the employees with 5 year seniority were rehired by the company and granted the right to retain full seniority rose m white business agent of the local said this result was brought about in spite of the fact that mr latham owner of the ambassador had told the three members on the adjustment hoard representing management that he didn t want any of the people back to the credit of the management representatives on the board and the three union members they refused to be dictated to and made every effort to reach a fair decision ,0,0.6039358348526969
distinguished author to lecture on ireland as a world power in native sons hall next thursday eveninghonorable walsh national organizer of the american association for the recognition of the irish republic and director of the benjamin franklin bureau is at present making a brief tour of california and during his visit to san francisco will deliver a lecture on lreland as a world power on thursday evening december 8 at 8 15 o clock in native sons hall 430 mason street mr walsh is a writer of great distinction being the author of the invincible irish the peace negotiations in ireland and the danger zone the latter a report of the disarmament conference published on the 4th of last october mr walsh was correspondent for america at the paris peace conference and is especially qualified to speak upon the vital phases of the irish issue the lecture is under the auspices of the women s irish education league the public is cordially invited to attend and admission is freefactory to wearer sjasjas union q3 labels underwear shirts neckties suspenders garters gloves union labcv ter market street opposite seventh also los angeles and sacramento san francisco suits of the finest quality and made to order==s4s to $65 best linings workmanship of the highest standard me donald £collef+cd 791 market st at fourth california theatre bldg 2184 mission street at eighteenth street nva without good eyesight every human activity is handicapped when your eyes need the attention of an optical expert be sure you consult george mayerle the exclusive eyesight specialist twenty seven years in san francisco 960 market street between mason and taylor mayerle s eyewater a marvelous eye tonic for children or adults at druggists 55 cents by mail 70 cents the james h barry co the star press printers and publishers 1122 1124 mission street phones park 6380 6281 san francisco acceptable christmas gifts for the man will be found in our tobacco department where the largest selections and prices prevail 93 cigar cuttings 8 ounce pkg 35c harp plug cut 10c pkg 8c bagley s red belt 10c tin 7c relu cigarettes 20 in pkg 16c gold shore plug cut 16c pkgs 2 for 25c old colony 17c tins 2 for 25c don luis clubs box of 50 2 95 4 for 25c don luis falrmount 50 in box 4 95 each 11c pippins londres each 7c 1041 market street bet sixth and seventhi visit the largest haroware store in the mission wolfe lumber amp hardware company ninf tlenth and fol om streets hunting and fishing licenses $l oo automobile accessories ford parts skat 3 cans 25c edison mazda lamps goodyear service station tires and tubesunion made clothes for union men headquarters in san francisco for union made clothing we have been appointed representatives for leopold morse union made clothes you union men should be consistent and demand this kind of clothing you can buy no better for they are hand tailored and guaranteed all wool suits and overcoats from $30 00 to $50 00 what s new we show johnson s 2554 56 mission street si that will keep us on the job and it s up to you and me to back this diseasefighting crusade as best we can it s just such fellows as ourselves who benefit by the sale of tuberculosis christmas seals when you realize that an average of two out of every hundred men working in shops have broken down or will break down with tuberculosis you will begin to understand why it s mighty important to us that these christmas seals be used no matter where you work there is a state or local tuberculosis association near by that is working all the time to protect you against this dread disease tell all of the other men and tell them to tell everyone they know christmas se 17 stems mail the national state and local tuberculosis associations of the united states,0,0.6351296062616745
by john f shelley president san francisco labor councillvbor day 1945 finds part of the world in a period of transition from war to peace and another section still in the throes of hitter conflict that means we face simultaneously the imperative need for rehabilitation of war torn europe while still producing for and lighting a war in the vast pacific while our nation is at war we have as our no 1 objective the winning of that war regardless of personal or group sacrifices the position of america s wage earners as represented by the american federation of labor is too well known to need embellishment now we have stood back of our government in its war effort without wavering no american federation of labor sanctioned strike has occurred since our nation embarked on its first steps toward defense of our country against the axis power our no strike policy has never been and will never be withdrawn until victory is won our production records speak more eloquently than words as to the success of labor s part in this war we accepted our role as soldiers in the army of production and we have marched forward beside our armed forces as needs were indicated until today our enemies in europe have already been conquered and those in the pacific realize that their capitulation is shortly at hand we have emerged from the conduct of a defensive war which resulted from the sneak attack on pearl harbor in 1941 to an aggressive campaign to wrest from japan her pacific possessions which constitute a threat to our safety as a nation an enemy which boasted of her ability to crush america is now making a death struggle to prevent absolute annihilation of her own land as a nation the most she aims for now is a soft peace and the retention of what she still believes to be her national prestige the workers of our country have made thencontribution to this victory through production of the material of war without which our fighting forces would have been helpless as the war in the pacific progresses from day to day even from hour to hour it becomes increasingly apparent that we may have to face the intricate problems of the reconversion era in an even shorter time than had previously been anticipated or dared hope for in view of the strength of our enemy in the pacific despite repeated warnings of the representatives of the workers of america who will be most vitally concerned in the immediate postwar adjustment adequate planning has obviously not been made to realize our no 1 postwar objective a full employment economy this is not merely the vital need of the workers however but upon its depends the future economic security of our nation and indeed of the entire world economic prosperity in america conditions indirectly the prosperity of the world today and upon economic stability hinges many important national and international issues this is obvious even now in europe where the actual fighting is over we have been told by those in a position to know that the coming winter will be one of cold homelessness and possible hunger for millions any one familiar with the history of the world knows that in such circumstances unrest and discontent breed and grow and the potential danger to the future of europe is obvious those in authority and control are doing all in their power to alleviate the suffering which we have every reason to expect will be practically inevitable in the war devastated countries of the old world but complete elimination of want before winter sets in will be impossible without visiting comparable want on our own land when peace was no more than a dream the leaders of america s wage earners declared the imperative need for adequate advance postwar planning for the maintenance of a full employment high wage economy in the days following the cessation of hostilities and the reconversion from wartime to peacetime production levels while some consideration has been given to the subject it now seems that we may any da face the transition period without adequate provisions for maintaining full employment to meet such an emergency has urged the immediate enactment of legislation providing unemployment compenastion for dislocated soldiers of production as well as demobilized armed forces so that there will be no disastrous gap in our consuming market so vital to economic stability experience has proved that without income for the workers during a transition period a beginning is made toward a depression which is difficult to control we witnessed mass unemployment and lack of purchasing power following the close of world war i in view of the magnitude of wartime employment and the size of our army and navy during world war 11 it is readily apparent that the problem will be even greater this time as wartime production must be geared to peacetime needs at the same time that millions of our service men andtoday probably more than at any time in history american labor should pause this labor day and take stock l roudly we review the contribution labor has made in the fight for the survival of democracy a fight which during the past year has seen the forces of fascism m lfurope crumble and which sees us well on the way toward ultimate victory over japan the approach ot that inevitable victory whether it be near or distant makes it of vital importance that labor in considering its contributions toward victory also take stock of its resources and its program for the continued advancement of democracy during the peace democracy cannot stand still neither can labor there are those who hold that once sufficient gains have been acquired and their particular interests made secure all that is necessary is to hold the line retain what they have and cease struggling for greater advancement either tor themselves or for the people as a whole let me repeat labor cannot stand still such thinking in my opinion is dangerous whether the thoughts are entertained by a chamber of commerce official by a business man by a union business agent or by a rank and file union member because democracy and social gains must go forward or we the people will be slapped back here in san francisco a few months ago we saw the leaders of the world draw up a charter calling upon fifty participating nations to pledge themselves to promote lull employment and high standards of living the accomplishment of those aims of the charter cannot be attained by the waving of any magic wand nor can they be attained solely through the actions of any of the leaders of any or all of the nations they may he attained through the aggressive militant demands and cooperation of the working people of the world in order to have full employment and high standards of living we must have production we all know the results of international cartels which are founded upon an economy of scarcity we have seen coal oil poured on oranges to destroy them while thousands upon thousands of children were getting rickets because of lack of proper food that is an example of what has happened on a local basis it has been multiplied many times internationally that economy of scarcity whether it pertains to food shelter or clothing must give way to an economy of abundance if there is to lie freedom from fear and freedom from want labor will either play its part in striving toward the economy of abundance or we and our children will pay a horrible price no thinking man today can dare stand in the way of the progress of this nation and the world toward a way of life that will lead to jobs for all and that will provide all the comforts and luxuries which can so easily be attained now through proper distribution of wealth resulting from our labor combined with the tremendous technological advancements that have been made during the war let us not forget that although the forces of fascism have been defeated in europe and are being defeated in japan the forces of reaction are still alive mere talk on the part of labor and all defenders of democracy is not enough yve must act and we must act quickly to meet the problems which we will face unemployment scarcities fear and want are the things upon which these self same forces of reaction will feed in the months ahead labor must constantly fight to make sure that they are not placed in the hands of those who would destroy our way of life we are coming into periods of maladjustments and readjustments and just as we have given so much to win the war for democracy so must we give our all to see that this democracy continues to live in our own country labor has a deep obligation to its own interests and to the interests of democracy to train men to become competent and capable leaders of unions and of the union movement only thus can we hope to keep pace with the progress which the world must make we must stop fighting among ourselves we must avoid fighting against progress we must united provide a motive power so necessary to attain the aims of full employment and high standards of living which we and the world are seeking women are returning to civilian life and re entering the employment field jobs must be provided for all who are willing and able to work at wages which will sustain a continuously rising standard of life if we are to avoid mass unemployment and a depression following this war beside which the one following world ar i would dwarf in comparison it is therefore obvious to all thinking persons that unless we are able to provide a full employment economy for the workers of america we will face a national and international problem of even more farreaching scope than actual warfare for it will vitally affect all our people a component of a full employment economy must be a high wage policy ftdl employment at lower wages would be disastrous to our,0,0.5796320425072214
by herbert cassontwo thousand years ago all the college professors and phil osophers and capitalists declared that laborers had no souls even plato said that the slave had only a half soul consequently slaves were barred from religious services all the consolations of religion were put beyond their reach and the only moral instruction they received came from their own organizations the early trade union was half a church its meetings were opened with a short prayer and images of minerva and ceres were generally to be found in the halls where the slaves assembled today it is universally acknowledged in theory that workingmen have souls but as a matter of fact the only moral instruction that thousands of them receive comes from their trade unions as a rule workingmen do not go to church not because they are more immoral than those who do but because of a series of social and economic reasons for which there is no space here the tremendous task of giving practical moral instruction to a great number of the wage earning masses of our great cities is left to a great extent to the trade union organizers and editors in respect to the moral instruction of wage earners the unions have succeeded where other agencies have failed one hundred and fifty years ago when unions were weak the standard of morality was very much lower than it is today thurlow eed said that one quarter of all the printers he knew were drunkards and one half were regular drinkers unions have always promoted temperance stop your cursed drinking was the advice given on all occasions by a noted labor organizer in one prominent union any member losing work through drink is fined one dollar in another a member who attends a meeting in an intoxicated condition is fined one dollar and five dollars if he attends a funeral while under the influence of liquor some unions have gone so far as to impose a fine for profanity how many capitalists clubs have done likewise a close study of early american history shows that the little red schoolhouse was by no means so universal as we have been led to suppose in colonial days the british governors were strongly opposed to educating the working people or their children sir william rerkelev governor of virginia said i thank god there are no free schools or printing houses in irginia for learning has brought disobedience and heresy and sects into the world at first when the unions demanded free education the ruling classes tried to compromise by giving the pauper schools which vveyé onlv for the very poor they were started in pennsylvania in 1818 but were wisely opposed by the workingmen who continued to antagonize them until the public schools were established some striking stories are told in the chronicles of those times of the heroic struggles of the poorer people to educate themselves and their children thurlow weed for instance when but a lad in his teens wrapped pieces of old carpet around his feet having neither shoes nor stockings and walked several miles through the snow to borrow a history of the french revolution enough cases of this kind could be collected to fill a book showing that our public schools and public library systems were not a gift from the wealthy and educated to the working classes but rather arose in response to the persistent demand of the latter for equal educational advantage when the trade unions of bostons built a hall in 183 b as their general meeting place and headquarters the first use they made of it was to arrange a course of lectures on political economy education phrenology corporations history machinery etc it seems to be the most sensible and comprehensive lecture course ever delivered up to that date yet the unionists had been compelled to build their hall through the refusal of every society in boston to rent its hall for trade union purposes by 1845 labor organizations began to establish libraries and reading rooms in the boston i aborers l nion the member were assessed $2 a year for the library and cheerfully paid it the baltimore bricklayers union has spent over s 000 on their library and tax themselves $1 a year to maintain it in detroit there is a poor mechanic who has nosed around old bookstores and collected a library of over 300 volumes it is safe to state that the books in these labor libraries have been selected not for the sake of binding or the edition or any other reason which degrades authorship and literature but for the sake of the information and ideas which the books contained hundreds of trade union papers and magazines are today being most ably edited labor organizers were among the first to advocate the kindergarten and the school of technology long before both became the popular institutions which they are today one of our most progressive and fair minded educators professor ely has had the courage to state that trade unions are among the foremost of our educational agencies ranking next to our churches and public schools in their influence upon the culture of the masses 1 e thorold rogers an english historian and member of parliament says the english trade unionists include in their numbers the most intelligent conscientious and valuable of the workingmen one of the most emphatic tributes ever given to trade unions was that made by the late potter palmer of chicago i or ten years said he i made as desperate a fight against as was ever made by mortal man it cost me considerably more than a million dollars to learn that there is no labor so skilled so intelligent so faithful as that which is governed by an organization whose officials are well balanced level headed men i now employ none but and never have the least trouble each believing that the one has no right to oppress the other another testimony to the educational effort of trade unions j comes to ib from a pennsylvania writer he says you wouldbe surprised to note the effect of the eight hour day upon the coal miners in many places they are organizing libraries taking a greater interest in public questions and their family life has been improved and sweetened organization gives workingmen a feeling of responsibility out of which a higher morality and intelligence naturally develops the frenzied fanatical social reformer may persuade a rabble to applaud his unworkable propositions but an audience of experienced unionists if it gave him a hearing at all would listen in incredulous silence in 1829 the unions in new york strongly repudiated the free love and communism advocated by the enthusiasts of that time the trade unionist believes in evolution not revolution he knows that the only way to hasten the happy time a coming is by education and organization by slow steady persevering work he cannot be deceived by the delusion that a new social system can be built up in a night like aladdin s palace by some political presto change hocus pocus he has found out how hard it is to teach thousands of wage workers the easy of unionism it must be remembered that the labor movement has constantly fluttering around it a swarm of cranks of all sorts good bad and indifferent they hover about like gulls around a steamer some being really anxious and able to give assistance but most of them having no other object than to pick up crumbs every inventor of a new social system runs with it to the trade unions and loudly denounces their stupidity if they do not at once abandon their ideas and adopt his every young visionary or minister out of a job who has read two or three economic pamphlets and know s nothing at all of the history and development of the labor movement invariably offers his services to the trade unions if his offer is accepted in nine cases out of ten he becomes the propagandist of some small one idea reform generally impracticable and makes a tangle which often requires years to unravel if his offer is refused then he is very strenuous in pointing out how slow and ineffective is the work of the mere trade unions the work done by unions in cooling hot heads and repressing extremists has never been fully recognized the professor writing upon industrial questions in his quiet study knows nothing whatever of the under currents swirling eddies and sandbanks which lie in the course of the trade union secretary the latter has to deal with all sorts and conditions of men and women not in the abstract but face to face he mw take people as he finds them and deal with them in a way to strengthen the union which has elected him to protect its interests the term social engineer was invented by josiah strong to describe his own work in the social service league but it could he applied much more appropriately to the presidents and secretaries of the great trade unions which number hundreds of thousands of members the work they do is not exhibition work their chief aim is not the preparation of a self praising annual report or the conversion of benevolent millionaires it is not playwork but the real work of the world that of guiding and instructing and elevating the armies of workers upon whom civilization depends for its permanence it is the largest and highest sort of educational work the preparation of ourselves and our institutions for a new and more equitable social order in which the two pernicious extremes of poverty and monopoly will be as far as possible outgrown civilization in america has been high or low in proportion to the estimate set upon labor it has been highest where wages were highest and hours of labor the fewest the lowest mark of social development has been and is today in those southern states that suffered from the twin curses of aristocracy and slavery the j barbarism of some of these states has been until very recently i almost incredible the amusements of the planters were cockfights drinking bouts and family feuds in which gouging biting off ears shooting in the back and unmentionable mutilations were regarded as fair and honorable these atrocities and the inexcusable illiteracy of these states sprang inevitably from the low value placed upon labor such conditions cannot be changed by colleges by churches or by legislation the only hope for the south in its commendable endeavors to attain the prosperity and general high standing of other parts of the l nion is in the thorough organization of its workers black and white into trade unions no matter how much the old blue blooded families may splutter and protest organized self help is the only remedy for southern illiteracy and stagnation the trade union is the one practical means by which the mass of workers can be reached and educated it recognizes the greattruth that the average man is not a genius and cannot hope to live on rent profits or interest it legislates for the mass and not for the two or three smart individuals who do not need any help it does not mock the struggling millions by the delusive consolation that there is plenty of room at the top if every one could get to the top then there would be no top so as a social consolation this hackneyed precept is worthless the trade union does not say to the worker be smart and some day you ll be a capitalist it aims to elevate the mechanic as a mechanic and the carpenter as a carpenter and the weaver as a weaver etc it is the only protection which the average many have against the oppressions of the exceptional few its aim is to level up the low places in our civilization not to add to the height of the mountains that are already far too high for any useful purpose thus in its work the union elevates the whole industrial structure mr schwab once the highest paid company s man in the steel trust publicly advised all trade unionists to abandon their unions and strike out for themselves he was about as disinterested in the matter as those wall street brokers who advise the public to sell off its real estate and speculate in margins but the great body of our working people have developed ethically and intellectually beyond such suicidal individualistic advice they know that the fact that a few may climb does not lessen the misery of those who are left below they know that because jean de reszke received $5 000 for a song it would not be wise for every european peasant to leave his farm and study grand opera in the roman empire the sailors and the bakers had the most powerful unions and whenever they demanded higher wages their leaders were made senators and knights to make them contented in this way the workers were continually deceived and never obtained their requests for better conditions catherine the great had been a peasant girl but that did not benefit the peasant women of russia galerius was a swineherd find diocletian was a slave but that did not help the peasantry of rome horace was a farmer s son but that did not alleviate the conditions of the roman farmers andrew jackson was the son of a poor farm laborer but his election to the presidency did not raise wages among farm laborers every generation of americans has contained hundreds of such cases of individual self help and yet the social problem is almost as far from being solved as ever in short no helped by the individuals who rise out of it but by those who remain in it and by man s efforts of organization elevate the whole body of its workers to a higher plane no words can describe the respect which i feel for those trade union leaders who have put aside opportunities for personal enrichment who have refused to become lawyers and doctors and preachers and insurance agents and who endure all manner of fault finding not only from the capitalistic classes but from the men whom they are etßleavoring to serve like the masterly tribune of the people john burns who at a time when he was the most influential man in london was living on $lo a week in a cheap tenement so with scarcely an exception the men who have built up the american federation of labor and who today watch over its interests are poor and propertyless men receiving less for a year s salary than many a stock broker makes in a day ,0,0.6193274026897814
musich contractor gustav spirz 56 langton street cost $11 050alameda county 2805 acton street berkeley onestory five room residence owner vonada cost $2500 970 santa barbara road berkeley one story six room residence owner attermatt cost $6ooo 2420 jefferson street berkeley onestory five room residence owner maurice walsh cost $2500 2425 edwards street berkeley onestory five room residence owner charles humphrey cost $l5oo e sixty eighth avenue 200 s rudsdale street oakland one story fiveroom dwelling owner peters cost $2850 se thirty fourth street 100 e bruce street oakland one story fourroom dwelling owner hare cost $2ooo n clemens road 170 e lyman road oakland one story four room dwelling owner josephine moynihan contractor henderson cost $l5oo s tulip street 28 w lily street oakland one story three room dwelling owner grider woodhams company cost $2250 870 872 thirty second street oakland alterations and addition and one story garage owner mrs l mollberg contractor olson cost $5200 w eighty sixth avenue 140 ne fourteenth street oakland one storv five room dwelling owner a deike contractor lassen cost $3ooo w indian way 344 s woodhaven way oakland one story five room dwelling owner william h hollenrake contractor charles m flinds cost $4ooo sw corner chabot road and clover drive oakland one story six room dwelling owner mrs karlon contractor monroe cost $6ooo e manor crest 140 s chabot crest oakland one story six room dwelling and one story garage owner james m bacigalupi contractor gordon marchant cost $4750 7919 garfield street oakland onestory five room dwelling owner s miraglia contractor moore cost $5900 2338 mckinley avenue berkeley alterations owner a walburg cost $l5oo 2812 dohr street berkeley onestory five room residence owner lantry cost $3500 2011 eunice street berkeley twostory eight room one family residence owner michel murphy cost $7ooo 1773 oxford street berkeley class c garage six stalls owner castle contractor hill amp mccarkle cost $5ooo s mountain boulevard 4000 w thirty fifth avenue oakland onestory five room dwelling owner mrs alder contractor charles rogers cost $3500 w thirty fourth avenue 150 s paxton street oakland one story four room dwelling owner william rohde contractor a gerhardt cost $2750 lots 127 283 376 merriewood tract oakland three one story three room dwellings owner realty syndicate co cost $looo 2648 eighth avenue oakland twostory seven room dwelling owner naomi smith contractor schneck cost $6boo 4156 rettig street oakland onestory five room dwelling owner albert e hefner contractor applewhite cost $2500 fourteenth street 115 e forty eighth avenue oakland onestory stores owner van midgley contractor mason mcduffie co cost $4400 515 27 thirteenth street oakland alterations owner dunn williams realty corp contractor bienfield 334 thirtieth street san francisco cost $booo 1800 seventy third avenue oakland one story six room dwelling and onestory garage owner duerr cost $3650 681 peralta avenue berkeley onestory six room residence owner mabel bramlage contractor bramlage amp rough cost $4ooo 1519 hawthorne terrace berkeley one story five room residence owner c and denman contractor hooper cost $6ooo 1839 woolsey street berkeley onestory seven room library frame and stucco owner city of berkeley contractor siegrist 693 mission street san francisco cost $22 775 e seminary avenue 40 n tevis street oakland one story four room dwelling owner clark cost $3ooo698 santa ray avenue oakland one and one half story seven room dwelling owner elinor h forster contractor hodge bros cost 7ooo e seventy fifth avenue 60 n ft boulevard oakland one story brick and tile machine shop owner davis contractor oakland steel building co cost l5oo nw corner ninetieth and ft boulevard oakland one story brick service station and one story brick stores owner william h wyckoff contractor oakland steel building co cost 2300 2120 109th avenue oakland onestory four room dwelling and onestory garage owner william h fill more cost $2150 e loma vista avenue 50 s california street oakland one story four room dwelling owner mrs weiss contractor mccord cost 2900 728 mandana boulevard oakland one story six room dwelling owner baker contractor baker cost 4500 n twentieth street 100 w telegraph avenue oakland alterations owmer great western power co cost 2987 w thirty fourth avenue 300 n farnam street oakland two story nineteen room addition owner st joseph s monastery contractor fennelly cost 8540 5320 broadway oakland alterations to apartments owner mr decker contractor burks cost l2oo e forty eighth avenue 100 fourteenth street oakland one story tile garage owner mrs a henry contractor burritt cost $l2oo 1206 104th avenue oakland alterations and addition owner e and d chambers contractor w cluston cost $2ooo eighteenth street 75 w twelfth avenue oakland two story brick bakery owner wheatley contractor minor cost $20 000 6 muir avenue piedmont alterations owner h mosher contractor stolte 39 prospect road piedmont onestory six room frame residence and garage owner fl p seemans cost $5750 222 wildwood avenue piedmont two story eight room frame residence and garage owner nordell cost $6700 712 taylor avenue alameda one and a half story seven room dwelling stucco finish owner croll contractor schrerder cost $booo 3221 fernside boulevard alameda one story five room dwelling cement plaster finish owner f rank worcester cost $3250 3009 washington alameda onestory six room dwelling stucco finish owner ethel v hall contractor hall cost $3boo 1201 lincoln avenue alameda remodel stores owner hager contractor john peacock cost $looo 436 santa clara avenue alameda one story six room bungalow cement plaster finish owner a menter contractor carl c larrsen cost $5ooo 1557 visalia avenue berkeley onestory five room residence owner john sherry contractor home building company cost $3500 3844 forest hill avenue oakland addition owner gregory cost $l5oo 949 thirty seventh street oakland one story five room dwelling owner joseph t hinch contractor hinch cost $3ooo nw corner twenty sixth avenue and east twentieth street oakland one story tile garage owner fred steves contractor george h lydiksen cost $l6oo e peralta avenue between twentyfourth and twenty fifth streets oakland one story shed owner gantz cost $looo 1924 oregon street berkeley onestory six room residence owner martin hall cost $3200 667 cragmont avenue berkeley one story five room residence owner thornburg cost $6ooo 2348 stuart street 2800 2 4 telegraph avenue berkeley one story frame store building four stores owner mrs lawton contractor lawton amp vezey cost $7500 2901 eastman avenue oakland addition owner coates cost $l5oo e seventy ninth avenue 529 n hillside street oakland one story four room dwelling owner lincoln cost 2ooo 2497 cole street oakland onestory five room dwelling and one story garage owner blase contractor gaubert bros cost 4050 s fifty fifth street 200 w telegraph avenue oakland two story twelve room apartments owner iver and mary hendrickson contractor mac lean cost booo ne corner thirty eighth avenue and e fourteenth street oakland alterations owner mr miller contractor orton cost lboo 7600 rudsdale street oakland onestory five room dwelling owner andersen cost 3ooo e montgomery street 350 n mather street oakland one story fiveroom dwelling owner m dadone cost 3ooo e eighty ninth avenue 150 street oakland one story foyrroorn dwelling owner william shields contractor george berger cost 2400 n schuyler street 150 e capp street oakland one story twelveroom three family dwelling owner dether contractor j dether cost 9500 w eighty fourth avenue 235 s east fourteenth street oakland onestory three room dwelling owner dether contractor j dether cost 9500 w eighty fourth avenue 235 fourteenth street oakland onestory three room dwelling owner jessie varquis contractor west cost l5oo 2401 sixty seventh avenue oakland one story five room dwelling and one story garage owner c sundberg cost 4200 e seventy second avenue 100 133 166 s hamilton street oakland three one story five room dwellings owner jackson cost 2boo each s hubert road 100 e carlton street oakland two story eightroom dwelling owner mrs st sure contractor edward farmer cost 10 975 nw corner e fourteenth street and twenty third avenue oakland alterations owner bushell estate contractor spence cost 10 374 nw corner twenty first and castro streets oakland two story sixteenroom brick apartments and stores owner anderson cost 25 000 1929 capastrana avenue berkeley two story eight room one family stucco residence owner fee bros cost 6ooo 1220 burnett street berkeley onestory five room residence owner silva cost 3500 1717 madera avenue berkeley one story six room residence owner r michel contractor c overra cost 4200 1520 ada street berkeley onestory six room residence owner f nurmi cost 3400 1039 euclid avenue berkeley onestory five room residence owner ramstad cost 4ooo nw channing and dana berkeley two story frame educational building owner first congregational church contractor mccullough cost 70 000 n larkspur road 265 w hillcroft circle oakland two story eightroom dwelling owner silver and silver cost booo n glenwood glade oakland one ,0,0.6317777980301098
building trades directorystate bnlldlng and ceos traction trades ceonell s93 market street oarfleld 3527 san francisco building a construction trade council 200 guerrero street market iso 6 meets lt llbl and third thursday brotherhood hall executive board building o construction trades council 200 guerrero street meets every thursday morning 0 00 district connell of carpenters 2oo guerrero street market 180 meets bret and third wednesday harmony hall district connell of painters no b 2oo guerrero street market 1806 meets bret end third wednesday progress hall asbestos workers local no id 2oo guerrero street market 1805 meets seoond and fourth monday friendship hall ante pointers 2oo guerrero street market 1806 meets bret and third thursday prosperity hall bricklayers local union no 7 200 guerrero street market 1808 meets every tneoday friendship halt building material driven local ns 218 200 guerrero street market 1808 meats second wednesday brotherhood hall boiler maken local union no 8 155 tenth street underhou 3828 meets at 155 tenth street box makers local union meets third thursday eureka hall bronse and ornamental ironworkers local no 472 200 guerrero street market iso meets fourth wednesday brotherhood hall bridge and structural ironworkers no 377 meets fourth friday california hah carpenters local union no 23 200 guerrero street market 1808 meets bret and third friday brotherhood hall carpenters local union no 21 4 200 guerrero street market 1808 meets second and fourth friday friendship hall carpenters local union no 483 112 valencia btreet market 4350 meets second and fourth monday 112 valencia street carpenters no 34 pile drivers meets every friday 457 bryant street carpet and linoleum layers local no 1238 200 guerrero street market 1808 meets bret and third tuesday california hall cement finishers local union no 880 200 guerrero street market 1808 meets bret and third wednesday eureka hall electrical workers local union no 0 227 valencia street underhlll 558 con structlon men meet bret wednesday 200 guerrero street brotherhood hall marine men meet second wednesday prosperity hall linemen meet fourth wednesday prosperity hall elevator co ns tractors local no o 2oo guerrero street market 1806 meets bret and third friday friday harmony hall engineers local union no 04 3004 sixteenth street underhlll 1138 meets bret and third tuesday building trades temple prosperity ball engineers leenl union no 3 1161 market street hemlock 1588 meets bret saturday 200 guerrero street brotherhood hall furniture worker 2oo guerrero street market 1800 meets second thursday pros pertty hall furniture crafts 2oo guerrero street meets fourth thursday sunk ahad granite cutters international association 2oo guerrero street meets last friday of teh month ousters and glass workers no 71 200 guerrero street market 1s0 meets second and fourth tuesday prosperity hall hod carriers local unton no 36 200 guerrero street market 1806 meets bret and third monday harmony hall hardwood floor layers local no 1647 200 guerrero street market 1806 meets second and tost thursday friendship hall iron workers local union no 481 200 guerrero street market 1806 meets tret thursday progress hall laborers local union no 361 200 guerrero street market 1606 meets bret and third friday harmony hall lathers local unten no 65 200 guerrero street market 1806 meets bret and third wednesday prosperity hall lumber clerks union meets bret and third wednesday friendship hall marble masons union no 38 200 guerrero street market 180 s meets second monday unity hall marble shopmen and helpers local union no bs 2oo guerrero street market 1806 meets second and fourth friday eureka hall municipal trackmen no 687 meets fourth thursday 2840 sixteenth street mltonen s local union no 43 200 guerrero street market 1306 meets second and fourth tuesday brotherhood hall millwrights and machinery directors local no 163 200 guerrero street market iso 6 meets second thursday eureka hall oraamentel plasterers local no 460 meets second and fourth tuesday prosperity hah plasterers leenl union no 64 200 guerrero street market 1806 meets bret and tnlrd monday prosperity hall plombers and gas fitters local no 442 300 ousrrero street market 1806 masts second and fourth friday prosperity hall p ala ten local ualoa no 18 200 ousrrero street market 1806 meets each monday brotherhood hall p ala ten tire union no 1168 112 valencia street undorhiu 7844 moots bret and third friday 112 valencia street faint makers union meets bret and third friday prosperity hall park envlsysss local union na 311 moats second and fourth wsdaeoday progmi hall boaters local no 48 200 guerrero street market 1806 meets second and fourth mondays harmony hall fitters local union no 668 meets second and fourth monday california hall gbeet metal workers 224 ousrrero street market 2930 meets seoond and fourth friday steam fitters lowi union no 808 300 ousrrero street market 1808 meets bret and third tuesday harmony hall sign painters local union no 818 200 guerrero street market 1808 meets bret and third thursday friendship hall tvs setters local ualoa no 18 200 guerrero street market 1806 meets first and third friday eureka hall ttto setters helgess local no 7 moots second and fourth thursday progress han terras so helpers leenl no 118 hosts seoond friday progreas hall technical gs glawns arcmtoeta and draftsmen s local na 8 146 powell streeti 1608 webster street oakland mssts bret friday each month 146 powell street technical engineers aremtosts and draftsman s leenl na 11 meats bret wednesday each month 2804 sixteenth street upbelsteren local union no 2 200 guerrero street market 1808 moots seeoad wednesday friendship hall is i sis toss and polishers local ualoa no 124 200 outrrero street market 1106 meets second and fourth tuesday harmony hall venetian bund workers no 2666 300 delano street moots fourth friday 112 v amp gt wtodew ctoaners leant union no 44 1116 mission street market 3634 meets seeoad and fourth thursday 1118 mission streat wats y srkrrs local union na 186 meats third monday 2840 sixteenth street ,0,0.6336677596990985
rialto theatreat the rialto theatre the supreme photoplay attraction during the week of sunday april 1 will be the incomparable screen star theda bara in her newest super de luxe film play her greatest love theda bara s past two super de luxe pictures have met with the greatest imaginable success and it is predicted that in her greatest love this famed screen artiste will demonstrate even more conclusively than ever her title as the greatest and most versatile star in filmdom based on ouida s popular novel moths and produced on a most magnificent scale in florida where the entire company journeyed her greatest love is in thorough keeping with the standard of excellence set by the other fox de luxe pictures and strikingly tells the story of a sweet and innocent young girl sacrificed on the altar of a mother s ambition tense emotional scenes with a sympathetic love talc running throughout the film and beautiful photography combine to make her greatest love a film play of the most unusual interest while the story itself is one of the greatest human appeal theda bara s portrayal of vere herbert gives ample proof that she is possessed of a range of feeling and emotion that as a rule is entirely foreign to one who has played the vampire role with such success in her greatest love miss bara verily attains the height of dramatic perfection in her portrayal of the young f nglish country girl and later as the woman torn by conflicting emotions her greatest love affords theda bara probably more opportunities than any other picture in which she has yet appeared and it is said that she has not failed to take advantage of every opportunity that presented itself with her greatest love the other rialto attractions consisting of organ solos by the popular c sharpe minor the pathc news weekly an animated cartoon an educational pictorial and a new fox comedy will be on the program hollow llopcs never despair somewhere beyond the clouds the sun is shining yes and somewhere below the sea there s solid bottom but that doesn t help a man when he falls overboard baltimore american ,0,0.596136789290103
the following advertisers in the mission district deserve your patronagesre® amik 10 buildings 3b floors announcing another new feature of northern california s largest homefurnishing establishment inspirational model bedrooms in which are assembled comprehensive groupings of furniture rugs draperies and accessories as suggestions for the furnishing of your home these model bedrooms are now ready for your viewing on our third floor in conjunction with our model dining rooms they constitute a total of twenty one individual specially designed interiors you are invited to see them,0,0.5973791638976143
only 20 per cent of 12 hour steel men given short shiftchicago lnvestigations made by the executive council of the national and international organizations in the steel industry which is conducting a campaign to unionize the steel workers establish the fact that judge gary s promised 8 hour day is not being extensively applied at lorain ohio where 7000 workers are employed in the steel works less than 20 per cent have been placed on 8 hour shifts while 40 per cent are still working 12 hours the remainder have been reduced from 12 to 10 hours with a corresponding cut in wages partial reports from other steel towns indicate that this is about the ratio of changes in shifts a series of mass meetings are being conducted this week in the chicago district by the organizing committee and they are being well attended by the men employed in the mills in order that those joining the union may not be penalized by mill bosses who have spies at the meeting a plan has been adopted whereby an addressed envelope containing an application blank is distributed to about two thirds of those attending the applicant fills out the blank incloses the membership fee and drops it in a mail box so that no one other than himself and the union secretary knows that he has joined the organization this system has brought good results since being put into operation and makes it practically impossible for foremen or superintendents to pick out union members for discharge ,0,0.6099472561174508
unionism and wagestrade unionism is as prominent and even more so in america than on this side and this fact alone annuls the statement that these organizations tend to kill any industry in america it seemed to me that specialization was a distinct feature in most of the trades such as the iron and steel furniture and items of a domestic character many other branches no doubt might be enumerated but i merely state these as being perhaps the most prominent casually considered report of british workingman who recently toured america,0,0.5972449779033429
