articles,pred,confint
r reuered t cm soil quickly at all dni writ fcr ejra cm beak free ereßmedy c 9e ohio st cklcegefactory to wearer our factory saves you on men s union label shirts night shirts and underwear we buy materials from the mills and sell to you direct eliminating the middleman 1118 market st opp 7th st san francisco4 issued weekly co incorporated january 16 1900 1 i owned and controlled by tbe labor unions of san francisco editor tveitmoei business manager cress gannon notice to advertisers the business manager is the only nerson authorised to sign adverttßlnk contracts for this paper advertising natrons will pleas© take notice p advertisers desirous of changing copy must supply same on tuesday of cur rent week otherwise the same ad will be repeated from preceding weeic notice to secretaries secretaries of unions will please send weeklv reports to this office of members who have changed their address giving the old address as well as the new subscription rates single subscriptions $1 50 per year bix months $l payable in advance single copies 5 cents each entered at the postofflce at san franolsco cal on august 20 1901 as seconddass mattor publishing co 1122 1124 mission street phons market 4797,0,0.6172384408645146
by mrs herman h lowethe american federation of women s auxiliaries of labor is broadening its policies to include active participation in every war and peace effort our members are cooperating with the american federation of labor in an all out effort to win an early victory to secure a just peace and by economic planning to obtain greater security for workers in the postwar period since the adoption of the war activities program at our con ention in st louis last june a voluntary campaign of collective effort has high lighted the activities of afwal members of course it is supplemental to and compatible with the emergency program evolved by the various governmental agencies as president of the afwal i have accepted invitations to serve on con turner advisory committees of the office of price administration standards division and the war production board secretary treasurer ornburn has been appointed by the office of price administration to serve on its labor policy committee he is alst member of the labor advisory committee of the office of defense health and welfare services no greater incentive to double and redouble civilian efforts of the women s auxiliaries of labor unions could be given than a cablegram from general douglas macarthur addressed to the american federation of women s auxiliaries of labor in which he said without the inspiration of the w omen of america victory would be impossible the afwal is all out for that victory ,0,0.6177178834994188
cement finishers electioncement finishers local no 580 will hold its annual election wednesday december 19th the polls will be open from 8 to 10 nominations for the various offices were made at the regular meeting of the union december sth and as there is no contest for any office the secretary may on a motion be instructed to cast the entire ballot of the union for the nominees ,0,0.6286890769509415
nation wide union label campaign for augustin an official circular letter secretary treasurer john j manning of the union label trades department calls the attention of all international unions affiliated with the department to the fact that at a meeting of the executive board of the union label trades department on may 9 and 10 after a thorough discussion of the subject it was decided to conduct a nation wide campaign for the union label shop card and working button commencing august 25 and to continue for at least one month the primary object of this campaign is to instill into our members and sympathizers the urgent necessity of using our power of purchase to strengthen the trade union movement to aid fair employers in extending their market and to discourage hostile employers and associations of employers by withholding our patronage from them to make this campaign successful it is absolutely necessary that the department have the undivided support of the executive officers of the organization and that the rank and file of all j affiliated unions co operate in order that the greatest possible publicity and activity may be obtained as the first step in this direction the officers of affiliated unions are requested to communicate with the officers of their local unions asking them to have a committee of three or five members named for the period of the campaign whose duty it will be to agitate for the label card or button of their union when these committees are named the secretary of the local j union should forward this information to the secretary of this department in order that literature may be forwarded for use in j the campaign affiliated national and international unions should also issue litefature to be used by these committees it is necessary that the secretary of the department be noti fied if your union will co operate as suggested above in order that j additional methods to make the campaign a success can be put in operation the department may be notified under the following address 1 john j manning 202 of l building washington ,0,0.6123125262259865
overalls neustddter bros gt an francisco new yorf portland pemanp the brandboom the label clear brook whiskey best straight goods in the world moore distilling co bth dist ky adams attornty at law 378 82 monaönock building la natividad a ymr havana cigär union made,0,0.5556346125733229
white or light colored italian silk stockings worn at the heels or toesmay be used for a dainty camisole by removing the feet and cutting the upper parts alonjj the back seam use lace three inches wide for the top of the camisole also to join the two pieces of silk together in the back ribbon for shoulder straps adds to make it very attractive ,0,0.552578832458771
use bass hueter paints and varnishes made in california since 1857 building papers zellerbach paper company 34 562 battery st at jackaon san francisco cal telephone garfield 2300get a hat that wears buy a hat that will keep its shape for a reasonable time lundström hats are made to retain their form and snap for the season at least and we don t overlook the fact that your face must be matched you must have a hat that looks good on you a becoming hat otherwise you won t be pleased so a lot of men have already learned this if you wan a beaming bat be coming to holds its shape longer 1082 market 26 third 605 kearny 3242 mission 2640 mission alto in lot angeles furs mads to order snd remodeled reasonably norton s exclusive fur and garment shop 2702 mission st bet 23d and 24th st phons valencia 2236 coats drssses suits waists petticoats furs wieland s brew puts pep in your step,0,0.6071926834205345
san francisco121 east repair saloon owner theo bauch contractor j harrington cost $5oo 3781 mission add to store owner m rosenstein contractor fernandez cost $5oo mission near 7th two story class c stores and lofts owner lizzie d smith architect dickey day s work cost $19 000 2715 sutter repair exterior of apartments owner potter company contractor eugene bruce cost $5oo texas near 25th one story frame dwelling owner gelip day s work cost $4oo 18 bruce avenue add to residence owner carl johnson day s work cost $4oo 23 palm avenue alter attic of residence owner mrs anna schroeder contractor l arthur amp son cost $560 indiana and 20th alter foundry owner ralston iron works contractor moller cost $450 hyde and washington alter roof of dwelling owner keystone real estate company architect oliver amp foulkes contractor moller amp sons cost $9oo 638 market alter front of store owner paul t carroll contractor wilson cost $750 filbert near taylor two story frame four flats owner john doelger architect tennler amp yveismann day s work cost $6ooo 498 pacific alter saloon and show house owner frank schivo day s work cost $boo 7 winfield repair dwelling owner win bell contractor barnett cost $4bo golden gate avenue near larkin all work part one story and part twostory brick stable owner annie e white architect theo lenzen contractor h tessmer cost $4500 lake near 6th avenue all work for two story frame residence owner wm i smith architect jos a leonard contractor leonard frost company cost $9700 geary w glass work for whitney building owner altman s inc architect alfred h jacobs contractor standard plate glass company cost $ll4b mcallister and market ball and store fittings for two west stores in callaghan building owner harry m lichenstein architect murdock amp smith contractor siro manmelli amp company cost $2200 fifth avenue near lake all work for two story attic and basement frame residence owner melville furth architect houghton sawyer contractor currie amp currie cost $lo ooo sutter and van ness metal furring lathing and plastering for four story and basement class a building owner mahony bros jur architect o brien amp werner contractor floodberg amp mccafferty cost $35 250 painting tinting etc on above contractor schnee bros cost $6500 structurayl steel and structural cast iron work on above contractor dyer bros cost $71 526 electrical work on above contractor john g sutton cost $6650 vallejo near leavenworth all work for two story frame flats owner j tom c grant architect o brien bros contractor wright amp kusich cost $3475 harrison and sixth alterations and additions for three story and base j ment frame flats owner mrs helen holjes architect o brien amp werner contractor stillman e brown cost $6250 third avenue near parnassus all work for frame residence owner charlotte bepler architect cornelius contractor brown amp j smartt cost $5271 sutter near stockton all work for two story class c stores and lofts owner louis t samuels and louis friedlander architect o brien bros contractor mueller and wilson cost $16 127 1026 oak add to dwelling owner evelth day s work cost $boo 16th avenue near california onestory frame dwelling owner alice a vieno contractor boukofsky cost $l5oo 2626 8 mission repair restaurant owner h mage contractor p hamperdinck cost $475 larkin near lombard one story frame dwelling owner edwin t huffman day s work cost $4500 lobos near plymouth one story frame dwelling owner stearns day s work cost $looo laguna near bush alterations and additions for two story and basement frame flats owner captain gerhard f ferschuren contractor gerzabek cost $4115 mission near 26th all work for three story frame building stores and flats owner tullio argenti contractor westerlund amp hedquist cost $7950 j townsend near third carpenter work for five story brick and frame class c store building owner haslett warehouse company architect ed l homes contractor taylor amp johnson cost $12 895 brick masonery on above contractor n anderson cost $13 143 metal window work on above contractor san francisco cornice co cost $l9ol architectural iron work on above contractor brode amp clarke iron works cost $2llb sheet metal work on above contractor guilfoy cornice works cost $346 fell and clayton all work except garage for two story basement and attic frame residence owner golden state investment co architect haldik amp thayer contractor jos e nelson cost $11 294front near pine all work for threestory brick building owner edward m mccarthy architect hind contractor chris larsen cost $17 2i 5 1909 buchanan alter flats owner john walch contractor johnson cost $950 broadway near taylor erect twostory frame flats owner graccommi day s work cost $2500 25 woodland avenue finish rooms in attic day s work cost $4oo 812 cap alterations to make garage owner zett day s work 3750 caiy add seat porch to dwelling owner mrs dora schweitzer architect h barth contractor robinson amp gillespie cost $450 winfield avenue near eugenia avenue erect one storv frame cottage owner 11 j ohlsen day s work cost $9oo theresa near mission erect onestory frame dwelling owner john drago day s work cost $looo twenty fifth near rhode island coleman tuesday add to cottage owner bailey contractor l poland cost $5oo pt lobos near 35th avenue erect one and one half story frame dwelling owner oscar herman amp co day s work cost $lb5o plymouth avenue near grafton avenue erect one story frame residence owner e erickson day s work cost $boo market near steuart all work except painting and roofing for twostory and basement brick building owner jacob petersen architect white and schumacher contractor fi h larsen cost $24 700 clement and third all work for three tsory frame building stores and flats owner catherina and frederick glander architect john h von ahnden contractor otten cost $bl4o folsom between 12th and 13th painting for two story and basement frame flats owner abby f bickel contractor gidalwitz amp kornfeld cost $6oo third and stevenson electrical work for building owner estate of claus spreckels architect john g howard contractor central electric co cost $1495 ornamental iron work contractor ralton iron works cost $1195 sutter near stockton magnesite flooring for six story and basement office building ow ner the san francisco gas amp electric co architect fredk h mayer contractor california peerless stove tile amp plaster co cost $1394 turk near leavenworth all work except plumbing eletcric wiring heating gas and electric fixtures shades elevator dumb waiter painting wall beds and finish hardware for fivestory and basement brick building owner john brickell co architect miller contractor mclauglffin amp walsh cost $47 000 r steam heating hot water heaters and hot water tank on above contractor mara cost $2975 electric wiring on above contractor decker electric co cost $l5oo sacramento and powell carpenter mill glazing roofing tin and galvanized iron work for three story and basement brick building owner isabella kelley architect crim amp scott contractor brutcher amp serna cost $12 400 excavating concrete brick and iron work on above contractor mcgowan amp butler cost $4736 plumbing and gas fitting on above contractor fisher amp wolfe cost $2821 painting and tinting on above contractor grime amp lucas cost $1360 lathing and plastering on above cost $1450 lombard near pierce all work except grading cement and concrete work finish hardware gas fixtures and shades for three story and basement flats owner giovanni buzzini architect l traverso contractor ludwig wertzba cost $6200 a near 12th avenue erect onestory frame residence owner f warburton and w rimmer day s work cost $l5oo 228 grant erect partitions in stores owner tozar company architect w knowles contractor healy tibbitts company cost $5oo thirty third avenue near point lobos move and later dwelling owner coburn day s work cost $4oo 48th avenue near j erect onestory frame residence owner wandka contractor fry cost $l5oo sonora efface near green erect three story frame flats owner james miraglia day s work cost $2ooo 2628 mission install bake oven owner n kunz contractor julius p glaser cost $7oo ash avenue and octavia erect onestory frame repair shop owner andrews contractor clarence andrews cost $4oo taylor and turk erect five story brick hotel owner rivers bros architect meussdorftvr day s work cost $40 000 clayton near hayes erect threestory frame flats owner annie green superintendent falvey dayhs work cost $b5oo eighth near howard erect two story frame cabinet shop owner frank ostrowski day s work cost $2ooo 1235 7 o farrell repair fire damage owner james tierney contractor nichols amp enright cost $looo seventeenth avenue near california erect one story frame dwelling owner b slosberg contractor w van herick cost $l4oo san jose avenue near i akeview erect one story frame cottage owner mccauslaud day s work cost $9oo chesley near boyd erect two story frame residence owner vvickersham day s work cost $2400 castro near 19th erect three storyframe flats owner carson building co day s work cost $booo sutter near mason erect three story brick stores and club rooms owner vickery atkins and torrey contractor arlett amp brigleau cost $40 000 powell near bush elevator machinery including erection for four story and basement building owner san francisco elk s building architect cantin contractor otis elevator company cost $2200 washington and presidio avenue gas and electric fixtures for residence owner freeman architect colley contractor bauer p ixture company cost $1123 nineteenth and howard all work for three story frame fiats owner mrs derby contractor f schaadt cost $11 942 clementina near 4th all work for four story frame building owner the white investment co architect ross amp burgren contractor chas l parent cost $9500 lake and 26th avenue all work for one story and basement frame apart ment and store owner and mary ludek architect leonard l jones contractor west cost $5225 laurel and pacific avenue plumbing and sewering work for two story and basement frame dwelling owner wm denman architect bakewell amp brown contractor ahlbach amp mayer cost $1215 market near 4th electrical work for theatre and store building owner thos magee amp sons architect bliss amp faville contractor al thode amp co cost $1624 sheet metalff and roofing on above contractor california heating amp ventilating co cost $l6oo mason near pacific all work except plumbing and gas fitting for threestory and basement frame flats owner john shirley architect meussdorffer contractor cameron amp disston cost $10 425 plumbing and gas fitting on above coleman tuesday contractor frank j klimm cost $l2bo army near noe street alter and add to dwelling owner john p pyne architect evans contractor rowe olmstead amp clark cost $boo k street near 12th avenue one story frame dwelling owner mrs kate fitzsimmons contractor fay amp kulin cost $3ooo liedesdorff and pine street underpin west wall of office building owner e yv hopkins architect bliss amp faville contractor and t sullivan cost $7oo 12th avenue near j one and onehalf story frame dwelling owner paul a roche day s work cost $l5oo f illmore and geary alter stores owner breeden contractor isher cost $960 fourth avenue no 279 alter dwelling owner theo thorsen day s work cost $6oo 35th avenue no 641 alter cottage owner wm greenfield day s work cost $4oo fifth avenue near b two story frame flats owner snow day s work cost $4500 28th avenue near california underpin dwelling owner meyer day s work cost $4oo 1 near second avenue sunset all work for two story and basement residence owner mrs mary a oliver contractor geo l streshly cost $2465 post near kearny interior cabinet work and store fixtures for first second and third floors for building owners iebes amp co architect schastey amp vollmer contractor l and e emanuel cost $25 500 san jose avenue near 24th twostory frame stable owner sulir architect rabin contractor mager bros cost $1225 2553 mission cut exits in hall owner portola club contractor eterson cost $5oo lake and 19th avenue one story frame cottage owner giubbiny contractor banning cost $9oo delaw are avenue near ocean avenue raise and underpin dwelling owner g restani contractor devincenzi cost $450 seventeenth avenue near i threeroom frame cottage owner a marsilano contractor c faggroni cost $4oo 355 7 tehama four story brick carpet works and stable owner annie m spaulding contractor samuel f church cost $12 000 california near mason five story brick apartments owner redmond w payne architect hart day s work cost $30 000 1814 vallejo repair residence owner mrs l scatena architect l mastropasqua contractor carlo f orni cost $2boo california near leavenworth threestory and basement frame building owner d rossi architect welsh amp carey contractor beck cost $l9oo lake near 25th avenue one story frame dwelling owner geo pollitt architect albert f arr contractor southworth cost $l9oo folsom near bth three story frame flats owner mrs a pillion contractor howe amp salmon cost $3600 broderick and goluen gate avenue excavation brick work fire place concrete carpenter and mill work tiling mantels hardware glazing tinning lath and plastering for three story fraihe building owner mrs edna lemaire garms architect sallleld amp kohlberg contractor robt trost cost $9684 stanyan near carl all work except gas and electric fixtures inside hardware shades mantels and gas grates for alterations and additions for threestory frame building owner henry johnson architect fl e young contractor kennedy amp owen co cost $7968 geary and mason concrete basement floor for eight story and basement class a hotel owner jos d grant architect mcdonald amp applegarth contractor a lynch cost $1260 concrete foundations concrete oil tank the grouting of bases and reinforcing of same and install granitecurb on above contractor a lynch cost $5615 structural steel and cast iron work on above contractor american bridge co cost $29 864 jackson near leavenworth all work for two story and basement frame building owner mrs emiline patris architect jules godart contractor peter ducasse cost $5908 mission near new montgomery all work for two story brick store owner deane contractor wm h bertsch cost $6145 taylor and eddy all work except plumbing electric work and sidewalks for two story brick building owner whittell superintendent connelly contractor pettus cost $13 775 ,0,0.6301320068346032
no trade advantage followed by world warthe claim that the united states secured trade advantages out of the world war is denied by e dana durand chief of the division of statistical research of the department of commerce our trade would have increased faster had there been no conflict said mr durand he has elaborate statistics to sustain his claim ,0,0.6300417573968256
associated press fires editor for writing lies on harlan strikepineville ky herndon evans editor of the pineville sun has been dropped as associated press correspondent because of his prejudiced and untruthful reporting of the visit of a group of new york writers to bell county recently evans sent out among others a story through associated press printed in newspapers from coast to coast that two members of the writers group who were beaten by deputy sheriffs had suffered their injuries in a fight between themselves associated press dispatches on the bell county strike have been poisoned at the source since the beginning by evans ,0,0.6084036084794895
economic highlights happenings that affect the dinner pails dividend checks and tax bills of every individual national and international problems inseparable from local welfarehas it failed has it been an unqualified success or has it fallen between these two extremes those were the questions that were being universally asked concerning the colossal recovery program when the first year of the second roosevelt s reign came to an end on march 4 there were as many viewpoints as there were speakers and writers one thing was fairly evident partisanship on the part of the press is still at a low ebb few republican papers damn the president as a matter of course because he is a democrat few democratic papers claim that his batting average has been 100 per cent most of the editorial comment reviewing the amazing year was measured reasoned realistic opinion on various major phases of the program runs about as follows national recovery administration the enthusiastic almost hysterical approval that came with its creation has abated it is given credit for bettering working and wage conditions for stabilizing certain industries for manufacturing a certain amount of employment for helping to correct such blots on the economic escutcheon as child labor and sweat shops but the gain in employment due to nr a has been less than was forecast and there is a growing fear that the tremendous weight of restrictions on business management in matters which have had nothing to do with labor constitute a dangerous trend toward fascism agricultural adj ustment administration this was one of the most extensively debated of the new bureaus when it started it remains so now secretary wallace s warning that continuance of our present policy of nationalism will require government licensing of every farm with government determined quotas and government controlled marketing methods and markets came as something of a bomb shell the farm problem remains as acute as ever income has increased but so has the cost of living and surpluses are still being produced in vast quantities opinion is about evenly divided on the wisdom of the government s policy of subsidizing farmers to reduce production civil works administration questionabie dangerous but necessary that is about the way much responsible viewpoint runs on this it carried 4 000 000 men through what might have been an inconceivably horrible winter prevented want destitution starvation some hold that it would be better and cheaper to simply have provided straight doles instead of largely manufactured jobs money this is where the administration s best piece of sleight of hand was performed it cut the value of the dollar to 59 cents and presto the treasury found itself 40 per cent richer economists are divided as to whether the results obtained will ever amount to much many regard the treasury gold policy as being unjustified and potentially dangerous taxatlon taxation is being used as a means of taking from them who has to give to them who hasn t in doing that it has thoroughly frightened business conservative opinion feels that oppressive taxation menaces recovery is likely to prolong depression liberal opinion still is working on the basis that equalizing incomes will offset any existing or potential tax burden one of the best summings up of all appeared in the united states news of march 5 listed as administration assets were restored confidence in the banks rapid liquidation of closed banks insurance of bank deposits up to $2 500 increased farm prices rescued local relief from breakdown built up navy saved property owners from foreclosure effective campaign against kidnapers better relations with latin america fixed minimum wages diminished child labor protection for business against cut throat competition revaluation of the dollar at about 60 cents revived faith of working population stimulated employment improved public confidence on the liability side the news lists largest deficit in history failure to provide comprehensive revenue getting plan for future the securities act stagnation of capital markets lack of coordination among government agencies repudiation of gold pledge wrecking of world economic conference damage done by gold purchase policy usurpation of powers of states government competition with business unfairness to aviation industry tragedy of army fliers revival of spoils system in public offices waste and scandals in cwa and war department purchases so there you are at the end of a year in which a slow insiduous and bloodless political revolution took place,0,0.5711166475907965
our gas and electric light billsregarding these there is a little matter of importance to us all it is a widespread deep rooted impression that we are not getting what we have reason to believe is both due and right for us to expect is this true householders storekeepers users of electric power in fact the majority of us have noticed one unmistakable fact vet no public attention has been called to it san francisco and our trans bay cities need as much light as do other places such as new york boston philadelphia and chicago these latter compel electric light and gas companies to furnish as nearly as possible the illuminating power for which they pay with unvarying regularity at 8 o clock each evening our lights brighten up directly the theaters close with the same beautiful regularity they again become dim dim is scarcely an adequate expression for our 16 lights sink to soft yellowish glow with whose bilious imbecility even a common rush candle would blush to be compared we know electric light companies have a machine called the booster it is a splendid machine and does excellent work we love a good booster but a booster is no good if he doesn t work the electric light booster only works regularly between 8 and 11 and on extra special occasions we need a booster badly we suffer from any neglect of duty t yet we still continue to pay our bills month after month just as if tly booster were working all the time we pay these bills not because we get sufficient lights but because we have a meter the electric light company puts in for us and the dial of which is kindly read for us every month by some one the company chooses it is a matter of electrical units based on olson s law involving volts ohms and amperes by increasing the voltage the light power of our lamps is likewise increased that is what the booster does when it works on the other hand whether it works or not the amperes continue to rush through our meter and by their numberwe are charged our lights are no good without volts we cannot get sufficient volts without a booster we pay for light not amperes so we need the booster all the time why don t we get it because it costs the company wear and tear on a machine and the labor to run it another thing too most of us are absolutely innocent of all matters electrical i venture to say not one in every five hundred people using electric light has the faintest idea how we are charged nor in what way our meters are regulated we have to trust entirely to the company that puts them in the meters are placed in our places to show the amount consumed they are made to show the exact amount and can be regulated to register the exact nicety if they registered less than the right amount it is not likely the company would use them but if perchance they register more what then some folk have considerable doubt on that score now a meter can be altered to register more or less as required but we dare not touch it although the companies to which we are obliged to trust both can and do this matter of meter applies to gas and water as well if we connected an extra wire with the main incoming one we should be getting unregistered power thus to steal it would be a misdemeanor liable to the full penalty of the law rightly so too but suppose our meter registers more than it should is not that a like theft also that meters do sometimes register wrong is amply proven for gas companies will frequently change one on request and it is a common experience to find as a consequence the monthly bill has become materially smaller this necessary change takes time to accomplish one month at least two or three more generally and in case of mistake and overcharge during this period what redress have wer usually none if obtainable at all it is only with much time trouble and vexation of spirit worth far more than the actual loss itself corporations are arbitrary soulless concerns time was when honest men instituted such for honest purposes and the sake of economyi or it is in the little things and the small details of business so much money can be saved and made but corporations in their evolution began to breed a multitude of dishonest methods from which sprung the avaricious trusts yes it is the saving of a machine here or an extra man there and the trifling overcharges for as they tell you they cannot charge less these nickels and dimes it is that make those colossal fortunes which in recent years have grown to far beyond the comprehension of ordinary minds america is not the only nation that has seen this evolution the question of weights and measures was raised as stone tells us in england in the early part of the seventeenth century and legislation enforced to that end government inspection the state of new york has recently adopted similar measures what is our legislature doing that it has not done the same it is not necessary for even the state to pass law s relating to an official inspection of weights and measures or the regulation and registration of meters for the gas water and electric lights we are forced to buy from corporations our city fathers and our board of supervisors should take up the question they have the power and should be made to use it the inspection and registration of meters would be a boon not only to the people but to the corporations themselves for these latter would be saved from the practice of a systematic robbery they assert is so prevalent whilst the people w ould be freed from a suspicious doubt and harassing inconveniences existing so generally in connection with these lines of public utilities these fcts are thrown out merely as a suggestion to our city fathers it is a matter that must be taken in hand some day why delay action thereon any further why not do it now the result is bound to be good and everybody will say all is well percy m raymond ,0,0.5799838594184636
henshaw s school or practical drawimg mouduy tueatoj ir flawfl f tt m gt 9 aou to £ folto 1504 market st oppuait monly corker saloon nm win bs jliduaa and no swenson proprietor newman cal so 200 mr i freeman california special safes 1329 market st san francisco cal dear sir on oct 13 1003 my ealoon and entire building vara burnt to the ground everything totally destroyed axetpt ®y california special safe which i purchased from you the safa was in a red hot heat and was red hot for many hours after the fire was over and the safe cooled off i was able to open 11 on the combination without any trouble and when i did ao found everything ©n the inside intact and in perfect condition notwithstanding the terrible heat that this safe went througn the varnish on the inside of the safe was not even blistered it is certainly a marvel out safe when i have rebuilt the flret purchase that i will au will iba another califoria special safeit is as you claim the best on earth i have asst the safa to 369 so that you may exhibit ft tpura very truly i r4rvur7l © lt enterprise brewing co 2115=2125 folsom st brewers of original extra pale bohemian x culmbacher pilsener steam and porter ® the only brewery is 8 f doing their ovn bottling far sale by leading grocer and saloons £ ^ gt a gt 1 a we print anything and everything se st ip to date g lt lt 0 pri tii g unions attention if you have anything in the line of printing we can do it in the best of style and at reasonable rates estimates gladly furnished pnblishing co lt 29 montgomery street phone main 765 san francisco cal lt r gt lt s gt gt lt £ $ 4 s gt lt lt s gt lt s gt 1 lt lt s gt lt s gt lt lt lt s gt a lt s gt i lt j gt l lt ❖ lt £ lt s gt lt s gt lt s gt lt s gt lt s gt lt s gt lt s gt k gt ♦♦♦♦♦♦♦♦♦♦♦♦♦ lt 3 gt ♦ o ♦ lt lt 4 lt i ~ lt s gtvacation 1904 is now ready for distribution vacation is issued annually by the california northwestern the picturesqtte route op caiatfobbta and is the standard publication on the pacific coast for information regarding mineral spring resorts country homes and farms where summer boarders are taken and select camping spots this year s edition vacation 1904 contains over 150 pages beautifully illustrated and is complete in its detailed information as to location accommodations attractions terms etc in response to a mail request or at ticket offices 650 mark rt street chronicle building and tiburon ferry foot of market stree t general office mutual life building corner of sansome and california street san francisco hi c whiting gen l manager ryan gen l pass r agent golden gate cloak and sait house 1230 1232 1234 market streettailor hade suits jackets capes amp skirts newest styles lowest prices the sazerac wm q schroeder prop 7 i fine old sunny brook f bourbon and rye j whiskies 2 i 925 mission st corner mmtj st 9 ion l or statu lt amp amp gt you dbzvz bees bee that this label on this keg ok bottle union label goods we are headquarters for all makes of union made clothing the red front prager amp sons 857 859 market st s♦©♦©♦©♦©♦©♦©♦©♦©♦©♦ boycott thf owl drug company i it is a unfair house ♦ lt gt ♦ lt gt ♦ lt gt ♦ lt gt ♦ lt ♦s♦ lt gt ♦ lt gt ♦ ♦ boycotted by the san francisco draff clerks union no 472 typographical union no 21 indorsed by the san francisco babor council patronize home industry pacific portland cement h company golden gate brand a high grade portland cement made in california guaranteed to be the equal of any portland cement in the world george stone president morris kind supt nathan l bell secretary office rialto building phone bush 513 works cement solano co cal r union made clothing issued bit authority f gt i sers registered we were one of the first firms in the united states to put the union label on our garments as we manufacture our own stock all our c othes bear the union label other stores in san francisco have a few union made lines to show union men everything is union made in our establishment in purchasing here you buy direct from the makers at a saving of middlemen s profits ready made suits and overcoats from $lo to $35 made to measure clothes from $lo to $45 write for 04 page catalogue wood amp co 740 market street 8,0,0.6053732274571026
charwomen unable to attend free campnew york an elaborate vacation camp for charwomen and other office cleaners has been established north of this city by a wealthy philanthropist the camp is fixed up with all modern conveniences and is intended to give these low wage women two weeks free vacation through the summer everything has been arranged for entertaining fifty women at a time but the first fifty have not shown up work in this unskilled calling is scarce and the number of unemployed is so large that the women fear their jobs will be gone if they take a vacation ,0,0.618039120159242
national forestscartilage or a city equally great and beautiful would have risen from the ruins left by the romans if the whole of northern africa had not been desolated by the destruction of the timber w ar may desolate a country but it will lift itself phoenixlike from the ruins unless the natural resources have been destroyed there could he no better proof of this than a comparison of germany at the close of the thirty years war with germany to day and the great german national forest system stands as the i greatest monument to the wisdom of her statesmen who rebuilt the nation those who question the constitutionality of the creation of na tional forests and would limit the nation s power to the commerce clause of the constitution would deny to the nation the power to preserve its existence when that question arises we need not go beyond the general welfare clause of the constitution in our search for constitutional power although congress has adjourned and the appalachian national forest bill has been laid on a convenient shelf by the ap pointment of a commission the following editorial is still interest ing and timely it reflects the broad patriotic intelligence of the people at large who can not reconcile themselves to a sacrifice of i the life of the nation to a quibble over constitutional construction in its issue of april 24 1908 the chicago record herald contained the following editorial forests rivers and the constitution the house judiciary committee or a majority of its memjbers has decided that the white mountain and appalachian forest reserve hill which appropriates money for the acquisition by the federal government of forest lands in the regions indicated for the purpose of aiding and improving navigation in rivers and streams is unconstitutional a minority of the committee is not harrowed hv such grave doubts and believes the measure to be in every way proper and consonant with national practice and tradition in connection with this matter it is well to bear certain facts steadily in view one is that the judiciary committee has a reputation as a great disposer of legislation which it does not like in this delightfully simple fashion it has an exalted opinion of its own legal learning which few outside authorities seem to share by the way and it is free and easy with slashing opinions ruling proposals out of court another fact is that two years ago a bill for the establishment of an appalachian reserve passed the senate and was unanimously reported to the house by its committee on agriculture a third fact is that the question has been before the country ►for about five years that it has received the approval of the atlantic states the west and new england and that very good lawyers among others indorsed it unreservedly a fourth fact is that the united states has created national forest reserves before in the rocky mountain region though to be sure on land which it owned and did not need to purchase of states or with their consent the fiat of the majority of the committee is thus not necessarily terrifying or final congress might pass the bill in spite of it as a matter of public policy and with considerable hope of the supreme court s eventual sanction of the undertaking but what are the grounds of the committee s adverse finding these in a nutshell that while congress has the power to preserve the navigability of rivers it has not the power to acquire forests on the mere and doubtful theory that forests increase or store up rainfall and thus indirectly promote navigation it happens however that expert opinion the world over accepts the theory of the close connection between forests and streams that everywhere deforestation is regarded as the cause of disastrous floods on the oné hand and lack of moisture on the other and that afforestation and preservation of trees are earnestly recommended in the interest of industry and agriculture above considerations of health and aesthetics is all this insufficient to give the reserve hill the benefit of the doubt no one we imagine will think so and the committee will find itself isolated and friendlesshumboldt savings bank c our magnificent and commodious banking rooms are now ready for your convenience f every facility provided our customers for the transaction of business 5 open saturday evenings from to clock for the receipt of deposits safe deposit boxes in our armor plate vaults for rent at reasonable rates u savings accounts may be opened with one dollarhousewives should tee the fine new stock of household utensils crockery china and glassware at brittain s the prices will interest you too san francises j jjjf oakland broadway between bth and 9th the gray bros crushed rock co crushed rock for concrete or macadam purposes no 610 wells fargo amp co s bldg second and mission sts phone douglae 2448 j porcher the union hatter 2 stores 715 golden gate avenue near franklin 1244 market st near larkin st rich mellow perfectly aged in wood and very delicately flavored old gilt edge whiskey rye or bourbon union label in every hat at collins the hatter 922 market street opp fifth wood amp co union made clothing four big stores a lot of special art squares selling at just a third less than regular price good all wool art squares in pretty designs and colorings of course there is a reason for it they are soiled along the outside folds where dust collected on them in warehouse it is hardly noticeable in the darker patterns the lighter colors shows it is more noticeable we have reduced to less than half price $6 00 size 9 by 6 feet reduced to $3 60 $7 50 size 9 by 7y t feet reduced to $4 50 $9 00 size 9 by 9 feet reduced to $5 40 $10 50 size lo 2 by 9 feet reduced to $6 30 $12 00 size 12 by 9 feet reduced to $7 20 $14 00 size 12 by feet reduced to $8 40 $lb oo size by 12 feet reduced to $lo bo $20 00 size 15 by 12 feet reduced to $12 00 sterling furniture co 1049 market street opposite mcallister st ask for the best 2 for 25 cents cigar el practimo union made kelia amp doan manufacturers sixteenth anti valencia sts  issued weekly by the publishing company january 16 1960 owned and controlled by the labor unions of san francisco attorney cleveland l pam editor tveitmoe business manager cress gannon subscription rates where a union subscribes for its entire membership a copy of the paper will be mailed weekly to ea h member for 75 cents per year cents per month single subscriptions $1 s lt gt per year six months $l payable in advance single copies gt cents each entered at the postofflce at san francisco cal as second class matter august 20 1901 the bu si ness manager is the only person authorized to sign advertising contracts for this paper advertising patrons will please take notice notice to secretaries secretaries of unions please send weekly reports to this office of members who have changed their address giving the old address as well as the new union men should take notice that such changed addresses for must he sent to us through the secretary who w ill also note change in his roster of members notice to advertisers advertisers desirous of changing copy must supply same on tuesday of current week otherwise same ad will be repeated from the last week the publishing company 212 leavenworth street between turk and eddy phone franklin 3712 advertising rate $l oo per inch per week 4,0,0.6231745388004847
favor chinese unionchinese sailors employed by the dollar steamship company flying the american flag have been arrested in new york for smuggling opium the management says it is absurd to claim that the chinese are paid low wages the chinese workers have a working union and receive regular wages it is stated the dollar line will recognize a chinese union but not an american union while it deplores the failure of the american boy to go to sea organized seamen have repeatedly shown that the chinese will work for nothing employment on american ships gives the man opportunity to smuggle opium and fellow chinese officers of the company profess a blissful ignorance of this practice but they can spot a union white sailor within a mile of their docks issued weekly by the publishing company incorporated january 16 1900 owned and controlled by the labor unions of san francisco office 1122 1124 mission street phone market 4797 notice to advertisers the manager is the only person authorized to sign advertising contracts for this paper advertising patrons will please take notice advertisers desirous of changing copy must supply same on tuesday of current week otherwise the same ad will be repeated from preceding week notice to secretaries secretaries of unions will please send weekly reports to this office of members who have changed their address giving the old address as well as the new correspondence correspondence to receive early attention must be in at the latest by monday subscription rates single subscriptions $1 50 per year six months $l oo payable in advance single copies 5 cents each entered at the postofflce at san francisco calii on august 20 1901 as second class matter frederick w ely editor cress gannon manager4,0,0.51355197322049
the protestsaid the great machine of iron and wood lo i am a creature of iron and wood but the criminal clutch of godless greed has made me a monster that scatters need and want and hunger wherever i go i would lift men s burdens and lighten their woe i would give them leisure to laugh in the sun if owned by the many instead of the one i if owned by the people the whole wide earth should learn my purpose and know my worth i would close the chasm that yawns in our soil twixt unearned riches and ill paid toil no man should hunger and no man labor to fill the purse of an idle neighbor and each man should know when his work was done were i shared by the many instead of the one i am forced by the few with their greed for gain to forge for the many new fetters of pain yet this is my purpose and ever will be to set the slaves of the workshops free god hasten the day when overjoyed that desperate host of the unemployed shall hear my message and understand and hail me friend in an opulent land,0,0.5876900855548164
pacific rubber co expanding oakland plantwarehouse and shipping facilities will be extended at the pacific rubber company s plant at 4901 east 12 st oakland at a cost of $165 000 a two story warehouse 120 x 250 feet of flat slab reinforced concrete with steel sash steel rolling door and composition roof will be con structed also a reinforced concrete culvert 4 x 10 and 700 feet long structural engineers is the firm of ellison amp king 1045 sansome st working drawings are already in progress cpa permit for construction has been granted ,0,0.5832332847620434
men and mules written for by george dawson i spent some time recently in one of the largest construction camps in the west this camp is famous for its efficiency it is looked upon by practical and upao date contractors as a model of its kind two kinds of animals are used men and mules there are about an equal number of each an officer of the society for the prevention of cruelty to animals would starve to death at this camp if he depended upon fees for a living cruelty to mules is unknown here experts are employed to see to it that they are given everything that is good for a mule first there is the food man it is his duty to inspect the alfalfa oats bran and other foods these must be of the best quality each bale is examined when it is opened to see that there are no rotten damp or decaying sections the oats are cleared of dust and the other foods are properly mixed the sleeping quarters of the mule are the best fie is housed in a clean dry tent or shed he is bedded down with new straw and this is changed every day during the night the barn man makes his rounds with a lantern to see that each mule is resting comfortably an expert farrier keeps close watch on the legs and feet of the mule shoes are carefully removed and replaced an experienced veterinary is always on the job to look after the health of the mule after a day s work if an animal seems unusually stiff or shows symptoms of lameness or overwork he is led away to a pasture where there is running water and green grass for a few days rest everything that is known to science experience and common sense is used to make the mule strong and healthy and to prolong his life this is what should be done with the men things are different they are housed in tents that are worn and rotting that are damp and uncomfortable when there is rain or fog the men furnish their own blankets the company supplies the straw but it is the straw that the mule boss will not use in his department the food is coarse and of a poor quality every economy is used in its purchase and preparation in warm weather millions of flies travel and swarm from the dung heaps and piles of offal to the soup pots and stew pans if the men need shoes the company has a supply on hand to sell for a profit no sanitary inspector goes through the sleep ing quarters of the men to see that they are comfortable if a man is worn out or gets stiff or lame so that he cannot step lively he is promptly discharged they want strong husky and efficient men men who will do the largest possible amount of work for the least possible pay and the least possible expense to the company if a mule dies or gets crippled his loss is felt if a man is crippled or quits or dies there are others waiting to take his place the boss telephones to the city and a trainload is ready men who have paid the employment agent money to get a chance to get a job these men are called wops yet these are the men who dig the tunnels build the railroads dam the water courses and conserve the nation s resources every hour of their toil is profitable to their bosses and beneficial to mankind when men return from war from fratricidal strife from a campaign of blood and murder they are welcomed as heroes covered with wreathes and medals and honored in song and story not so with the hero of labor and sodden toil he goes bankrupt with his stock of muscle shuts up his shop goes down to oblivion and perishes miserably some day the men who sell their muscle for bread will realize i and understand the importance and benefit of organizing and labor unions and when that time comes there will be compensation and consideration for toilers everywhere ,0,0.6036108230095782
heat and frost asbestos union local 1 story secretary treasurer ken mcgrew business managergeneral information vacation checks will be mailed out at the end of this month and possibly before the three day weekend which of course is may 25 26 and 27 the 27th being a holiday the vacation pay out period is from the last pay period in september until the last pay period in march be sure the office has your correct address group insurance enrollment cards will be sent out after our next regular union meeting in may these cards are for the $looo mortuary policy through the union as you know april 1 1974 we changed insurance companies and it is necessary that every member fill out one of the cards working members retirees members on withdrawal etc please fill out and mail back as soon as you receive them wives take note husbands often forget contract books will be available by the next regular meeting and i will be mailing one to each member as soon as i receive them the contract will be opened for negotiations of wages fringes and dues check off july 31 1974 fines for non attendance of meetings for the year 1973 should have been paid by now if you have not paid your fine please do so now work load we now have all of our members working except a few who are waiting for work in a particular area ten of the twentyfive members that were on traveler are home and working new members david wallace steven white and tim hassler were voted into our membership at the march regular meeting and kevin cuthbertson and mike balestri were voted into our membership at the april regular meeting memberson the sick list brother jim rodgers has just undergone back surgery but is out of the hospital and homeik other george elsa is still in the hospital andy anzelone is doing very well but will still be off work for several more months i received a phone call from pearl putez and she said she would like to hear from some of our members in sympathy we regret to inform our members of the passing away of brothers hubert a keith and vivian i brown brother keith has been a member of local 16 since january 1933 and has been on retirement for the past nine years brother vivian i brown had been a member of local 16 since may 28 1951 and had worked out of local 16 five years prior to becoming a member brother brown had been on retirement since mav 1970 something to think about ephesians 5 15 see then that ye walk circumspectly not as fools but as wise ,0,0.6169634901455172
underground factories urged by gen johnsonwashington appointment of a commission of five civilians to plan for dispersion and protection underground of national defense industries because of introduction of atomic warfare was proposed here by brig gen robert w johnson in an article entitled dig son dig the former vice chairman of the war production board presented his views in the current issue of army ordnance the retired army officer who is chairman of johnson amp johnson new brunswick manufacturers of pharmaceutical goods declared that this the time to start planping when hundreds of new plants were being built production people must be brought in now he asserted the whole story should be laid on the table and a meeting of minds should take place this job calls for civilian leadership not civil service god forbid let the military men spell out the problem but let industry assist and advise but let industry solve the problem and put the solution into effect ,0,0.576740857783459
splendid comedy russet mantle opens monday evening at geary theatreto the geary theater on monday july 13th will come fresh from its broadway triumph russet mantle the lynn riggs warmly human comedy that wends its way to san francisco direct from the masque theater new york city where it had its amazing premiere last january but the engagement at the geary will be tbe only engagement played in northern california the author mr riggs is not alone one of america s greatest dramatists and author of such enormously successful plays as green grow the lilacs rancour the cherokee night and the sun of perdition but when he wrote russet mantle he came very near to winning the much sought pulitzer prize in fact it is said that russet mantle was the second selection for the award that it is a most interesting treatise on young love its pitfalls and its radical protest against traditions place it high up in the list of stage plays that you must see what s more its daring subject may bar it from the cinema entirely therefore it were best if you would hurry to the geary box office or send in your order for seats by mail because the engagement is limited to two weeks only and you cannot well afford to miss this most unusual play the cast has had glowing tributes in fact martha sleeper is said to have reached the road that leads to ultimate stardom through her striking part in this play taylor holmes as her uncle with an academic view of love and evelyn vardon as her aunt are said to have the best roles of their careers the cast also includes hardie albright as the itinerant boy who finds himself the object of miss sleeper s audacious affections cora witherspoon well known stage and screen player maurice black who was a bright spot in broadway and who oared to cinema fame as little arnie in little caesar james larmore as scoot and others equally as well known the complete new york production will be seen at the geary where the advance sale indicates a most prosperous engagement there will be a special popular priced one dollar top matinee on wednesday ,0,0.5809701460406351
a windowless factoryit will be a privilege we are told for toilers to work in a building without windows it will be the very latest thing in factories now building in fitchburg massachusetts it will be hygienically perfect we are assured no capricious sunlight but mellow uniform illumination by electricity no breezes hot or cold fierce or gentle but plenty of fresh air passing gently through the building lots of light and air but both under perfect control says a dispatch to the new york herald tribune award of a contract for industry s first windowless factory building a $1 500 000 plant entirely wlhout daylight and embodying radically advanced ideas for scientific creation of artificial lighting ventilation and other working conditions was announced in cleveland recently by the austin company engineers and builders the structure will be built for the simonds industries at fitchberg massachusetts it will contain five acres and will be one story in height simonds president of the saw company advised the engineers the decision to build at this time was based upon the confidence of the firm s officials that business recovery was near and their belief that present construction costs are favorable for immediate expansion against future needs the building will have solid sound absorbing walls its roof will have neither windows nor skylights illumination will come from hundreds of 1000 w att electric lights arranged to provide uniform light intensity which is rarely possible in daylight factories dependent upon the cleanliness of windows or upon the weather one of the many innovations will be the painting of machines in orange color to increase their visibility and help reduce accidents walls and ceiling will be blue green and white the ventilation system will bring fresh air to all parts of the structure after purification and temperature regulation cork pads will be used under heavy machinery and other efforts will be made to keep noise at a minimum production of three of the simonds factories one in chicago and the others in fitsburg will be concentrated in the new plant construction is now under way ,0,0.5830299628250262
shoals solution before congresswashington senator mcnary will demand a show down of the muscle shoals problem when congress convenes next month he is chairman of the conference committee representing both branches which is attempting to reconcile differences between the norris bill which provides for government operation of muscle shoals and the reece bill which provides for leasing to private interests the norris bill passed the senate and the reece bill passed the house reece was defeated at the last election by an independent candidate who entered the race ten days before polling time the effect of the reece defeat is indicatd by senator fess of ohio who is quoted as saying that while he favors leasing to private interests he would be inclined to vote for government operation rather than see the power go to waste ,0,0.6098116193759535
waste in industrynew york waste in industry is the major subject of discus sion by the american construction council at its spring conference in this city the council is attempting to spread construction work over the entire year and to avoid the present wasteful periods of intensified operation during a few months and the resultant idleness the rest of the year the present policy not only entails unemployment but causes congestion in the transportation systems which has compelled railroads to provide abnormal car facilities for a short period of the year it is stated ,0,0.5605213654118395
defying the lawdefying the law has become a popular sport with many of our citizens we refer of course to the prohibition law which has produced an army of lawbreakers some of our so called best citizens are engaged in this pastime for instance only this week we read in a leading magazine how cities in going after a big convention point out publicly too that one of the assets of their respective cities is the fact that they are wet in a recent report the city of detroit proudly announced that its liquor business amounts to the sum of $215 000 000 per year which makes it the city s second largest industry of course it does not pay taxes open defiance of the law no matter what law is anarchy ,0,0.5297624439486692
with the san francisco carpenterscarpenters union no 22 at its last meeting following the annual election of officers admitted five members on clearance cards from other locals of the united brotherhood of carpenters and joiners of america and paid $4o in accident benefits to members injured while at work carpenters union no 483 at its last weekly meeting increased its membership by two initiations and the reception of three clearance cards the sum of $35 was paid in accident benefits ,0,0.6153168058279574
upholsterers seek aid for organizingif plans presently in the hopper materialize upholsterers local 3 will launch a vigorous organizing campaign in the vicinity of sacramento stockton and san jose upholsterers vice president reed stoney will present the plan to international president sal b hoffmann and the executive board when he attends a quarterly meeting of the board slated to begin in philadelphia on november 13 at that time he will outline details of the plan and request the services of at least two international organizers stoney said that the upholsterers are pretty well organized in sacrament but that other divisions ol the unions jurisdiction such as draperies and canvas will get attention in stockton and san jose the entire jurisdiction needs the attention of full time organizers he said the help of the san jose building trades council has been promised provided a full time organizer is allotted to that sector stoney recently returned from a brief vacation in wyoming where he helped friends bag an elk and a deer the latter has been rei turned to san francisco where it is stowed away under ice ,0,0.6006989894375105
praises production recordproduction achievements by american labor and industry won high praise from president roosevelt in his message to congress summing up latest developments in the war the president disclosed a long list of armament production totals to show how superior production by the united nations has helped turn the tide of war he added our great production program started during the darkest days of 1940 with the magnificent contribution made by american industry and american labor it is approaching full production britain has already attained full production today the british empire and the united states together are turning out so much of every essential of war that we have definite superiority over germany and japan which is growing with every succeeding minute but we have no minutes to lose ,0,0.5565799559610366
council finds is kept by coal miners funds in six months lewis drew 830 000 from mine union treasury to bolster up decaying committee for industrial organizationwith a copv of the semi annual report of the united mine workers of america before it the executive council of the american federation of labor issued a strong criticism of the policy of the union under the leadership of john 1 lewis in making large loans to the committee for industrial organizaton through a statement by president green the executive council declared that the mine workers l nion was the angel of the the council noted that the union s expenditures including loans for the last six months of 1937 were $2 526 531 while its income was $1 497 426 a difference between income and expenditures of $1 029 105 support revealed by auditor s report the executive council gave consideration to the auditor s report submitted to the united mine workers convention mr green said we studied and analyzed the report and came to the conclusion that the united mine workers is the angel of the and that the exists only in name so far as its financial standing is concerned that it is financially kept sustained and fostered by the united mine workers that conclusion is based upon this fact that in the six months period ended december 1937 the figures showed that the miners union supplied the with $830 000 of which $650 000 was in loans and $lbo ooo in taxes that is nearly $140 000 a month the united mine workers is supplying more money per month to the than all of the of e unions pay each month to the of l holds is financed by one man the executive council asks why if there are 4 000 000 duespaying members in the that it is necessary to have it financed by the united mine workers our conclusion is that there are no lues paying members in the other than the united mine workers of america that is the answer to the inquiry why one man rules the because it is financed by one man $30 000 contributed to lewis labor league in addition to the direct loan to the mr green declared the financial statement of the miners union showed that it had made a loan of $475 000 to the steel w orkers organization committee a loan of $99 000 to the textile workers organization committee and a contribution of $30 000 to labor s non partisan league why does the united mine workers have to contribute so much of the miners money in this way asked mr green we know that the loans will never be repaid ,0,0.6186106562941698
excavation will start this week for million dollar nbc buildingdirt will be flying at the site of the new nbc building taylor and o farrell streets during this week this welcome announcement comes from nelson general manager of kgo and kpo the nbc stations which will be housed in this modern million dollar home removal of the larry barrett tire repair shops and service station is in progress demolition of the existing buildings will start as soon as the removal of present occupancy permits and the steam shovels will roll in to start the excavation before the end of the week aproximately eight months will be required to complete the construction of this highly specialized property except for a public parking garage in the street level and basement floors it will be used exclusively for broadcasting purposes and every effort of executives engineers and architects has been put forth to design the most perfect broadcasting plant in existence all of the technical equipment will be new and of the latest improved pattern everything that has been learned in the construction of previous radio buildings will be employed in the san francisco structure every year has seen much progress through new knowledge as to the acoustical treatment of studios control rooms and floor layouts all of this knowledge will be employed to produce the ultimate itleal broadcasting plant since the entire building will be air conditioned windows will be unnecessary for ventillation daylight will be admitted to offices through glass blocks set in the outer walls these glass block sections will be illuminated from within at night to give the building a dramatic and unusual appearance owners of the property are larry barrett frank barrett and harry hilp the latter two constituting the firm of barrett and hilp contractors who will construct the building nbc will occupy the premises on a long term lease many efforts to obtain a new nbc building in san francisco have been made over a period of ten or more years that success finally came was due to the persistent force and determination of nelson the dynamic general manager of kgo and kpo for the past eighteen months nelson received national citations for breaking down the deadlock that had existed between newspapers and radio for nearly two years before he reached san francisco and his generous co operation with scores of worth while civic movements has demonstrated the value of radio in these progressive activities ,0,0.5701439567347037
minutes of the building trades councilthe building trades council of san francisco met in regular session pursuant to adjournment thursday evening september 2d the meeting was called to order promptly at 8 o clock by president mccarthy and the order of roll call being suspended the minutes of the previous meeting august 26th were on motion approved as printed business agents reports business agents charles a nelson walter connell and frank c macdonald rendered their weekly reports which upon explanations and instructions were received and approved pursuant to this action it was ordered that the keystone contracting company be requested to appear before tbe executive board credentials and communications communication from electrical workers union local no 6 requesting that nunemacher electrical company be declared unfair received and filed as firm had already signed agreement to become fair from the marble cutters and finishers helpers local no 44 making application for membership in the council and submitting credentials for fred t mcglade jas f mcaleer and daniel s looney received and referred to the organizing committee thomas doyle secretary of the organizing committee reported that the committee would report on the application at the meeting of the council september 16th and recommended that pending the report the union be given a place as a regular organization in the labor day parade on motion the report was received and concurred in from the san francisco labor council advising that louise la rue had been elected delegate to the national woman s trade union league convention in chicago and further stating that the council had appropriated $l5o as its pro rata of the expenses received and on motion it was ordered that a warrant be drawn on the treasury in accordance with the former decision of the council from housesmiths and architectural iron workers no 78 requesting information in reference to label received and referred to the secretary from mrs lovell white of the outdoor art league california club expressing thanks for the action in endorsing park propositions received and filed from the excavators street asphalt and concrete workers requesting that the city construction company be declared unfair received and referred to business agent nelson with instructions to port to the executive board from the guadaloupe drum corps advising that they were open for engagements for labor day received noted and filed from the elevator constructors nion no 8 making requisition for working cards received and referred to the secretarytveasurer from carpenters union no 1913 calling attention to benefit for widow of carl e willman to be given in knowles hall hillcrest september 16th received and favorably recommended to affiliated unions and delegates from the bridge and structural iron workers no 31 setting forth grievance against pile drivers no 77 received and on motion referred to the state building trades council with request that the matter be taken up with the building trades department of the american federation of labor from tlie house movers union no 1 advising that the organization had unanimously endorsed mccarthy for mayor received noted and filed from zion submitting charter amendments received noted and filed customary agreements to be fair signed by gass brothers and nunemacher electrical works received approved and ordered filed the following resolution was on motion adopted by unanimous vote of the council whereas it is desirable that all citizens vote at all elections and that every facility to exercise the right of suffrage be accorded to them and whereas in order to become qualified electors their names must appear upon the great register and in the absence thereof they are deprived of exercising their civic rights and whereas the time during which our citizens are required to register is limited by law to that of the official business hours and whereas many thousands of working people cannot avail themselves of the privilege of registering by reason of the fact that the location of employment and hours of service prevent their sodoing and whereas were the hours of registration so extended as to permit of the working people availing themselves of the right to register many would he placed in a position to vote who at the present time cannot do so by reason of their inability to register now therefore he it resolved that the building trades council in regular meeting assembled hereby respectfully requests that the honorable the board of election commissioners extend the time of registration by keeping open the registration office on saturday the 11th and 18th days of september both afternoon and evening and during the evening on the 23d 24th 25th and 27th days of september and be it further resolved that the secretary is hereby directed to communicate this action to the honorable the board of election commissioners committee reports minutes of the executive board were received read and on motion adopted all with recommendations with the exception of the one to declare the vermont marble company unfair being concurred in the executive board of the building trades council met pursuant to adjournment tuesday evening august 31st with chairman clancy presiding a quorum being found present the regular order of business was called communication from hawley of the vermont marble company was received read and discussed at length by murphy and kingston of the hoisting engineers freeland and other members of the board on motion the board recommends that the vermont marble company be declared unfair in the matter of the appeal from decision of cement workers union local no 1 filed by rambaud the board on motion recommends that the appeal be denied appellant having failed to appear in his own behalf on motion board recommends that s cohen glass contractor be declared unfairmr gass of gass brothers cement contractors appeared befor the board stating his position and how he had come to sublet certain work to unfair contractors on motion the case was referred to business agent macdonald for adjudication there being no further business submitted to the meeting the board on motion adjourned to meet tuesdav evening september 7 1909 fraternally submitted secretary it was on motion ordered that the grievance of the hoisting engineers no 59 against the vermont marble company be taken up for adjustment with stationary engineers local no 64 report of the general labor day committee was received read and approved as followsthe joint labor day committee met in regular session pursuant to adjournment august 28 1909 in harmony hall building trades temple the meeting was called to order at 8 30 by chairman john a kelly and on motion the order of roll call and the reading of the minutes of the previous meeting august 14th were ordered dispensed with communication was read from millwrights union no 766 advising of the appointment of w 11 van horn on the labor day committee in place of dorgan received noted and filed communication from chas brown amp sons offering to donate beautiful loving cup received accepted and acknowledged with thanks from roman amp roman offering as a token of appreciation a solid silver cup received accepted and acknowledged from frank h harris of the van arsdale lumber company referred from the labor council suggesting conference on the advisability of erecting stand on van ness avenue received and referred to the secretary with instructions that the committee finds the time too limited in which to successfully carry out the project grand marshal mccarthy submitted his report and orders for the parade which were on motion received and adopted after the hour of starting being amended from 9 o clock to 9 30 committee on games submitted its final report which was on motion received and approved committee on prizes and judges reported progress and asked for further time received and request granted the committee on music reported having completed its labors report received committee on ways and means reported having awarded contract for labor day regalia and badges to walter n brunt amp co it being $95 30 lower than any other bidder and the quality of the samples superior the committee also reported on the program of literary exercises which was adopted after being referred back and amended promotion committee reported progress secretary gallagher called attention to the bamboo canes which were all manufactured by japanese or in sweat shops and representatives of the various unions were requested to take notice on motion it was ordered that manager bemiss of the building trades temple and charles shuttleworth of the labor temple be constituted a committee on information it was regularly moved and carried that when the committee adjourns it adjourn to meet on sunday september sth at 2 building trades temple at which time the marshals and aides will also meet and that the secretaries notify marshals and aides and members of the committee representing their respective councils and unions to attend this meeting the secretary reported the following receipts and expenses since the last meeting of the committee august 14th receipts carpenters union no 1913 $ 2 00 ice wagon drivers no 519 5 00 machinists no 68 10 00 photo engravers no 8 5 00 musicians no 6 10 00 garment workers 5 00 pile drivers no 77 10 00 carpenters no 1640 10 00 laundry wagon drivers 10 00 teamsters no 85 25 00 molders no 164 10 00 boiler makers no 25 5 00 $107 00 disbursements expenses placing advertising 65 00 the treasurer submitted the following report august 6 balance on hand $37 50 august 7 received from secretary 30 00 balance on hand $67 50 there being no further business submitted the committee adjourned tö meet sunday september sth at 2 respectfully submitted unfinished business the roll was called and delegates from unions that have not received their pro rata of labor day tickets were requested to obtain the requisite number of admission tickets to shell mound park delegates lynch schnapple and goodwin were appointed a committee to wait upon unions that had not secured tickets and whose delegates were not present at the meeting of the council new business on motion it was ordered that when the council adjourns it do adjourn out of respect to the memory of robert right a delegate from carpenters union no 22 to this council and it was further ordered that when the council adjourns it do adjourn for two weeks to meet thursday september 16th there being no further business submitted to the meeting the council on motion adjourned to meet i hursday september 16th at 8 respectfully and fraternally submitted tveitmoe recording and corresponding secretary building trades council of san francisco  how many boys has pimpernell four i thought he had two he did have two yesterday but early this morning they got into my garden and stole a green watermelon and pretty sure they have doubled up by this time cleveland plain dealer he confound it we ve been sitting on wet paint she yes dear i know we have he and you never told me she don t be angry dearest you had just begun to tell me that you loved me and how could i interrupt you throne and country tell me what you eat and t will tell you what you are boasted an amateur sage well i ate a welsh rabbitt and a lemon pie last night you re a fool  so you built a bungalow on your lot in the country asks the friend not altogether responded the man with the dubious eyelashes not altogether how is that the architect made the bungle i get the owe part chicago post yus bill mark my words the thing wot s goin to make england is tariff reform an no mistake wot be tariff reform enery why tariff reform is er well it s er er what they tells yer at the meetings punch heiress do you examine titles mr lawyer lawyer l do ma am heiress well this is my fiasco lord preserve us like you to examine his title before we get married hate to get stung judge ,0,0.5778311057691836
rhubarb piepeel and chop the rhubarb over which pour boiling water and let stand for five minutes then drain and to two teacups of the rhubarb add a teacup of sugar piece of butter size of an egg the yelk of one egg a tablespoon of hour moistening the whole with three tablespoons cold water bake with undercrust and make merinque of the white of the egg with three tablespoons sugar and return to oven to brown ,0,0.5693993273337334
safety effort cites intersection rulesgreatest danger in traffic lurks at intersections where 70 per cent of accidents occur launching a renewed effort to combat the threat of increased traffic deaths and injuries during 1935 the public safety department of the california state automobile association will center attention during january on the greatest point of hazard the intersection analysis of accidents says a statement by the motorists organization announcing the effort proves that caution at crossings of streets or highways is the outstanding requirement for safe travel too many drivers approaching an intersection gamble upon the chance that some other motorist will not be attempting to cross at the same time the statement declares many motorists are inclined to travel through intersections at an unsafe speed this lack of caution is particularly dangerous at blind intersections where the driver s view is obstructed in cooperation with local safety groups the automobile association will conduct a series of educational efforts stressing the need for carefql driving at intersections regard for the legal speed limit and for right of way rules at such points will be urged state law limits speed of fifteen miles per hour at any obstructed intersection defined as any intersection where the driver during his last 100 feet of approach does not have a clear view of all converging streets and highways for a distance of 200 feet along the intersecting roads or streets the right of way rule established by law is that a driver approaching an intersection shall yield to the one who has already entered the intersection when two cars enter at approximately the same time the driver on the left is required to yield to the driver on the right ,0,0.5881242624924248
senate bill bans employer coercion of workers votesc hallenging the alleged intention of mam employers to use their control of work opportunities to influence the votes of working men and women in the coming national elections the senate passed and sent to the house of representatives a bill severelj penalizing any and all methods designed to accomplish this subversive object 1 he measure makes it unlawful for any person or corporation to influence or attempt to influence through fear or intimidation the votes of employes in the elections for president senate or 1 louse of representatives t orpqrate or individual employers found guilty of violating the bill would be subject to fines ranging from $l ooo to $5 000 ,0,0.5796417497095807
communists to be dragged in open tradeunions will expose wreckersnew york to more effectively continue the fight against communism a group of trade unionists announce the organization of the committee for the preservation of trade unions the committee has issued a call to all trade unions in this city and vicinity to attend a general conference to consider plans for the elimination of communists from the labor movement we call for the workers in all unions to unite against their in ternal enemy the communists the committee states the division between the trade union movement and communist adventurers must be definitely established the signers of the conference call declare that their move does not mean that the communists are particularly strong except in the furriers and cloakmakers union locally they are without power or prestige in all other unions we have succeeded in stamping them out within a short time all that will be left of them will be a bad memory it is to facilitate their demise to minimize the amount of danger that they can add to their long record of wreckage that our committee has organized and called a general trade union conference taking advantage of industrial depression the communists were successful in gaining control in some organizations two organizations in particular that they have taken over are the furriers and cloakmakers of new york city they immediately threw them into long and bloody strikes starving the workers ruining the industries and finally making settlements that betrayed the memberships in their press they glorified their failures and by terrorist methods are attempting to stifle opposition of enraged members workers everywhere have had ample opportunity to study their methods and ability the time has come when the preservation of the trade unions demands the expulsion of these elements from office and control ,0,0.6370103489770806
building trades directorystate building trades council headquarters general president and general secretary treasurer 514 balboa building 593 market street phone hemlock 6140 building trades council headquarters building trades temple phone market 1806 1807 meets every alternate thursday at 8 brotherhood hall building trades temple guerrero and fourteenth streets executive board of building trades council meets every tuesday evening unity hall building trades temple bay counties district council of carpenters meets every wednesday evening harmony hall building trades temple district council of painters meets every wednesday progress had building trades temple boiler makers no 6 meets second and fourth mondays in labor temple building material teamsters no 216 meets first and third wednesday evenings in prosperity hall building trades temple bricklayers union no 7 meets every tuesday night in prosperity hall building trades temple executive board of bridge structural and ornamental iron workers mo 377 meets every friday evening between 8 and 10 o clock in building trades temple bridge structural and ornamental iron workers no 377 meets every friday in california hall building trades temple bronae and ornamental iron workers local no 472 meets second and fourth wednesday brotherhood hall building trades temple carpenters union no 22 meets every friday brotherhood hall building trades temple financial secretary s office building trades temple carpenters no 304 meets every monday evening 112 valencia street carpenters union no 34 meets every friday at their headquarters 417 bryant street carpenters union no 483 meets monday evenings carpenters hall 114 valencia street carpenters no 2164 meets second and fourth fridays friendship hall building trades temple carpet mechanics no 1 of san francisco meets first and third tuesdays in california hall building trades temple cement finishers union local no 580 meets first and third wednesdays in eureka hall building trades temple construction and general laborers union no 261 meets first and third friday evenings auditorium building trades temple electrical workers local no 6 meets first and third wednesdays brotherhood hall building trades temple elevator constructors no b meet first and third friday evenings harmor y hall building trades temple felt and composition roofers no 40 meets first and third monday evenings california hall building trades temple furniture handlers no i meets second and fourth mondays progress hall building trades temple granite cutters meets fourth friday of month in progress hall building trades temple hardwood floor layers local 1047 meets every thursday evening at 8 o clock harmony hall 200 guerrero street heat frost general insulators and asbestos workers no 16 meets second and fourth mondays friendship hall building trades temple international hod carriers building and common laborers union no 36 meets first and third mondays harmony hall building trades temple international union of operating engineers steam shovel and dredgemen s local union no 3 meets first saturday brotherhood hall buildtrades temple mantle grate and tile setters helpers no 70 meets second and fourth thursday progress hall building trades temple marble shop workers and helpers no 95 meets second and fourth fridays eureka hall building trades temple marble masons union no 25 meets second monday harmony hall building trades temple millmen s union no 42 meets every tuesday evening brotherhood hall building trades temple millwrights and machinery erectors local 202 meets second thursday eureka hall building trades temple millwright s union no 766 meets first friday of month progress hall building trades temple ornamental plasters no 460 meets second and fourth tuesdays progress hall building trades temple operating engineers stationary local no 64 meets first and third tuesdays friendship hall building trades temple painters no 1158 meets every friday 112 valencia street painters paperhangers and decorators of america local no 19meets every monday brotherhood hall building trades temple paint makers meets first and third fridays in prosperity hall building trades temple photographers and allied crafts union local 21168 meets first thursday of month in labor temple sixteenth and capp streets plasterers union no 66 meets every monday in prosperity hall building trades temple plumbers and gas fitters no 442 meets second and fourth friday evenings in prosperity hall building trades temple sheet metal workers international association local no 104 meets second and fourth fridays 224 guerrero street bign scenic and bictorial painters no 510 meets first and third thursdays in friendship hall building trades temple sprinkler fitters auxiliary local no 669 meets second and fourth mondays eureka hall building trades temple bteam refrigeration and oil burner fitters local union no 509 meets first and third tuesdays in harmony hall building trades temple tile setters no 19 meets first and third fridays eureka hall building trades temple united glass workers no 718 meets second and fourth tuesdays friendship hall building trades temple upholsterers and trimmers union no 3 meets in building trades temple friendship hall second wednesday evening varnishers and olishers union no 134 meets second and fourth tuesday evenings harmony hall building trades temple wood wire and metal lathers no 65 meets first and third wednesdays 224 guerrero street box makers no 1137 meets third thursday california hall building trades temple garden and nursery workers paint makers meets first and third fridays building trades temple ship yard painters meets first and third tuesdays building trades temple per diem men meets third friday building trades temple elevator operators meets third tuesday building trades temple furniture workers meets second and fourth thursdays building trades temple iron workers no 491 meets third thursday building trades temple sprinkler fitters meets fourth monday building trades temple terrazzo helpers meets second friday building trades temple lumber workers meets second and fourth wednesdays building trades temple auto painters mets first and third thursdays building trades templepolitical advertisement €lt edmund c brown district attorney san francisco needs a new and competent district attorney this advertisement sponsored by friends of edmund g brown in political advertisement re elect dewey mead incumbent supervisor m for a greater san francisco indorsed by union labor president of san francisco building and construction trades council this advertisement sponsored by friends of dewey mead in political advertisement union labor party candidates election tuesday november 2 1943 mayor george r reilly district attorney matthew brady sheriff daniel c murphy judge of the municipal court no i george b harris no 2 frank w dunn no 3 clarence morris no 4 twain michelsen supervisors dewey mead francis mccarty fred w meyer john j sullivan edward t mancuso alfred roncovieri vote no proposition no 8 vote this ticket straight these candidates endorsed by the union labor party have been pledged to give san francisco an honest efficient and progressive administration in keeping with the demands of modern times they are qualified by their training and experience to deal with the problems of our city and will work for justice and fair play to all factions and classes of our citizens and for genuine progress and for industrial peace in this community union labor party vote this ticket straight on tues nov 2 1943 take this ticket to the polls protect your valuables safe deposit boxes of all sizes available at the bank of california national association mission branch cot 16th street and julian avenue umber federal depot it insurance corporationlachman bros on of america lor get t home fumitbert be proud of your home it s one of the things our nation is fighting for use your credit to keep it up a year to pay the lachman way for any homefurnishings you require ,0,0.598440133606748
cling fast to hopewho thinks to morrow will not bring him more than the sad days and years he s passed before who thinks that joy is false and love a cheat that since some things are bitter none are sweet has cast away or lost his kindest friend hope which all men should cherish to the end remember this that in a life whose sum includes both joy and sorrow there must come a time when sorrow having spent his all of wrath upon thy head must then let fall his shattered sword and give unwilling place to joy whö follows him with shining face so when the end approaching thou lookest back over the lights and shadows of thy track and by the clear rays of the setting sun seest plain what blessings thou has lost or won thou then canst lift thy voice and raise thine eyes and thank the god above thee in the skies that in the darkness where thou oft didst grope there was not lost the greatest treasure hope godtgius ,0,0.6029706784068299
publication on labor history makes bowthe first issue of a scholarly publication devoted to labor history has been greeted by afl cio pres george meany as filling a vital need the publication called labor history will come out three times a year under the auspices of the famiment institute and will contain original research in american labor history studies of unions and biographical portraits of labor officials until it appeared said meany there was no academic journal devoted exclusively to labor history surely this was a remarkable deficiency for labor is a vital force in our national life and has powerfully shaped the nation s history and without an understanding of labor s contribution it would be impossible to understand that history ,1,0.5043056018159455
state building trades council in good shapethe state building trades council of california is in good shape according to frank c macdonald general president of the state council who says that conditions among the building trades unions of northern and central california are better today than they have been at any time within the past two years industrial peace prevails in the building trades industry throughout california according to president macdonald who recently made an official visit to most of the county councils affiliated with the state building trades council of california a serious unemployment situation exists in los angeles and vicinity says president macdonald who says that the building slump has thrown many building mechanics out of employment ,0,0.5555508195143493
smashes canard that labor hinders outputthe department of labor again knocked into smithereens propaganda that strikes are hindering the national defense program publishing figures proving conclusively that strikes have been running month bv month fully 50 per cent less in number than last year the department emphasized that only one third as many man days have been lost in addition it was explained that most of the strikes were in nondefense industries or in plants having only an infinitesimal relationship to the defense program moreover labor department officials declared that in the past six months strikes have not only been far less than in 1939 but considerable below the war year of 1917 ,0,0.5696890825199852
western union mechanic now that the war is over what happens to your jobelsewhere in this paper under the heading of western union income statement an attempt to analyze the financial ramifications of the company in relation to the effects on plant employees is printed examination of the company s financial statements leads invariably to the question how will finances affect company finance and consequently the job status of employees we are interested in effects on the jobs of plant workers in particular some of the questions which come to mind are will some of the profits of the company be plowed back in the form of new construction improved equipment and postwar reconversion and if so what will be the effect 1 the answer is that if the company adopts this far sighted policy plant equipment will be on the increase the number of plant mechanics necessary to install and maintain additional equipment will increase if a combination of favorable factors result in making the wage rates offered to new prospective plant employees attractive these factors involve either a decided change in company policy relative to wages or decisions favorable to wage increases bv the war labor board or increased wages brought about by use of economic pressure exerted directly by employees through their union the first factor seems unlikely judging from the past practices of the company the second factor is now being resolved in cases before the war labor board the use f economic pressure may not be necessary if either the first or second factors brings satisfactory results in any case the collective strength of employees must be demonstrated by solid backing of their union technical improvements can he beneficial to plant mechanics almost immediately in fact it will ultimately be necessary if employments for western union employees generally is to reach a satisfactory level 1 hen in view of technological changes what will happen to the telegraph industry in particular western union telegraph company the answer to this question is that if the company takes advantage of technological development and embarks on a program of modernization and at the same time modernizes and liberalizes its labor policy it is possible for the telegraph industry to continue in existence operate more efficiently make employments with the company more attractive and still manage to pay dividends to its stockholders if a hidebound policy is to he the order it is very probable that the telegraph business will become a stepchild of the communications industry and possibly cease to exist in timeif the company should in the future lay off or discharge plant mechanics what happens to these employees it will then he the function of the of l unions to forestall and if possible prevent any such catastrophy however if it should happen for any reason the as one union that represents electrical workers in all branches of the trade offers its services in finding new jobs for displaced members the 1 is continually organizing new branches of the communications industry success in organization brings to the opportunity to transfer members from one branch of the electrical industry to another success in organizing depends on the activity of the members of the union as one of the members in a western union migratory gang stated send me some more applications we have men who want to join now that the war is ended we will need the more than over ,0,0.5820038935383189
unionist is mobbed to sue for damagesmobile ala the central trades council is securing evidence to support heavy damage suits in behalf of john e winstanley who was flogged by a florida mob near here in october 1921 winstanley was a representative of the international union of timber workers at the time the train on which he was a passenger was flagged at a small placed called sherman he was seized by a gang of armed men flogged and left for dead when he was taken from the train one of the mob said we ll show you we don t want no union organizers in bay county no indictment has been handed down as the federal district attorney pleads he is unable to obtain evidence identifying the assailants the district attorney also discovered that there was no federal statute on which to base a prosecution it is stated that winstanley was not an interstate passenger but was riding between two points in florida is determined to punish the mob leaders some of whom are known to be connected with lumber interests every effort is made to conceal evidence of this outlawry ,0,0.6172594599635168
gov hunt asks citizens to employ arizona s idlephoenix ariz governor geo hunt urged citizens of arizona to inaugurate and push forward all kinds of building im provements to relieve the unemployment situation he emphasized the low cost of building materials as an element to encourage the work by carrying on such improvements at this time governor hunt said you will not only secure these necessary improvements at a smaller outlay but by employing idle labor you will help to promote business through other channels and will serve as an agent in helping to improve the financial condition throughout the state a general program governor hunt s appeal concluded is being carried on in order to feed those who are hungry and to best utilize our resources however our citizens are not looking for charity but rather for an opportunity to earn an honest living ,0,0.5905906785602861
who s who the vote on nixon s wage veto pacific gas and electric co asks for its eighth rate increase this year for an all time high item banks raise their prime interest rate to 10 percent to borrowers for an all time high item the president asks for $7 billion increase in military budget for an all time high in peace or war item corporation profits for the second quarter of 1973 shot up to $72 6 billion after taxes for an all time high these are only a few of the current news items showing that the crazy inflation is not bad at all for some people item both houses of congress gave overwhelming majorities to a bill that would have guaranteed a minimum wage of $2 this year and $2 20 next year it was vetoed by president nixon last week in an attempt to override the veto the house voted a huge majority to override but fell 23 votes short of the required twothirds therefore the bill is dead in explaining his veto nixon said that despite the fact that the cost of living has gone up out of sight and despite the fact that the wage boost would have affected only one fourth of one percent of the nation s payroll he considered the bill too inflationary before sending the bill originally to nixon the house had passed it 243 to 152 and the senate by 62 to 18 on the override the house voted 259 to 164 falling 23 votes short of two thirds an indication that congress has not the strength to pass good legislation over a veto on the other hand nixon has little chance to pass on his proposals except on military spending here is how the northern california vote went on the house override attempt by districts the bill democrats haroid johnson 2 john e moss 3 robert leggett 4 phillip burton 5 ronald dellums 7 fortney pete stark 8 leo j ryan 11 jerome waldie 14 john mcfall 15 sisk 16 republicans wiiiiam mailliard 6 i paurtpete mccloskey 17 against the bill republicans don h clausen i charles gubser 10 burt talcott 12 charles teague 13 thus nixon has won a crucial battle against orgamzettßfbor which had thrown full political strength into it having won and having no further fear of labor s power nixon now feels free to turn loose the cost of living council colc and the construction induustry stabilization committee cisc to tear up employeremployee contracts advocates of the minimum wage spent a frenzied half hour before the vote was taken pleading and trying to influence a sufficient number of votes for an override leading the fight for passage were representatives john h dent of pennsylvania and phillip burton of california here are some of the comments taken from the congressional record only private industry objected to passage like mcdonald s hamburgers which contributed to the president s campaign last year passage would have benefitted taxpayers for people on welfare would seek to stay there rather than get jobs far under poverty levels earlier the cost of living council had refused to put controls for wages under $3 50 as being too low and having no inflationary effect where is the reasoning the cost of living has gone up more than 35 percent since 1966 but the minimum wage has not been increased during that period anyone of hundreds of items of wasteful government spending in taxpayers money costs more than the minimum wage would cost in non tax money ,0,0.5702147485190721
organizing womentacoma poor working conditions and low wages of women and children employed in furniture and wood working establishments in this city have attracted the attention of organized timber workers who are interesting the women in trade unionism,0,0.5828395933778561
trouble in the constellations why asked sagittarius is aldebaran such a mad wag there was no response well said capricornus after a painful pause i ll be the goat why is he because he can t be sirius answered sagittarius a vagrant meteor tumbled but there was no other manifestation of applause ,0,0.6252860744668208
court reverses itselfwashington the united states supreme court has reversed itself in the case of charlotte anita whitney convicted of violating the california criminal syndicalism law the court had previously refused to consider an appeal from the california courts but now it has consented to a rehearing governor richardson of california refused to grant a pardon though urged to do so by college presidents and educators was sentenced to from one to 14 years imprisonment because of her membership in the workers communist party for six years she has fought to keep out of jail ,0,0.5791407604921159
now is the timenow is the time for america to declare herself the world is anxiously awaiting our answer are we going to stay in world affairs after this war is over or are we going to draw back into the shell of isolationism the way we did the last time and not come out again until war once more drives us out on our answer to that momentous question almost everythin else depends no nation can make plans for the future until we answer it we are the great question mark in all their calculations if our answer is for continued coöperation they will know that there is some hope of lasting peace after the last gun has sooken if our answer is isolationism then they will have to betrin rhnn lt dn lt r up sides for the next world conflict it all depends upon the united states senate by adopting the ball burton hatch hill bill now the senate ran change the world picture overnight te c now is the time tomorrow may be too latethe call to the colors is a call for dollars dig deep strike bard our boyt need the planet ships and guns which your money will help to buy go to your bank post office or savings and loan association tell them you want to buy war lavings bonds regularly starting now get your next suit at roos bros market at stockton street6 p thi home easy budget terms store of o million friend 1049 market z teklingr i furniture company bunster amp saxe xjj,0,0.6337614740478867
senate approves increase in border patrol fundswashington the senate committee on appropriations has favorably reported and the senate has adopted an amendment proposed by senator hayden of arizona to a bill making appropriations for the department of labor which increases the funds for the immigration service border patrol by $500 000 to pay 250 additional men the number asked for by the secretary of labor in submitting his annual estimate to the bureau of the budget with this increase the total number of men in the border patrol will be raised from 820 to 1070 this provision is favored by the american federation of labor which sponsored the creation of the order patrol in 1924 duties of the border patrol include prevention of smuggling of immigrants ,0,0.572227406180897
