articles,pred,confint
new license requires car registration slipmotorists whose certificates of registration have been lost or made illegible by mutilation or other damage should make immediate application for a new slip in order to be prepared to apply early for their new plates when the 1933 renewal period opens this is the advice sounded by the california state automobile association which points out that the period will be shorter than last year opening january 3 and closing january 31 after midnight january 31 the regular registration fee will be doubled as a penalty for delay application forms for duplicate certificates of registration may be obtained by writing to the main office of the department of motor vehicles at sacramento at any branch office of the department or from any inspector of the california highway patrol or member motorists may obtain them at any branch office of the automobile association it is also important that those who have purchased cars during the year and upon which the proper transfer has not been made shall have this done before the renewal period while the renewal period has been shortened no difficulty is expected in handling the issuance of nearly 2 250 000 new license plates during that time motorists will be urged to cooperate in minimizing the last minute rush by making their application promptly after the period opens new plates will be issued by the department of motor vehicles at its offices in sacramento san francisco oakland san jose and fresno in this area the thirty three district offices of the automobile association in northern and central california will render the services to members and to motorists having registration in other states and desiring to secure california licenses mail applications will be accepted in the sacramento office of the department of motor vehicles from december 1 this year although new plates will not be mailed until after the christmas rush the fee is still $3 for re registration of private passenger cars with a graduated weight fee for commercial vehicles ,0,0.8132426075012209
the day of little businessit is often argued that the development of large businesses especially in retail fields has tended to destroy little businesses and to make it next to impossible for a man without vast capital to set up his own establishment this argument has a strong appeal but apparent facts contradict it during the depression thousands of little businesses sprung up in this country largely because of the difficulties of individuals in finding employment these little businesses offered specialized services or lower prices or were the outgrowth of a new idea of some kind many of them found a ready welcome and have prospered with the return of better times they are going ahead and in due course a percentage of them will become big businesses some of these little businesses failed because they provided poor service or did not fill a definite need but many a large business has failed for the same reasons one has only to look around any growing community today and see a legion of opportunities in retail lines for young men and women who are willing to work and realize that riches can t be earned overnight even as changing times made necessary big business combinations to serve the public so the evolutionary process has created a hundred opportunities for small retail businesses where one existed a generation ago the day of little business isn t done it is just beginning ,0,0.6843868609872346
building trades directorystate building trades council headquarters general president and general secretary treasurer 407 grant building market and seventh streets phone hemlock 6110 building trades council headquarter building trades temple phone market 1806 1807 meets every thursday evening brotherhood hall building trades temple guerrero and fourteenth streets executive board of building trade council meets every tuesday evening unity hall building trades temple bay counties district council of carpenters meets every wednesday evening harmony hall building trades temple district council of painters meets every wednesday liberty hall building trades temple building material teamsters no 216 meets every wednesday evening in california hall building trades temple bricklayers union no 7 meets every tuesday night in prosperity hall building trades temple executive board of bridge structural and ornamental iron workers no 377 meets every tuesday evening between 8 and 10 o clock in building trades temple bridge structural and ornamental ironworkers no 377 meets first and third wednesday in prosperity hall building trades temple carpenters union no 22 meets every friday brotherhood hall building trades temple financial secretary s office building trades temple carpenters union no 34 meets every friday at their headquarters 457 bryant street carpenters no 304 meets every monday evening 112 valencia street carpenters union no 483 meets monday evenings carpenters hall 114 valencia street carpenters no 1689 hardwood floorlayers meets every friday evening 112 vaelncia street carpenters no 2164 meets second and fourth fridays friendship hall building trades temple carpet mechanics no 1 of san francisco meets first and third tuesdays in progress hall building trades temple cement finishers union local no 580 meets first and third wednesdays in friendship hall building trades temple cement workers union no 310 meets second and fourth mondays harmony hall building trades temple electrical workers local no 6 meets every wednesday brotherhood hall building trades temple elevator constructors no b meet 8 meet first and third friday evenings harmony hall building trades temple felt and composition roofers no 40meets first and third monday evenings liberty hall building trades temple furniture handlers no i meets second and fourth fridays progress hall building trades temple granite cutters meets fourth thursday of month in eureka hall building trades temple heat frost general insulators and asbestos worker nso 10 meet second and fourth tuesdays eureka hall biulding trades temple hoisting engineers no 59 meets mondays progress hall building trades temple international hod carriers building and common laborers union no 36 meets first and third mondays harmony hall building trades temple journeyman stone cutters meets in building trades temple mantel grate and tile setters helper no 70 meets second and fourth thursdays liberty hall building trades temple marble finishers and bedrubbers no 9 meets second and fourth fridays in liberty hall building trades temple marble workers no 375 meets second wednesday in progress hall building trades temple marble masons union no 25 meets first and third wednesday progress hall building trades temple millmen s union no 42 meets every tuesday evening brotherhood hall building trades temple millwright s union no 766 meets first and third fridays progress hall building trades temple modelers and sculptors meets first and third tuesdays in convention hall building trades temple mosiac and terrazzo workers meets in building trades temple municipal cribbers union no 534 meets second and fourth fridays harmony hall building trades temple ornamental lasterers no 460 meet second and fourth tuesdays eureka hall building trades temple painters no 1158 meets every friday 112 valencia street painters paperhangers and decorator of aemrica local no 19 meets every monday brotherhood hall building trades temple painters paperhangers and decorators of america local no 658 meets first and third thursdays 1524 powell street plasterers union no 66 meets second and fourth wednesdays in friendship hall building trades temple plumbers no 442 meets every friday evening in prosperity hall building tt ades temple sheet metal workers international association local no 104 meets second and fourth fridays 224 guerrero street sign scenic and pictorial painters no 510 meets every friday evening liberty hall building trades temple slate and tile roofers no 15 meets second and fourth tuesdays of each month at examiner hall builidng trades temple sprinkler fitters local no 663 meets second and fourth mondays liberty hall building trades temple steam engineers no 64 meets first and third tuesdays friendship hall building trades temple steam fitters no 509 meets first and third tuesdays liberty hall building trades temple steam shovel and dredgemen s union no 45 meets first of month at 150 hanford building 268 market street stone cutters meet fourth wednesdays in progress hall building trades temple tile setters no 19 meets first and third fridays eureka hall building trades temple united laborers no i meets every tuesday evening california hall building trades temple united glass workers no 159 meet every friday evening california hall building trades temple upholsterers and trimmers union no 3 meets in california hall polk and turk streets second and fourth wednesday evenings varnishers and polishers union no 134 meets every tuesday evening harmony hall building trades temple san francisco wood carver union meets second and fourth fridays eureka hall building trades temple wood wire and metal lather no 65 meets first and third wednesdays 224 guerrero streetthe san francisco bank savings commercial trust incorporated february ioth 1868 one of the oldest banks in california the assets of which have never been increased by mergers or consolidations with other banks member associated savings banks of san francisco 526 california street san francisco cal december 31st 1932 assets united states and other bonds value $64 171 686 00 on books at $ 61 081 697 82 loans on real estate 73 696 959 27 loans on bonds and other securities 1 278 738 75 bank buildings and lots value over $2 135 000 00 on books at 1 00 other real estate value over $500 000 00 on books at loo pension fund value over $800 000 00 on books at 1 00 cash 21 507 228 09 total $157 464 626 93 liabilities due depositors $151 114 626 93 capital stock 1 000 000 00 reserve and contingent funds 5 350 000 00 total $157 464 626 93 the following additional statement may be of interest to the depositors of the bank the earnings of the bank for the entire fiscal year ending december 31st 1932 were as follows income $7 564 580 66 expenses and taxes 906 735 60 net profits $6 657 845 06 the above does not include interest due on loans but not yet collected mission branch mission and 21st streets parkpresido branch clement street and 7th ave haight street branch haight and belvedere streets west portal branch west portal ave and ulloa st dividends on deposits as declared quarterly by the board of directors are computed monthly and compounded quarterly and may be withdrawn quarterly lt tke james h barry co the star press printers and publishers 1122 gt 1124 mission street san francisco books magazines newspapers church society and commercial printing phone m arket 7900 good work fair prices r frigioni telephone prospect 10049 a vivorio bay city grill oysters steaks chops fish and poultry private dining rooms for ladies 45 turk street telephone ordway 6878 san francisco tray service to any part of the city day or night quality vs cheapness maintaining our reputation for quality cleaning and finishing at moderate prices our process of careful cleaning and expert finishing make your clothes wear longer f thomas parisian dyeing and cleaning works main office and works 27 tenth street phone hemlock 0180o connor moffatt amp co now with this frigidaire a magic maid mixer free not only has this all porcelain frigidaire just taken a drastic reduction but during february the marvelous magic maid mixer is given with each purchase free the frigidaire price $143 budget terms fifth floor stockton at o farrell sutter 1800 pompeii macaroni factory inc manufacturer of high grade goods oakland branch 301 franklin st phone laketide 1246 loa angelas branch 103 court st 2997 89 foliom st naar 26th pbona mission 3744 san francisco phone market 6000 united states laundry 1148 harrison street san francisco kane s log cabin dairy lunches 100 per cent union 34 third street corner market and mason races q 15 nightly wild except sunday adm 40c no tax covered grandstand a free parking a no children admitted except with parents 4 belmont,0,0.7903081009938763
electricians elect harrjr brigaert was re elected business representative of electricians union no 6 for the seventh consecutive term brigaert is also vice president of the local building trades council other officers elected for 1928 were president jack martin vice president charles terrill recording secretary howard dunn financial secretary william grimmell treasurer william urmy ,0,0.8118916491747199
a sound killing wallin an attempt to destroy the noise of printing machinery a new york house builder put up a party wall of hollow terracotta blocks stuffed with mineral wool and found that his antinoise device was a success the blocks are of the kind used in fireproof floors and partitions which have been known as good absorbers of sound waves but this is the first test of them purely for that purpose the mineral wool in the air spaces serves as a muffler,0,0.7965679325910582
criticism not deniedwash in gton atlorney general gregory says that the new espionage act shall not apply to honest legitimate criticism of the administration or discussion of government policies protection of loyal persons from unjust suspicion and prosecution is quite as important as the suppression of actual disloyalty the at torney general holds in a letter to united states district attorneys giving instructions under which the new law is to be enforced the attorney general says the prompt and aggressive enforcement of this act is of the highest importance in suppressing disloyal utterances and preventing breaches of peace it is also of great importance that this statute he administered with discretion it should not he permitted to become the medium whereby efforts are made to suppress honest legitimate criticism of the administration or discussion of government policies nor should it be permitted to become a medium for personal feuds or persecution the wide scope of the act and powers conferred increases the importance of discretion in administering it,0,0.779275388266796
president roosevelt names leiserson member of national labor relations boardpresident roosevelt announced the appointment of william m leiserson chairman of the national mediation board to succeed donald wakefield smith as a member of the national labor relations board it is believed the nomination of mr leiserson will be promptly confirmed by the senate william green president of the american federation of labor approved the appointment of mr leiserson while refraining from commenting on the qualifications of the new appointee mr green said the of l would impose no objection to him the nomination is for a five year term dating from august 27 1938 mr smith has been serving on a recess appointment to succeed himself since that date president roosevelt never sent mr smith s appointment to the senate that made it unnecessary to withdraw his name before appointing mr leiserson of l opposed smith the appointment of mr smith was militantly opposed by the american federation of labor whose officers claimed he had assisted in maladministering the national labor relations act against the of l and in favor of the the opposition of the of l to mr smith s reappointment was so emphatic that the 1938 convention of the federation instructed the president and the executive council of the of l to acquaint the senate of the united states with the valid reasons why it is inadvisable that donald wakefield smith s nomination should be confirmed in addition the convention recommended that the president of the american federation of labor be directed to request each candidate for united states senate in the november election to declare his intentions for or against confirmation of donald wakefield smith s nomination before election day and that the officers of the american federation of labor leave no stone unturned or any avenue unexplored for the purpose of preventing the confirmation by the senate of donald wakefield smith as a member of the national labor relations boardleiserson s experience in labor relations mr leiserson 56 years old has had long experience in industrial relations and as a labor economist he served as chief of the labor department division of labor administration in 1918 and 1919 and from 1919 through 1926 he was the chairman of men s clothing industries boards of arbitration in rochester new york baltimore and chicago he was born in reval esthonia april 15 1883 and came to the united states in 1890 he received his undergraduate degree from the university of wisconsin in 1908 and his doctorate from columbiauniversity in 1911 he was deputy state industrial commissioner in wisconsin from 1911 to 1914 and served as assistant director of research for the united states commission on industrial relations in 1914 and 1915 he al so taught economics and political science at toledo university and at antioch college it costs too much hardly a day goes by without our seeing something we want to purchase but don t because it costs too much it may be a suit of clothes or a household convenience it may be something special for dinner whatever it is the belief that it costs too much blocks the purchase and we customarily blame the merchant the merchant may be at fault in some cases but not in the majority he sells as cheaply as he possibly can knowing better than you do that high prices do more than anything else to build up sales resistance believe it or not legislation in many instances is more directly responsible for high prices than the people who make handle and sell commodities a large number of states for example have passed so called fair trade laws these laws vary in detail but all are about the same in principle they effectively block honest competition by preventing merchants from selling certain articles below a specified minimum as a result they place a premium on waste and inefficiency the high cost dealer is allowed to be the arbiter of price and value and the low cost store isn t allowed to cut the price even though it wants to and could do so and still make a satisfactory profit various local surveys concerning the econamic effects of these laws have been made and in every instance the survey have shown that they raise the cost of living and reduce sales the average family spends about all it receives in income and when prices are forced up it must buy fewer or inferior articles so don t blame your merchant when you think prices are too high most of the time he like the consumer is a victim of priceboosting policies which are beyond his control ,0,0.7837532939782735
fourtner candidate for justice of the peacea l fourtner attorney tor the musician s union on tuesday july 16 filed his petition for the nomination for the office of justice of the peace the petition contained 1840 names it being the largest filed by any candidate for this office mr fourtner has a large personal following besides having the solid support of his entry into the campaign for one of the places on the justices benqh will no doubt cause a stirring contest for the office and it is predicted by those who know that he will poll the highest vote for the office the union label is an appeal to principle principle that is above price the principle that a dollar expended in the maintenance of fair labor is worth more in the end than a dollar saved at the bargain counter extract from the postal laws and regulations act of august 24 1912 section 2 all editorial or other reading matter published in any such newspaper magazine or periodical for the publication of which money or other valuable consideration is paid accepted or promised shall be plainly marked advertisement any editor or publisher printing editorial or other reading matter for which compensation is paid accepted or promised without so marking the same shall upon conviction in any court having jurisdiction be fined not less than $5o nor more than $5ooa joint accounts this bank will open accounts in the name of two individuals for instance man and wife either of whom may deposit money for or draw against the account humboldt savings bank 733 market street near fourth san franciscoötmobrrv u ssio shirts nightshirts pajamas collars underwear socks s union 8 5p made amp yftlölm aor of america union label atm^vito gloves suspenders ties helping you help yourself we re ready to supply you with the right things to wear right in style quality and price all bearing the union label sold direct from factory to wearer saving you the jobber s profit ask for the clerks union card everywhere eagleson amp co los angeles 1118 market street opp 7th san francisco sacramento issued weekly by h publishing co incorporated january 16 1900 owned and controlled by the labor unions of ban francisco editor tveitmoe business manager cress gannon notice to advertisers the business manager is the only person authorised to sign advertising contracts for this paper advertising patrons will please take notice advertisers desirous of changing copy must supply same on tuesday of current week otherwise the same ad will be repeated from preceding week notice to secretaries secretaries of unions will please send weekly reports to this office of members who have changed their address giving the old address as well as the new subscription rates single subscriptions $1 50 per year six months $l payable in advance single copies 5 cents each entered at the postofflce at san francisco cal on august 20 1901 as secondclass matter publishing co 1122 1124 mission street phone market 47974,0,0.800287807513123
economic freedom by oliver t beaumont in american federationistwhat is freedom it is the possession and exercise of our god given rights the undisturbed enjoyment of them whether natural civic or political it is life under a government of love rather than of force the people being themselves or by their representatives the law making power it is not permission to do as we please it is not licentiousness it is not a right or a reason for doing wrong it does not imply insubordination to authority but it is permission to do as we ought to do right to be law abiding if free we are god fearing man lov ing freedom is not the permission to do so and be so but it implies that being so and doing thus is the rule not the exception liberty for men to do as they pleased unrestrained and irresponsible would be like the ancient saturnalia short lived it would be anarchial and anarchy is but a growing youth soon ripening into the vigorous manhood of despotismwhen liberty and especially american liberty is referred to we mean the theoretic enunciation and for at least a portion of the american people the actual possession and enjoyment of human rights god given rights rights are not human gifts they are not accepted as a boon from man they are of god s creation and bestowment we thank no man for them if unjustly deprived of them and they through human intervention are restored to us we then will thank hint who has aided us to recover them from the possession of tire robber but god alone is to be praised for the gift this then is liberty the undisturbed possession and enjoyment of god given rights the opening sentence of the declaration of american independence says we hold these truths to be self evident that all men are created equal that they are endowed by their creator with certain inalienable 1 rights among which are life liberty and the pursuit of happiness the equality here announced is an 1 equality of rights not mental moral or physical equality not equality in the possession of privileges patronj age or position in all these there is heaven wide inequality but in god s sight as his creatures all have rights and though they may be robbed of them through decisions of courts the right yet remains though its exercise be forbidden here is the thrust direct at the great lie implied in hereditary or predatory wealth by which monopolies are built up and the bible contradicted when it says that god has made of one blood all men to dwell upon the face of the earth and this great truth of human equality remains and will remain however much the wicked practices of men may run counter to it and the american people be guilty of inconsistency in their glorious proclamation and their inglorious enslavement of the millions who through labor produce the wealth of the nation the right to live and let live no j man or set of men dispute and the opposite none should attempt to monopolize it is the essence of tyranny to monopolize the blessings vouchsafed to man when men do not enjoy them they are not free society owes it to all its members to protect them in the undisturbed enjoyment of life liberty equality and security of person and property except for crime committed no government through its judicial officers should interfere the penalty of the law may deprive men of their liberty degrade them from equality take away from them property or i life but while innocent and all men are considered so until proved other wise no man should be deprived of these without his consent or by trial by an impartial jury we glory as a nation in thus being j free we call no man master our i position is after having asserted the equality of men that government is established for the good of the governed not certain classes but the whole and that government derives j just powers from the consent of the i governed and that whenever any form of government fails to secure life liberty and the pursuit of happij ness it is the right of the people to alter or abolish it and institute one i that will secure these ends there is thus retained in the hands of the peopie the power of correcting abuses being themselves the sovereigns and choosing from time to time their leg islators and executive officers our motto as americans should be opinion may be left free if reason is left free to combat it our constitutional provision that congress shall make no law abridging the freedom of speech and of the press or of the rights of the people peaceably to assemble and to petition the government for a redress of grievances should be one of our greatest safeguards such in theory at least is american freedom and if we are told that practically in reference to the great army of wealth producers it is abrogated or denied we admit the charge and blush and for glaring inconsistency we tremble as we think that god is just for he has no attributes that will permit him to take sides with the oppressor against the oppressed here is our chief deficiency here is a vulnerable point which labor should fight for to see that every man has the privilege of casting his ballot and that ballot recorded as cast then that every elected official shall perform his duty to all the people many are the fears of the friends of freedom many are the predictions of the foes of free institutions let us not be blind to dangers nor refrain from looking at those things that suggest danger have we nothing to fear from the disposition of our people to act in masses swayed controlled by political leaders which they too often blindly follow have we nothing to fear from the ambition of men seeking public office that spirit of diotrephes who loved to have the pre eminence there arc patriots and patriotism is not a mere name but all are not patriots who pretend to be so before aye even after they are elected to office there arc those who would sell their country s birthright for a mess of pottage there are multitudes who have their price and like arnold would betray the lust for office and power engenders many a corrupt bargain and leads to many a condition in which liberty suffers and her children bleed we would have nothing to fear from those who exclaim o that i were made a judge in the land that every man who hath any suit or cause might come unto me and i would do him justice we have everything to fear from the decisions and acts of men high in official stations who are indifferent to the interests of the people is not ignorance and indifference and a disregard of the rights of the people when exhibited by them more fatal in its influence than when seen in men in less conspicuous positions their position gives them power their official pre eminence makes their example prevail have we nothing to fear from the internal feuds and the agitation of questions that seem to conflict with the pecuniary interests of men as between capital and the workers and which threaten a dissolution of amicable relations between the two unless justice is done have we nothing to fear from foreign immigration we will do the emigrant no injustice many of them are friends of liberty hard working and a valuable accession to us but there are others who are cast out by the foreign authorities paupers and criminals sent here in order that their governments may be delivered from the burden of providing for them every fifth man among us is a foreigner by birth we would not completely stay the tide that is setting upon us but educated as the great mass of these are under institutions so different from our own have we nothing to fear if they are left to the designs of artful politicians only a few years ago a man of foreign rank and title in speaking of america said the government of the united states ought not to stand and it will not stand but it will be destroyed by subversion and not by conquest the plan is this to send over the surplus population of europe they will go over with foreign feelings and will form a heterogeneous mass and in the course of time will be prepared to rise and subvert the government such was his language and being thus forewarned shall we fail to be fully arrfied what is the remedy we find it in economic liberty and civil liberty they must exert their united influence in the training of freedom s sons and daughters this indeed is freedom he who is imbued with the spirit of liberty will be law abiding not despising government i et the spirit of justice prevail and men will learn to respect one another that vaulting ambition which now threatens so much evil will be restrained the bad example of men in high places will give place to the manifestation of things lovely and of good report prosperity will afford means of doing good instead of luxurious indulgences and enervating pleasures when this spirit predominates then the dangers that threaten our free institutions will vanish like the mist of the morning industrial slavery will no more like the blood of abel cry aloud for vengeance no more will pampered luxury indulge itself while i azarus lies neglected at the gate no more will wealth be the all absorbing pursuit and no more will the cry of hunger be heard from,0,0.8287615842494885
bond marketgovernment bonds have been do ing a good many jig saws on the market tt is revealed that the treasury and federal reserve board with the help of many leading banks throughout the country have supported bonds and kept an orderly market when the government forces quit buying the price of bonds went clown apparently the new policy of the treasury will be to protect bonds against raids by speculators and against being unreasonably depres sed they ll see how this works for awhile j,0,0.7952612633920866
democracy or dictatorship for laboras the months have passed the real issue that has split the labor movement of this country has become increasingly obvious to all it is between a labor movement self governed with constitutional procedures and a movement created and controlled by an individual between the ways of a democracy and the ways of a dictator the secession movement had its origin in defiance of the constitutional authorities of the existing organization in order to put into effect policies formed by a minority in the ameripan f ederation of labor the pages of history show that causes start with minorities and win adherents on their merits but thi gt rebel group was not willing to win on its merits but decided to tear down the home that had sheltered it and on its ruins erect a bigger and better structure but human institutions are not like material structures they grow together and gain tensile strength from joint idealism collective endeavor and the common will that comes from living and working together our american federation of labor is not perfect for it consists of human beings but it has within it the capacity for development every labor movement has its periods of rapid and slow progress and essential of rapid progress is unity within the ranks of labor there were those within the american federation of labor who said let s build on what we have adding to what we have instead of scrapping years of experience and so we have done finding ways to conserve the crafts so essential to a machine era of production and to organize the workers of machine production and to co ordinate the interests of both groups for collective bargaining the american federation of labor is not all wise or perfect but it has made sincere efforts to bridge the chasm between the american f ederation of labor and the secession groups an agreement was worked out satisfactory to the representatives of that group only to be arbitrarily scrapped by the dictator of the group more recently at the request of the president of the united states peace conferences were initiated they were suspended because of the coal conferences in progress when the coal companies reached an impasse the president of the linked states intervened effectively to the end that the miners gained a complete victory then the president of the united mine workers who is also dictator of the rebel movement instead of manifesting his appreciation of the president s aid which turned defeat into victory declared that there would be no further participation in peace conferences despite his dee obligation for help despite the fact that the president s program relies upon labor support despite the repressive labor legislation passed in many states last winter and determined assaults upon state labor departments and proposals to take functions from the department of labor this dictator declared his unwillingness to bargain collectively upon matters affecting him and thereby sealed the fate of many progressive undertakings and laws no lasting labor movement can be built upon dictatorial policies and principles the welfare of groups and individuals must not be imperiled by the arbitrary decisions or the personal interests of a dictator the american labor movement will steadily move toward democratic principles and procedures and will not tolerate dictatorship within its own domain american federationist27 500 000 workers covered by unemployment compensationjuly 1 was an important day for the millions of working men and women in the united states who are deprived of employment and consequently of the right to earn a living for themselves and their families by their labor on that date the job insurance laws of illinois and montana were inaugurated bringing the program of unemployment compensation established by the social security act into full operation in all parts of the country in forty eight states the district of columbia alaska and hawaii according to the social security board there are now over 27 500 000 workers in business and industry covered by the nation wide unemployment compensation program the extent of this protection sagainst destitution given to the unemployed workers is visioned by the board s statement that during the seventeen months ended may 1 30 some $580 000 000 in benefits were distributed to insured workers in the benefit paying states the payments averaging abut $ll per week for total unemployment and about $5 50 per week for partial unjemployment although these payments seem to be altogether too jsmall they may be regarded as beginning with the probability that more adequate benefits will be provided in the future j commenting upon this rapid development of unemployment compensation in the united states r gordon wagenet director of the bureau of unemployment compensation social security board i stated in speed and comprehensiveness the establishment of unemployment compensation programs presents a record of achievement unparalleled in the field of social legislation before consideration of the social security act in 1935 onlv one state wisconsin had an unemployment compensation law today this kind of protection for wage earners is fully effective throughout the nation during 1938 although the program was just getting under way about 3 800 000 workers drew benefits as their right during varying periods of total or partial unemployment i hese payments mr wagenet said have gone far toward maintaining purchasing power upon which industry and commerce depend for their existence as benefit payments go into full swing in the last two states to enter the program we may look forward to a period of continuing progress in legislative developments and increasingly effective administration ,0,0.7865882685103684
planked fishselect a hard wood plank about one and a half inches thick to prepare this oil it well and put it in the oven till it is slightly charred the best fish for planking are shad and white fish clean fish thoroughly and split down the back have the plank well heated and put fish on skin side down and the back toward the outer edges of the board folding the thinner parts together that it may all be near the same thickness brush over well with oil salt and pepper place in the oven under a strong flame till fish is slightly browned then lower the flame and cook slowly for 10 minutes garnish with potato roses on edge of plank and slices of lemon that have been rolled in finely chopped parseley serve on plank potato roses two cups well seasoned mashed potato two yolks of eggs and white of one egg beat well together put in pastry bag and force,0,0.6244473652568463
superior court ruling upholds prevailing wage santa clara jurist decides suit by ochs against bond firmthe california state prevailing wage law was upheld in a decision of judge coolidge sitting pro tern in the santa clara county superior court who ruled in behalf of the plaintiff in the suit of a general contractor against the bondsmen for one of his sub con tractors the decision resulted from an action arising out of the reconstruction of the santa clara courthouse and was brought by ochs general contractor for the project against the detroit fidelity under the ruling it is mandatory for contractors engaged in public work to pay the wage scale for workmen established by the state boards of supervisors or city councils regardless of the fact that workmen may be secured for lower wages after being awarded the courthouse contract ochs sub let the lathing and plastering contract to gould the sub contract providing that the prevailing wage scale be paid however according to the opinion the state division of labor statistics and law enforcement ascertained that gould was not paying lathers and plasterers the set scale and the division ordered gould or ochs to pay workmen a difference of $2466 which they should have received under the scale gould was unable to pay the amount the decision further sets forth and ochs paid in turn filing suit against the surety company which bonded gould for faithful compliance of the sub contract the surety company contended in its defense that the contractor was privileged to secure workmen at a rate lower than the wage scale and that by working the workmen evidenced their willingness to accept lower wage than that provided in the scale ,0,0.7169240749792032
roosevelt starts work relief plan expects to spend most of $4 880 000 000 by july 1 1936 in providing jobs for 3 500 000 now on the dolepresident roosevelt began the serious business of administering the $4 880 000 000 work relief program by holding a series of conferences with the heads of various governmental spending agencies to draft a tentative division of funds among the various types of work to which the 3 500 000 now on the dole will he ultimately allocated by the terms of the law the president has been given almost unrestricted authority to spend the big appropriation by june 30 1937 to provide relief work relief and to increase employment by providing for useful projects mr roosevelt stated however that it is the intention of the administration to spend all that is possible of the fund by july 1 1936 probably reaching the peak of the operation by next november earmarked appropriations definite sums are specified for eight divisions of projects with authority given the president to shift sboo xx xx to various projects under a flexible provision the allocations follow 1 highways roads streets and grade crossings $8 x cx 0 000 2 rural rehabilitation and relief in stricken agricultural areas and water conservation transmountain water diversion irrigation and reclamation $500 000 000 3 rural electrification $100 000 000 4 housing $450 000 000 5 assistance for educational professional and clerical persons $300 000 000 6 civilian conservation corps $600 000 1 xx 7 loans and grants for noil federal projects $900 000 000 8 sanitation prevention of soil erosion reforestation forestation flood control rivers and harbors and miscellaneous projects $350 000 000 d prevailing wage rate payment of prevailing wage rates on all federal buildings constructed is required but on all other work the wage rates will be fixed by the president with the stipulation that they shall not lower the rates in private industry it is also prescribed that not less than 25 per cent of the cost of state municipal and other political subdivisions projects for which $900 000 000 is allocated shall be spent for labor with the power to determine the factors that comprise labor cost vested in the president to relieve certain forms of distress in agricultural communities the law authorizes loans to finance purchase of farm lands bv farmers sharecroppers tenants and farm laborers ,0,0.7121649002040361
by ed howe business agent carpet amp linoleum local 1235about 50 members were present at our area wide meeting in petaluma our members in the north bay were glad that the quarterly meetings have been resumed as many of them have had a difficult time attending the monthly meetings held in san francisco your business representatives chairman and apprentice coordinator were present to inform and discuss current problems confronting the industry brother petrini who has charge of that area reported on the current bargaining agreement and assured the members that an office or answering service would be set up in the very near future the date for the next meeting will be the second thursday in february 1966 ♦ ♦ if you are approaching retirement age and are in doubt about your past service credits please be advised to contact the administratrix of the pension fund or myself in this respect as you may be required to submit sworn affidavits as to your past service if our records are not complete ed ditions jay uribe dropping by with his arm in a sling arnold emrick back to work that was ruben shutter i reported on last issue ,0,0.7577584118839925
muse uses sucker lists to get funds for christian american associationnew york city by confession of its own chief the christianamerican association inc is a sucker racket designed to get contributions from wealthy men for the purpose of campaigning for anti labor legislation before state legislatures this is the conclusion to be drawn from an investigation of the association by the scripps howard newspapers frederick woltman who conducted the investigation and wrote a series of articles on the subject interviewed vance muse the notorious promoter of the association muse he reported emphasizes the word christian in the name of his association and insists that the object of his crusade is to promote americanism religion and righteousness and combat evil forces that would destroy faith in god and jesus christ the church the home and the american system of government but when mr woltman asked muse what church he belonged to the promoter confessed i don t belong to any church i never joined onemr woltman s article continued i found muse was a smart promoter but strictly a promoter he cuts no ice whatever in his own state texas he wraps himself in the flag quotes the bible and operates by means of an apparently inexhaustible set of mailing lists call them sucker lists if you like muse told me mr woltman reported muse operates out of houston texas where in a small office muse his wife and three clerks grind out mimeographed weekly releases enough to wallpaper half of houston in a year s time before his present crusade muse toiled diligently for bankers industrialists and others willing to kick in financially he promoted high tariff propagandized for the sales tax a senate committee called his project taxing a loaf of bread and he fought the eight hour day for railroads even now muse runs a sideline he promotes the federal amendment sponsored bv frank e gannett s committee for constitutional government this would put a 25 per cent ceiling on all federal income gift and inheritance taxes compared to the present 94 per cent limit rather proudly muse conceded it was he who printed and distributed the photographs of mrs roosevelt at howard university established in washington by the federal government to provide negroes with higher education that were used widely in the south to stir racial prejudice against the president his conscience and his granddaddy who wore the confederate uniform muse explained forced him to circulate them ,0,0.834589805374669
have your bucket readyihe united states has been shelled by enemy warships it is completely possible that before long the united states may be attacked from the skies and if those attacks come fire bombs of one kind or another will be one of the principal weapons used unless this country is ready to deal with fire on an unprecedented scale disastrous damage to our homes our factories and our farms will be inevitable it connection with this james m landis director of the office of civilian defense recently said obviously the first thing that is apparent is that the fire fighting forces of every city have to be enormously expanded recruiting training of auxiliary firemen and the re training of existing forces are thus a mandatory obligation of every community in the vast target areas of this country and this program cannot wait it must not only be begun but be completed now we dare not wait sourly and delayingly for new equipment to roll off the production line and blame delays which we can avoid upon delays that are beyond our power to control in many localities volunteer auxiliary fire fighting organizations were started with enthusiasm long ago then that enthusiasm was slowly lost and at the present time the effort has bogged down and that is precisely what our enemies want they aren t going to tell us when they will attack or where they will depend upon surprise and an ill prepared nation would be an easy victim every house should be a fire house that simply means that all the people should be ready to combat fire whenever and wherever it strikes we must prepare thoroughly every day brings the time of possible attack closer ,0,0.76614433297794
no fault auto insurance winning public approvalsubject to revision here is how the no fault auto insurance plan now pending in congress would work every single owner would be required to buy a basic policy covering his own losses losses of any other driver or passenger in his vehicle and losses suffered by any pedestrian injured by his vehicle every insurance company would be required to insure any licensed driver who applies policies could not be canceled except for failure to pay the premium or revocation of the policyholder s driving license 9 the basic policy would pay the medical and rehabilitation costs of those covered the driver his family his passengers and his victims other than the occupants of another car those occupants would receive payments from the other driver s insurance in addition all lost wages up to $looo a month would be paid until the injured person could resume work people who earn more than $looo a month could buy optional income replacement insurance services the victim wouldlaw this coverage would be optional to avoid costly duplication of have performed if he hadn t been injured would lx paid for a housewife prevented from doing housework by a back injury would receive enough to hire a maid until she recovered the basic policy would also cover property damage to anything but another vehicle in use for example a picket fence or a parked car struck by the policyholder s car if two vehicles collide their owners would have to look to their own collision insurance for compensation such insurance would not be mandatory the policy would pay for all losses including the intangible pain and suffering suffered by an occupant of the poicyholder s vehicle or a pedestrian struck by it if the victim was not already covered that is was not the owner of a vehicle or members of his family finally insurance companies would have to offer collision insurance plus insurance to cover pain and suffering losses the amounts awarded for pain and suffering would be determined by existing state coverage the insurance buyer would have the right to decide whether he wants his medical coverage provided by his auto insurance or by his health insurance if he chose health insurance his auto insurance would cost less and he would have to look to his health insurance policy to cover medical expenses resulting from an accident but he would no longer pay twice and would no longer be able to collect twice for a singe injury you look a bit sick a felto his friend anything wrong ,0,0.7993290089244952
little kindnessesyou gave on the way a pleasant smile and thought no more about it it cheered a life that was sad the while that might have been wrecked without it and so for the smile and its fruitage fair you ll reap a crown some time somewhere you spoke one day a cheering word and passed to other duties it warmed a heart new promise stirred and painted a life with beauties and so for the word and its silent prayer you ll reap a palm some time somewhere you lent a hand to a fallen one a lift in kindness given it saved a soul when help was none and won a heart for heaven and so for the help you proffered there you ll reap a joy some time somewhere bickers central trust company of california corner market and sansome streets branches 3039 16th street 624 van ness ave authorized capital $3 000 000 capital paid in $1 500 000 accounts of individuals firms corporations and societies solicited interest paid on savings accounts at the rate of 4 per annum drafts and letters of credit issued payable in all parts of the world ,0,0.7535762739548397
living with our children pauline herr thomassaid a mother of my acquaintance to me the other day my dear i can t understand these children of mine i feel sure i do not excel in the arts of child rearing but there is one thing i have always prided myself upon and that is the interest that i take in my children s activities i am never too tired or busy to help sister with her latest requirements for a school or social affair sonny s childish airplane model or his more recent place on the soccer team indeed his every interest has had a share in my enthusiasm as great as his own with four children i think i might have been excused occasional lapses yet i tell you i have never flagged in my interest in one of them down to seven year old peggy do you wonder that i am bitterly disappointed when after all my effort my boys and girls do not come to me with their difficulties or triumphs as they should they never open their hearts as i had hoped they would sister rushes off to work or pleasure with little or no explanation offers even less upon her return and upon my solicitation gives it very reluctantly only yesterday i had to read the local newspaper to learn of sonny s victory in the park tennis tournament i simply can not understand it at all at this point there was a commotion at the door no you can t come in i say you are not coming into my house in a shrill voice unmistakably peggy s all right for you peggy watts pm going to tell your mother in a still higher pitch peggy what is the matter now are you quarreling with ruth again what is it all about demanded her mother oh what does it matter what it is all about like to know i can t do a thing you don t want to know something about mother ruth s mother never asks her such things this from a seven year old i felt sorry for mrs watts she was heartily ashamed of this show of disrespect she remonstrated with peggy to no effect of course the answer to her problem was in that retort of peggy s it was froebel who said come let us live with our children he himeslf could not have wished for a finer demonstration of this appeal than the attitude of thoughtful parents today discrimination between wholesome interest and prying questioning however calls for tact and good judgment a childish quarrel should sometimes remain the child s own affair just as we often wish our own differences to remain undiscussed the child s inherent right to a degree of privacy in all pursuits is as vital as our own and should be respected accordingly by all means let us live with our children but let us not misinterpret this counsel familiarity is known to breed contempt but consideration and genuine courtesy make such living delightful look for the union house card when patronizing restaurants ,0,0.8148867538105087
forbes tid bitsdon t be indifferent or you ll soon be out mankind s salvation lies in education the place for the knocker is outside the door indolence leads to idleness and idleness to iniquity the germans are now working hard this will solve all their problems try it on your own problems our dollars are acquiring more sense to become an all round man be on the square the fellow who fancies himself the whole cheese is at least a piece of it think not of yourself as the architect of your career but as the sculptor expect to have to do a lot of hard hammering and chiseling and scraping and polishing if you learn how to master yourself you stand a good chance of learning how to master your job ,0,0.6994029738730558
neighbors under the feathered wasn bad boy really his mother and father were sure of it his teachers suspected it the neighbors thought so but ed was certainly a general nuisance in school and at home as he piled up a long list of trouble making incidences a sympathetic but harassed teacher suggested music might be the answer for ed to give him a chance to let off steam but said ed s mother we just don t have enough money to give ed anything as expensive as music lessons she need not have worried one of community chest s agencies the community music school agreed to give ed lessons community music school is designed to serve boys and girls and adults who have a musical interest but not the money to pay for private lessons fees are adjusted on a sliding scale to fit individual incomes and in case even the smallest payment is out of the question for a family the boy or girl can go on scholarship there is no question reports mrs margaret jenson director of dropping a student because he cannot pay if he is interested and needs lessons we keep right on teaching him community music school located at 544 capp street has approximately twenty five teachers who give time to the school practice rooms studios and an auditorium are available and at present the school serves several hundred students from 4 to 65years of age at the school and at six different branches in community centers if you or anyone in your family is interested in the services of community music school call frank fitzgerald of l representative at the community chest garfield 8600 the earliest form of street lighting consisted of torches made of twisted fiber and coated with some inflammable substance fastened in metal holders to the outside walls of houses according to the encyclopaedia britannica when leaving work walk do not run to the time clock and exits collisions an dstumbling may cause serious injury tears never yet wound up a clock or orked a steam engine dickens before marriage a man yearns for a woman after marriage the y is silent ,0,0.8417736621540478
memphis tenn a two year contract and wage increase of $l oo and $2 50 a week has been secured by organized stereotypersthe san francisco bank tings commercial incorporated february 10th i6 8 one of the oldest banks in california the assets of which have never been increased by mergers or consolidations with other banks member associated savings banks of san francisco 526 california street san francisco cal june 30th 1928 assets $118 615 481 57 capital reserve and contingent funds 5 000 000 00 pension fund over $610 000 00 standing on books at 1 00 mission branch mission and 21st streets park presidio branch clement st and 7th ave haight street branch llai k ht and belvedere streets west portal branch west portal ave and ulloa st interest paid on deposits at the rate of four and one quarter per cent per annum computed monthly and compounded quarterly and may be withdrawn quarterly plduifjatc cloak and suit house thrilling new winter coats are arriving daily in our stocks all of them lavishly trimmed with the newest far collars in the shawl semi shawl mushroom and round styles and cuffs ingeniously applied sizes 13 to 30 $49 50 golden gate 867 market street union made a friend of labor for 56 yean eagleson s since 1872 the shirts we sell ere union made right in our own factory thus eliminating the middleman s profit it is the extra quality that we can put into our shirts because we ma them that has made eagleson amp co famous for its flue shirts and enables us to guarantee every one unconditionally shirts at factory prices dress shirts guaranteed long wearing fin © fitting fast colored genuine madras shirts in stylish new patterns three for $9 each $2 15 other drest ihiru $1 86 to $7 86 work shirts eagleson s ex tra quallty guaranteed shirts for work wear sport and outing comfortable long wearing patterns at $1 15 to $4 50 three san francisco stores store no 1 hit market st store no 2 119 montgomery st store no 8 736 market bt sacramento los angeles fresno a bristmas qards a large stock of beautiful and novel steel die engraved christmas cards awaits your selection your name engraved or printed on these cards free of charge the union label if you desire the price ranges from $2 50 and up for twenty five cards and envelopes to match the james h barry co publishers £ telephone market 7900 r prigioni 46 turk street telephone prospect 8169 bay city grill oysters bteakb chops fish and poultry private dining rooms for ladles telephone franklin $431 a vivo rio san francisco your credit is good here 259 273 post st stockton term to suit wots for easy mohthiy paympfts your income,0,0.8002307358256352
new south african law promotes honest co operationthe buchanan co operative trading societies bill has just been favorably reported by the house of assembly of the south african union the bill achieves for the south african co opera i tive movement what some day congress and the state legis 1 latures may perhaps be induced to do for co operators in the united states it provides a clear definite simple and uniform law for the organization of all forms of co operative enterprises and it makes unlawful the use of the word co operative bv bogus schemes for private gain the house of assembly regarded the bill as essential to cut down the high cost of living for people of small means if in south africa why not here ,0,0.7270978805743052
caught with the goodsthe expected has happened europe is being flooded with literature the purpose of which is to induce workingmen to come to san francisco during the building of the panama pacific international exposition in order that the thousands of unemployed mechanics already here will have no chance whatsoever to secure employment unless they agree to accept such wages and work such hours as the employers may designate here is the proof the following application in slavonian has been sent to from croatia austria  marshall geo smith brown president secretary treasurer marshall amp brown 1547 broadway new york phone 113 bryant cable aeolus new york ponuda application ja nize podpisani zelim imati radnju na izlozbi u san franciscu ili kod velikih radnja u new yorku kao navedlte uz dnevnu placu od $ i kakav posao voznu kartu tiket do navedite do kojeg mjesta zelite pocl te se obvezujem do svrsetka radnje u sluzbovnom odnosaju vase kompanije ostati ime i prezime mjesto drzava stan ulica i kuce broj ili box godina rodjenja jeste li ozenjen znadete li citati i pisati razumijete li englezki kakav ste posao do sada radili kolika vam je bila nadnica na sva pitanje odgovorlte tocno 1 citljlvo jer je to veoma potrebno za vas i za tvrdku ,0,0.7838829892425477
fingerprinting the nationa bill which would require fingerprinting of everyone in this country over 18 years of age by december 31 1940 has been introduced in the senate by senator edwin c johnson a 50 cent fingerprinting fee would be assessed and a fine of $25 established for inability to produce a fingerprinted registration card on demand ,0,0.7832174078134115
spray amp wash laundry soil and stain remover rub with cloth for an excellent shine mortuary no 72 george cross no 72 check your dues book mortuaries are $2 00 eachsave yourself and us 25 when your copy of paper north bay news section goes astray because you have moved and failed to notify us it now costs 25 cents to get it back returns used to cost 13 cents but the postal rate commission boosted the cost to 25 cents in july of 1976 that s why paper north bay news is running the change of address form below on this page we will do so periodically henceforth if you will use this form or a future one when you move you ll save yourself and us a quarter however to keep all records straight you must also report your change of address to your union i please printor type union amp local no change of address in order to continue re ceiving paper north bay news sec tion any subscriber changing name and or mailing address is reques ted to complete this form and return it to name last first middle initial address new city organized liber piper editorial office 2315 valdez street room 216 oakland ca 94612 state zip code old address all infornuttoa must be furnnhul ai requested on tbe form city state zip code,0,0.7917118380755747
don t go wrongtrade unionists who find it necessary to wear overalls at their trade or calling should remember that the makers of these garments have competition in the products of penitentiaries you can t go wrong if you demand the union label ,0,0.7426835476342606
women of america begin public tribute to honor memory of colonel rooseveltthe woman s roosevelt memorial association organized in january immediately after the death of colonel roosevelt has just announced the form of the permanent memorial which the women of america will erect to the memory of the great leader the association is to acquire colonel roosevelt s birthplace at 28 east twentieth street and the adjoining property at 26 east twentieth street new york city the place of his birth is to be restored and the interior reproduced and the whole roosevelt house with its assembly halls is to be not merely a museum not merely a record of the vigorous life and growth of our great american to be visited by those all over the country who loved him and who would study the influences that made up his growth it is to be more than this a centre of citizenship activities a living thing a place where the boys and the girls of america and the men and woman as well will come together in citizenship activities in order that their understanding of america may become deeper and keener and in order that the great ideal of practical service to our country of indefatigable activity in its behalf shall stir and move with vivid power all americans that frequent or visit roosevelt house that colonel roosevelt s vigor of life robustness of belief and energy of will may be eternally recalled to the youth of america is the real spirit and background of this memorial said the officers of the association in making their announcement at the association offices at 1 east 57th street long and careful consideration has been given to the possibilities mrs leonard wood is the honorary president of the association and mrs william curtis demorest is the president other officers include mrs joseph h choate mrs whitelaw reid mrs thomas preston mrs robert bacon mrs james roosevelt mrs william bayard cutting mrs elihu root miss louisa lee schuyler mrs robert winthrop mrs james t leavitt mrs henry a alexander mrs john henry hammond mrs henry a wise wood mrs charles a bryan and mrs a barton hepburn we now urge every woman in america who believes that the spirit of roosevelt is the spirit of a greater america and of a sounder american youth to join us said the president of the association we want this memorial to be raised not by a small group of women here and there but by the women of america in a great body following a nation wide impulse thus to memorialize the great living spirit want to see carried on by our own sons we believe it is fitting that as the women and the mothers of america we should thus in this concrete symbolic yet practical ay in the place and the house of his birth hand on the torch of that vigorous flaming neverdying spirit to the youth of america a few years ago colonel roosevelt wrote to a friend protesting against meaningless mausoleums and monuments to the dead it seemed unthinkable to us to perpetuate his memory in that way colonel roosevelt lives he being dead yet speaketh 1 we want a place set aside for the objects and ideas that characterized him pervaded by the influences that developed him a gathering place for the men and women and boys and girls he loved where his voice may year after year be clearly and strongly heard in the letter we have just spoken of the colonel wrote as for the rest of us who with failures and shortcomings but according to our lights have striven to lead decent lives if any friends of ours wish to commemorate us after death the way to do it is bv some expression of good deeds to those who are still living no contribution is too small the association wishes this to be an all american tribute the names of all who give one dollar or more are to be inscribed in a book of donors to be placed in the memorial every contributor will receive as a receipt the emblem of the association which is to be a small bronze pin bearing one of the colonel s best likenesses the work must be begun immediately it is urged that subscriptions and contributions be sent at once to the treasurer mrs a barton hepburn new york trust company 1 east 57th street new york city and that this public notice be considered as an individual appeal to all americans eager to do honor to colonel roosevelt ,0,0.8569532296924216
oppose equity shopnew york the producing managers association has notified the actors equity association that the proposed equity shop will not be recognized when the agreement between the two parties expires that s the way the managers talked when they refused recently to redress grievances of the actors after the actors tied up every theater in the city and threatened to extend the strike to other localities the managers hoisted the white flag ,0,0.7527954007108886
a constructive policythe recent executive order of the federal government that there shall be but one general contract for government construction work is a constructive policy that will eliminate causes of many building crafts strikes the former practice of letting various parts of a construction undertaking to various contractors has resulted in efforts to put non union workers on jobs where union workers were employed with consequent strikes building trades unions have assumed responsibility for training their craftsmen and for maintaining trade and work standards only when all workers belong to the union can the union fulfill its responsibility the building trades therefore welcome this new federal policy which will go far to avert conflicts on work between union and non union workers ,0,0.8519914778252331
a warning to industrial tyrantsthe church report on the controversy between the western maryland and the engine service brotherhood l has attracted nation wide attention and it should in more ways than one it is an extraordinary document the three great religious groups of the united states for the first time in history joined forces in dealing with an industrial problem the protestant churches represented by the federal council of churches of christ the roman catholic church represented by the natiomd catholic welfare conference and the jewish faith represented by the social justice commission of the central council of american rabbis united to investigate this struggle for industrial injustice what is even more remarkable they agreed on a unanimous report such a report from such a source is epoch makingit marks a new departure in social history religious organizations by their very nature are conservative but here are organizations representing almost every phase of religious life and faith in america definitely taking the side of progress sitting in judgment between workers and managers and finding a unanimous verdict for the workers the newspapers of the country have given the report full publicity its unusualness made it news but its sober authority made it great news it is packed with facts patiently gathered accurately told truthfully interpreted it is unanswerable final conclusive and the press of the country for the most part has accepted it as such in that fact lies a great new hope industrial autocracy cannot as yet in all cases be called to account and punished but so long as america has religious leaders like those who made this report industrial tyrants cannot escape the lash of public opinion ,0,0.851031892361777
uncle sam reclaims victims of industry more than 40 000 maimed persons are being fitted for new employmentmore than 40 000 maimed persons are now being rehabilitated by state agencies with federal financial assistance the federal board of vocational education revealed this week about 11 000 casualties of industry are being trained for new employment 1 500 are undergoing physical restoration and 5 650 are awaiting placement following training or physical restoration last year the bureau said nearly 10 000 persons who had been scrapped by industry were restored to health and placed in selfsupporting employment and 3 600 others were given institutional training to fit them for specific occupations the weakest point in our system of government is the fact that as a rule a man with executive ability can t afford to run for office washington post ,0,0.7774417829705338
plumbers report quiet in area employment fairly quiet was the way neil kelly business manager for plumbers 38 described employment among san francisco steamfitters but he went on to report employment among plumbers as a little better than last week kelly stated that the expansion program proposed for city schools promises full employment for mechanics in both crafts and that in general prospects for the next few months are bright ,0,0.6691905940531133
the world s childrenweekly notes on child welfare topics compiled by the children s bureau getting strong the kangaroo way games and stunts designed to correct the postural defects of little children have been described in a series of illustrated articles running since december in the trained nurse and hospital review published in new york city the march installment describes how children may strengthen their abdominal muscles while joyously imitating the gambols of brer rabbit and big brother kangaroo work of the weiboldt foundation last year the weiboldt foundation established in 1921 to dispense charity in chicago and its vicinity financed two pieces of research the results of which are soon to be published one a study of domestic discord and the other an investigation of the movingpicture experience of 10 000 children the foundation which con trol6 a fund of approximately $5 000 000 last year restricted its contributions mainly to activities of the constructive and preventive type reducing the number of its beneficiaries from nearly 200 to 43what can we do about measles no means of immunizing for measles has yet been discovered and epidemics have been observed to recur with distressing regularity at two to three year intervals such an epidemic was expected in syracuse in the late winter of 1926 and preparations were made to combat it by an intensified application of known procedure since fully 70 per cent of deaths from the disease occur among children under 3 years of age efforts were made to give special protection to such children which apparently resulted in a substantial reduction in the mortality among them the physicians reporting on the experiment consider that the plan is practicable and that it can be carried out best under a generalized nursing system they found that public interest and cooperation could be stimulated to a remarkable degree by proper publicity sight saving classes in public schools at the beginning of 1927 massachusetts had in its public schools twenty eight sight saving classes for children with defective sight these were distributed in fourteen cities and four more cities were making arrangements to open classes the division of the blind of the state department of education grants $5oo yearly to each class and supplies every new class with $250 worth of equipment in the whole united states there are some 290 sight saving classes rickets decreasing in prussia in 1925 one fifth of the children examined in fifty eight cities and rural districts of prussia were found to have rickets but a year later the proportion having the disease had been cut in half this result as well as the declining infant mortality rate and the decrease in malnutrition among children is ascribed to the extension of welfare work education of the public in infant hygiene and encouragement of breast feeding by the government through payment of nursing benefits portugal strengthens its child labor laws a decree put into effect in portugal toward the end of 1927 amended the previous laws by providing that no boy under sixteen nor girl under eighteen may be employed without a physician s certificate of physical fitness and proof of ability to read and write the minimum age for employment was fixed at twelve children between this age and fourteen being permitted to work not more than six hours a day with one or more rest periods and children between fourteen and sixteen not more than seven hours sunday work is prohibited to boys under sixteen and girls under eighteen and no child under sixteen may be employed in acrobatic performances in work underground or on night work in work underground and night work which are also prohibited to women certain exceptions are permitted in emergencies and in temporary work on perishable material ,0,0.7917654659335271
hard times make many aliens seek deportation as the easiest way outmany aliens who sneaked into the country illegally during prosperous times are now seeking to be sent back home at uncle sam s expense according to the department of labor during july august and september of this year 4 200 illegal entrants were deported to their native country as compared with 3 877 for the same months last year this rather notable increase said robe c white assistant secretary of labor undoubtedly results from the fact tnat many of those illegally in this country particularly chinese and other orientals on the pacific coast are now throwing themselves in the way of immigration officials hoping for a free ride home how many are leaving as secretly as they came is a matter of conjecture hard times always have a tendency to drive aliens out of the country they generally have a little money and they believe it will last longer abroad than here during the three months named the number of unnaturalized aliens who left voluntarily increased from 84 000 to 91 500 while the number of citizens mostly of foreign birth who departed mounted from 176 300 to approximately 200 2005 day week for painters,1,0.5271251752591843
reilly asks bars close on v dayrear admiral wright commandant of the twelfth naval district and other navy and army authorities of this combat area of coastal counties have requested that all sales of alcoholic beverages be suspended during the observance of day when hostilities will have officially ceased in europe while the board of equalization cannot order the closing of liquor stores and places where alcoholic beverages are served except in accordance with the provisions of the alcoholic beverage control act george r reilly member state board of equalization first district has consulted with beverage industry leaders in the district from san francisco to san luis obispo and it is the consensus that they will voluntarily accede to the requests of the army and navy authorities reilly urged that every patriotic dispenser of alcoholic beverages close his place of business for a period of twenty four hours immediately following receipt of word that hostilities in europe have ceased ,0,0.7496745007767549
aims purposes declaration of american federation of laborfront the inception of the american federation of labor it has taken the stand that while unions for the various trades and callings must each and all be left entirely free to govern themselves within their own borders yet between the members of all these unions there should be a bond as great as that between the members of the same organization and it is the aim of the american federation of labor to strengthen that bond by organization and by education and inculcation of the feeling and consciousness of unity of interest and solidarity to place the labor movement upon a higher and more effective plane it seeks to organize the yet unorganized workers the skilled and the unskilled the permanently located and the migratory the american federation of labor holds that whatever a man may be so long as he works honestly and seeks to wrong no other man or to advantage himself at the cost of another and seeks to maintain this standard regardless of how any toilers may happen to be employed he is a man though the american federation of labor does not advocate strikes yet it encourages them when all other means to obtain justice for the toilers have failed it urges that the workers when struck strike back as best they can though strikes do not always win even those alleged to be lost at least induce employers to forbear in the future and teach them a lesson they do not readily forget namely that labor is the most important factor in production and entitled to a voice in the question of wages hours and conditions under which work shall be performed the american federation of labor stands as the most potent factor in all our country in defense of the right of free assemblage free speech and free press it endeavors to unite all classes of wage earners under one head through their several organizations with the purpose in view that class race creed political and trade prejudices may be abolished and that moral and financial support may be given to all it aims to allow in the light of experience the utmost liberty of each organization in the conduct of its own affairs consistent with the generally understood practice of the identity and solidarity of laborthe american federation of labor establishes intercommunication creates agitation and educates not only the workers but the educators it is in direct correspondence and conference with the representative workers and thinkers the world over it urges the interests of the toilers in congress state legislatures municipal legislative bodies administrative offices and judicial agencies it initiates measures in the name of labor and liberty and decides upon acts according as they benefit or are calculated to injure the masses of the people it has secured vast relief from burdensome laws and governmental officials it seeks and will achieve freedom and justice for all it encourages and has largely achieved the interchange of ideas ideals and methods it seeks to cultivate mutual interest and to secure united action to announce to the world the wrongs and burdens which the toilers have too long endured it voices the aims and hopes of the toiling masses it asks and demands the co operation of the organizations co operation and affiliation of all wage workers who believe in the principle of unity and that there is something better in life than long hours low wages unemployment and all that these imply the american federation of labor indorses as basic these economic principles that no trade or calling can long maintain wages hours and conditions above the common level that to maintain high wages all trades and callings must be organized that lack of organization among the unskilled vitally affects the skilled whether organized or unorganized that generally organization of skilled and unskilled workers can be accomplished only by united action federation that the history of the labor movement demonstrates the necessity for the union of individuals and that logic implies a union of unions federation the american federation of labor urges the concentration of efforts to organize all the workers within the ranks of the organized fair and open contest for the different views which may be entertained upon measures proposed to jnove the grand army of labor onward and forward in no organization on earth is there such toleration so great a scope and so free a forum as within the ranks of the american federation of labor and nowhere is there such a fair opportunity afforded for the advocacy of a new or brighter thought the american federation of labor affirms as one of the cardinal principles of its trade union movement that the working people must organize unite and federate irrespective of creed color sex nationality or politics in the language of the late william e gladstone trade unions are the bulwarks of modern democracy the american federation of labor stands unalterably for the abolition of all forms of involuntary servitude and devotes its time and efforts to make every day a day of better life the trade union movement fosters education and uproots ignorance shortens hours and lengthens life raises wages and lowers usury increases independence and decreases dependence develops manhood and balks tyranny discourages selfishness and establishes fraternity induces liberality and reduces prejudice creates rights and abolishes wrongs lightens toil and brightens man makes the workers workshop safe and brighter cheers the home and fireside and makes the world better ex ,0,0.7775028220128524
milwau ke e brewerij of san francisco golden state beer 468 480 tenth stthe berger mfc co sheet metal products 1120 26 mission st ssa franciscos csl phone market 2728 why not invest your own money savings banka pay 4 par cant and loan tna money you give them on baal batata ba your own bankar buy in the truman addition to richmond lota from tuo up small payment down balance payable monthly 5 to $lo par month no interest or taxes for one year truman investment co 7s market street san franciscogorham fire apparatus co fire apparatus and supplies of all kinds the gorham auto fire engine manufactured in oakland cal the only fire engine manufactured on the pacific coast office 48 fremont street factory east oaklano cal phono sutter 312 jarvis crude oil burner co installation of oil burners 27s connecticut street near itth phone market 3397 san francisco and los angeles,0,0.8076081051589533
anti jap laundry leaguesan francisco cal june 12 o9 to the editor a delegation of 35 members from the san f rancisco anti jap laundry league and yoell secretary of the asiatic exclusion league attended the anti jap mass meeting in palo alto last thursday evening mcmahon president of the state organization presided at the meeting and after a short address introduced the speakers of the evening mcarthur spoke on the question front a racial standpoint he was followed by senator black who spoke on the general effects of japanese competition and immigration from a business standpoint he also touched briefly on the possibility of securing exclusion legislation at the coming session of our legislature benham then took the floor and made a speech characteristic of himself front every standpoint of the question the speakers were enthusiastically received and the meeting doubtl ssly resulted in great benefit to the antijapanese crusade we have been promised a hearing before the geary street and point lobos avenue promotion association and we feel confident of securing its endorsement as we have of the mission promotion association and the glen park improvement club we will issue and distribute 50 000 circulars during the coming week calling the attention of the general public to the evils resulting from the patronage of the japanese respectfully anti jap laundry league hurst business secretary,1,0.5820591207780473
true unionismtrue faith in unionism embraces confidence in the officers and representatives of unions constructive criticism is helpful and acceptable destructive criticism should be avoided differences ofj opinion are inevitable but the place to arrive at a solution is on the i floor of the union be ever alert to uphold your union do not be misled by the whispers of those who would without warrant inject the venom of suspicion into its affairs says an exchange it would be well if all kept in mind the fact that the concern of the individual member is the concern of all members disagreement and dissention may be avoided by a mutuality of interest in the affairs concerning the welfare of the membership as a whole beyond all legally drawn laws there exists that unwritten code of union morale and amicability which nurtures the spirit of unionism one member to the other and of both to the organization of which each is a member it is essential to remember that unionism is not something to be laid aside and forgotten when the working day is ended do not leave it behind you in the shop in which you are employed 1 ake it home with you take it into your circle of neighborhood acquaintances into your fraternal society sell it to those merchants with whom you trade unionism is worth what union members rate it the best grade is 100 per cent pure and that is the brand you should carry if it be your desire that the movement shall continue to flourish and remain the vital force for good that all who embrace its tenets should wish it to be there are sometimes people on boards of education who are not enlightened dr george d strayer ,0,0.8007118546444996
by samuel gompers president of the american federation of laborthe year 1924 brings great tasks to the trade unionists of america the year just closed has placed our movement in a position of strength and solidarity that fits it for the tasks that lie ahead in 1923 our country measurably recovered from the period of depression and the fight of the so called open shoppers and wagecutters practically came to an end it lost its driving power ahead of us in the immediate future is a national political campaign ahead of us also is a great general campaign of organization reaching into every field of activity the enemies of our movement say that we are not in politics the fact is that we are in politics to the limit determined to make our influence felt for progress and human freedom it is of the utmost importance that every trade unionist take an active part in the campaign now opening it is important to see that trade unionists participate in the nominating of candidates and alsp in the selection of political convention delegates it is important that labor should participate where nominations are made and where platforms are formulated the american federation of labor national non partisan political campaign will this year be conducted on broader and more energetic lines than ever before labor s effectiveness must extend into every precinct in america and with the co operation of the great farming population this will be accomplished on the industrial field the organization of the wage earners is always our first and primary task our convention has ordered a number of special organizing campaigns and these are either under way or are being planned it is my hope that during the year our movement may add a million new members to its rolls this is easily possible protection and promotion of their rights and interests and proper participation of the workers in the affairs of industry make organization necessary the proper conduct of industry the proper safeguarding of the rights and interests of the toilers make organization of first importance to labor and to employers as well we live in an age of collective effort nowhere does the individual live and work in a world of his own working together it is necessary to organize so as to plan together to function properly in every direction to make life better and to make industry better every wage earner ought to join the trade union of his trade or calling and every trade union member ought to be an organizer the year 1924 will bring its rewards but it also will bring its obligations and duties let us all as trade unionists do our utmost to make our movement a credit and a constructive force in society if we are good träde unionists we shall be good citizens of our republic and america will be the better for our efforts ,0,0.8102529275660508
no labor shortagedenver reports to labor commissioner morrissey from the state free employment bureau of grand junction in the western part of the state show that all over the western side of the rocky mountains a huge surplus of labor is found and that wages especially in the orchards is only nominal commissioner morrissey says there are no requests for labor in the hay fields of gunnison county where wages range from $3 to $3 50 a day and that in the northern part of the j state no labor shortage is reported washington prices have advanced three cents a pound and increased production is the report of the federal geological survey on lead production in this country for the half year ending june 30,0,0.5351491904703517
electrical workerslocal union no 6 of the international brotherhood of electrical workers met in regular session last wednesday night at friendship hall in the alcazar building president keatly in the chair two new members were initiated and a number of applications laid over for future consideration several members took the floor and addressed the meeting for the benefit of the craft watch next issue for brien amp co s announcement of spring goods at the right prices the popular store is at 1146 market street and a force of clerks have been busy the last few days unpacking a large shipment of spring goods get in and make a race for that $6o irke it does not cost you anything ar d the merchants will appreciate your trade much more if you ask them to sign your bike list for further explanation see ad on page eight,0,0.8083212257603457
union directorybuxxj gt nra trades covhczl ba francisco headquarters 927 mission street meets every thursday evening at 927 mission street executive board meets every tuesday evening business agents meet every afternon at 4 30 phone south 808 san francisco labor council meets at pioneer hall every friday evening headquarters 927 market room 201 district council of carpenters and joiners meets at 927 mission street every monday evening district council of painters meets at 927 mission street every wednesday evening allied printing trades council meets at 633 kearny street 2nd and 4th fridays of the month iron trades council meets at 1133 mission street every sunday at 10 retail trades council meets at 102 o farrell street every other tuesday amalgamated carpenters every other thursday 927 mission amalgamated sheet metal workers no 67 every ist and 3d friday 121 eddy amalgamated sheet metal workers no 104 cornice makers ist and 3d fridays 121 eddy amalgamated sheet metal workers no 279 1st and 3d tuesdays 121 eddy street amalgamated woodworkers no 15 every tuesday eintracht hall actors union every thursday 29 o farrell 2 bridge and structural ironworkers no 31 every wednesday alcazar building brickmakers no 123 2 d and 4th mondays twin peaks hall 3899 seventeenth brick tile and terra cotta workers baden south san francisco bakers and confectioners no 24 1st and 3d saturdays 117 turk headquarters 117 turk bakery wagon drivers no 106 2 d and 4th sundays 10 30 117 turk barbers no 148 every monday 32 o farrell street bartenders no 41 every monday hall 121 eddy st brandi no 1 brewery workmen beer bottlers no 293 ist and 3d tuesdays 1159 mission beer drivers local no 227 branch 1 keg beer drivers 2d and 4th mondays 1159 mission branch no 2 keg beer drivers 2d and 4th saturdays 1159 mission branch no 6 bottle beer drivers 2d and 4th thursdays 1159 mission headquarters of local no 227 935 market room 12 bicycle and automobile mechanics no 177 2d and 4th thursdays 927 market blacksmiths ship and machine no 168 1st and 3d wednesdays 120 o farrell blacksmiths carriage no 99 2d and 4th thursdays 1133 mission blacksmith helpers lst and 3d tuesdays 1133 mission boat builders 2d and 3d mondays 915 1 2 market bootblacks every monday 518 broadway boilermakers and iron shipbuilders no 205 1st and 3d fridays potrero opera house tennessee street boilermakers and iron shipbuilders no 25 2 d and 4th thursdays 120 o farrell boilermakers helpers occidental lodge no 25 2 d and 4th tuesdays 120 o farrell bookbinders local no 31 ist and 3d fridays el dorado hall alcazar building boot and shoe workers no 216 fridays 120 o farrell boot and shoe repairers every thursi day 102 o farrell i boot and shoe cutters every tuesday turk street temple boxmakers and sawyers every monday 544 fourth i brass finishers 2d and 4th thursdays 1133 mission brewery workers no 7 branch 1 2 d and 4th saturdays branch 5 ist and 3d thursdays 1159 mission united brewery workmen headquarters 1159 mission broom makers no 58 1st and 3d tuesdays 1159 mission building material team drivers union meet every saturday night at 927 mission street burlap and cotton bag workers no 10 648 every thursday 320 post butchers union no 116 tuesdays and thursdays butchers hall eighth and folsom i carpenters no 22 every friday 927 i mission i carpenters no 95 every tuesday garibaldi hall 123 broadway st carpenters no 304 every friday hall alcazar building carpenters no 423 millmen every tuesday 927 mission carpenters no 616 stairbuilders every friday 915 1 2 market carpenters no 483 every monday 915 1 2 market carpenters union no 766 millwrights meets ist and 3d friday at 927 mis sion street carpenters no 1082 livery friday 909 1 market casters and modelers union no 1 every 2d and 4th friday 927 mission st carpet mechanics every friday 7 city hall square carriage painters ist and 3d thursdays 1133 mission carriage and wagan workers no 69 ist and 3d tuesdays 117 turk cement workers evei y wednesday 927 mission cement laundry tray workers every wednesday twin peaks llall no 3899 seventeenth cemetery employee lst and 3d mondays wolf s hall ocean view chandelier and brass grill workers 2d and 4th wednesdays 1133 mission cigarnutkers no 22 b lst and 3d tuesdays 1265 mission cloakmakers no b every8 every tuesday 121 eddy cloth hat and cap makers no 9 2 d and 4th wednesdays 117 turk cooks alliance no 44 every thursday 39 1 2 fourth cooks helpers every wednesday 14 third coopers no 65 2d and 4th thursdays hall 121 eddy coopers machine no 131 2d and 4th mondays knights of red branch hall 1133 mission coppersmiths 2d and 4th saturdays 117 turk coremakers no 68 1st and 3d thursdays 1133 mission drug clerks no 472 1st and 3d fridays at headquarters 31 second electrical workers no 298 every monday 20 eddy electrical workers no 283 trimmers station and service men every tuesday alcazar building fourth floor electrical orkers no 151 linemen every wednesday 102 o farrell headquarters 921 market rooms 8 and 9 elevator constructors lst and 3d tuesdays 927 mission electrical workers no 6 wednesdays alcazar building felt and composition roofers alternate mondays 927 mission elevator operators meet ist and 3rd fridays at alcazar building engineers no 618 amalgamated society of lst and 3d saturdays 102 o farrell furniture handler s union no 1 meets second and fourth mondays of eaeh month friend ship hall 027 mission st furniture and piano drivers and helpoxl x every wednesday 916 1 2 market gas and electrical fixture hangers 2d and 4th mondays 927 mission glaziers and ornamental glass workers every wednes day 927 missiongranite cutters 2d and 4th fridays 927 mission garment workers no 131 every thursday 120 orarrhl headquarters roomi 419 emma spreckels building 927 market 1 to 3 gas workers 7vr gt 9840 every tuesday alcazar building glass bottle blowers lst and 3d saturdays alcazar building glove workers no 17 2 d and 4th fridays alcazar building grocery clerks retail local no 6482d and 4th thursdays alcazar building headquarters 935 market hackmen s union no 224 every thursday hall headquarters 905 howard hatters lst friday in febraury may august and november hoisting engineers lst and 3d thursdays 32 o farrell house movers lst and 3d tuesdays harmony hall mission and erie horseshoers no 25 1st 3d and 4th tuesdays 909 market ice wagon drivers and helpers every monday 102 o farrell ironmolders no 164 every tuesday 1133 mission janitors lst and 3d sundays 2 32 o farrell jewelry clerks retail local no 761 every wednesday hall alcazar building borers protective association 2d wednesdays 1159 mission laborers protective association hod carriers 2d and 4th wednesdays teutonia hall 132 u howard ladles garment workers no 31 1st and 3d fridays 320 post lathers every wednesday 116 turk laundry drivers no 266 every tuesday loyola hall tenth and market leatherworkers on horse goods no 67 every friday hall lithographers no 17 2 d and 4th wednesdays 120 o farrell machine hands no 27 2 d and 4th tuesdays 1159 mission machinists no 68 wednesdays sixth and sh pley marine firemen tuesdays 46 steuart marble cutters 2d and 4th tuesdays 117 turk mantel grate and tile setters 2d and 4th fridays 927 mission metal workers no l grill workers every wednesday alcazar building 120 o farrell street i mosaic workers every friday 915 1 1 market metal polishers no 128 1st and 3d mondays 1133 mission milkers lst and 3d tuesdays 2 grulli hall near i ive mlle house mission road headquarters 431 pine milk drivers o 226 every wednesday 117 turk secretary s headquarters 927 market room 201 musicians mutual protective union no 6 2 d thursday at 1 30 421 i ost board of directors meets every tuesday at 1 421 post mailers newspaper no 18 monday 102 o farrell vturi paper box workers lst anc days 102 o farrell i paste makers no 10567 15 t saturdays 423 broadway i paint burners mondays tyfourth and potrero avenue painters no 19 every monday 927 mission paper hangers and freco painters no 509 every friday 915 1 2 market i plasterers every monday alcazar building plumbers gas and steam fitters association ist and 3d wednesdays shiels building photo engravers lst tuesday 3d sunday 32 o farrell pattern makers every wednesday 927 market room 220 pavers no 8895 1st monday 120 i ninth picture frame workers no 147 thursdays 117 turk printing pressmen no 24 1st and 3d mondays 32 o farrell rammermeri no 9120 2 d thursday 120 ninth reed and rattan wrorkers no 242 every thursday 117 turk retail derks no 432 every tuesday marshall hall pioneer building 24 fourth retail delivery drivers local no 278 2d and 4th tuesdays 32 o farrell headquarters 260 eighth rope and cordage workers 2d and 4th thursdays 24th and potrero ave retail shoe clerks no 410 wednesdays 120 o farrell salesladies and milliners local no 616 lst and 3d mondays red men building 320 post sailors union of the pacific mondays mission and east sanitary wagon drivers 2d sunday 2 and 4th saturday 423 broadway ship and steamboat joiners no 21 2 d and 4th thursdays 20 eddy headquarters 14 folsom ship drillers no 9037 15 t and 3d wednesdays hall 1133 mission sign writers no 510 every tuesday 927 mission slate and tile roofers lnternational local no b meet8 meet ist and 3d wednesdays at 553 minna street st fddv cutters 2d and 4th frlda ys 121 san francisco woodcarvers and modelers every friday 927 mission san francisco bricklayers association lst and 3d wednesdays 121 eddy window shade workers and hangersmeet ist and 3d mondays at 927 mission street shipwrights and caulkers lst and 3d wednesdays 1322 howard soap soda and candle workers ist and 3 lt i wednesdays 3541 bishteenth soda and mineral water bottlers ist and 3d fridays colton hall pioneer building 24 iourth steam engineers no 64 every wednesday alcazar building sheet metal workers local no 24 can makers every wednesday stanford hall alcazar building headquarters 509 seventh stablemen no 8760 every monday eddv ° fa rrel1 headquarters lint st third ary flremen every monday 14 steam fitters and helpers no 46 ist square wednesdays 7 city hall steam laundry workers lst and 3d mondays harmony hall 1749 mtasteam pipe boiler coverers 1 union meets first and third mondays at 927 mission street 1 stereotypers and electrotypers no 2 3d monday 32 o farrell street railway employees amalgamated association of division no 205 every tuesday 117 turk headquartens rooms 60 and 604 emma building 927 market 1 ailors local no 2 of a amvery monday evening san francisco hall alcazar building rancisco teamsters brotherhood of no 85 2t2 u ä 117 turk headquarter tanners no o every wednesday twenty fourth and potrero avenue tanners no 17 alternate mondays masonic hall benicia ays rh j ^ iia stab e employees no 16 1st and tuesdays 2 414 manor trunk and bag workers 2d and 4th tuesdays turner hall 5343 elghteenth f gt et valencia and guerrero typographical union no 21 last sunday °xx ch mol gt th shlel b building 3 o farrell hoadquarters 63 i kearny rooms 18 20 undertakers assistants no 9049 ist eddy 3l tuesdays hall 121 up ii ä s sq °are 2b every tuesda 1 v da n ys he 9 r t9 marke°t bhers n ° walters alliance no 30 every wedmason 777 ur l headquarters 127 web pressmen lst monday hall alcazar building wine and liquor workers no 10 slb tuesday alcazar building wire workers union lst and 3d wednesdays 1169 missien wood wire and metal lathers every wednesday 11 turk ,0,0.8383660523393215
signal men advancenashville tenn chief justice green of the tennessee supreme court decided that wages of signal men employed on the nashville chattanooga and st louis railroad be raised 4 cents an hour the chief justice was the neutral member of the arbitration board ,0,0.7646099857735702
a smile or twoethel used to play a good deal in sunday school but one day she had been so good that the teacher said in praise ethel my dear you have been a very good girl today yeth m responded ethel couldn t help it i dot a stiff neck j pittsburg chronicle what did you learn at the school the boss asked the fair young applicant for the stenographi er s job learned she replied that spelling is essential to a stenogi rapher the boss chuckled good now let me hear you spell essential the fair girl hesitated for the fraction of a second there are three ways she rei plied which do you prefer and she got the job cleveland i plain dealer an elaborate feed for the newsboys is given every winter in a small city in northern new york the newsboys have an organization and only members of this are supposed to attend the banquet which is paid for by private subscription j among a few business men the boys line up in front of the eating hall and are admitted one by one through a narrow door in the waiting line of the last banquet held two weeks ago a boy of ten was observed with a youngster beside him who could not have been a day over five is this little bit of a chap a member of the organization does he sell papers asked a kindly adult naw he don t work hie loafs on his parents was the reply the lanky youth who occupied a seat in a passenger coach persisted in sticking his head and shoulders out of the window the brakeman was passing through the coach and he touched the youth on the back better keep your head inside the window advised the brakeman i kin look out of the winder if i want to answered the youth i know you can warned the brakeman but if you damage any of the ironwork on the bridges you ll pay for it supper was in progress and the father was telling about a row which took place in front of store that morning the first thing i saw was one man deal the other a sounding blow and then a crowd gathered theman who was struck ran and grabbed a large shovel he had been using on the street and rushed back his eyes blazing fiercely i thought he d surely knock the other man s brains out and i stepped right in j between them the young son of the family had become so hugely interested in the narrative as it proceeded that he had j stopped eating his pudding so proud was he of his father s valor his eyes fairly shone and he cried he couldn t knock any brains out of you could he father father looked at him long and earnestly but the lad s countenance was frank and open father gasped slightly and resumed his supper philadelphia public i edger miss prudence prim retires in gloom to guard against surprise she sends her sewing from the room she fears the needles eyes she plugs the keyhole up to thwart the rubber plant across the court edson in judge willie paw can a woman keep a secret paw she can keep in going my son maw willie you go to bed punishment for giving short weight is far from new and the turks long ago took drastic measures to check this tendency on the part of tradesmen the sultan achmet 11 walking through the streets of stamboul saw at the door of a baker s shop the owner his hands tied behind him with one ear nailed to a post upon inquiry he was told the cause of the poor fellow s predicament who is he asked the sultan may it please your highness was the reply he supplies the bread for the imperial seraglio ah ray maker then set up another post and nail his other ear to it the sultan s baker should have a double reason for honesty ,0,0.8624584780461013
the fair sitelaving aside other advantages the site selected for the panama pacific exposition is an ideal one from the standpoint of labor stretching as it does from telegraph hill to golden gate park with a civic center at van ness avenue and market street it is obvious that an enormous amount of work will be required to convert the territory into proper condition it calls for the construction of substantial boulevards and permanent buildings in the making of which thousands of skilled workmen will be employed had either golden gate park lake merced or harbor view alone been selected it is not probable that the expenditure for labor would have conformed with the amount which will be required to carry out the plan agreed upon should the government decide to erect permanent buildings at the presidio which is not improbable these w ill require the employment of many additional mechanics all in all the decision which after months of unfcertaintv was a unanimous one should meet the approval of the entire community there should be a speedv commercial awakening and every section of the citv should feel the activity the opportunity is now within the grasp of the union workingmen of san francisco to maintain their present wage scales and the eight hour workday during the four busiest years this citv has ever experienced by going to the polls at the approaching election and voting for themselves and against the citizens alliance they will he rendering a service not only to all workingmen and working women hut to the city as a whole the prosperity of w hich depends upon living wages and industrial peace we have the power to make the fair a success in ever respect let us see to it this is done ,0,0.7692734939591525
many old guardsmen pass to private lifeamong the outstanding victories of labor at the last election was the defeat of former united states senator beveridge of indiana who was a candidate for the senate during his primary campaign he posed as a progressive and liberal when nominated he pleaded the cause of reaction he attacked organized workers and declared in favor of pending reactionary legislation his attacks on labor were answered with interest this apostate will continue a private citizen and his presidential nomination two years hence is no longer a possibility senator sutherland of west virginia was also defeated he is responsible for the appointment of george mcclintic a corporation lawyer to the federal judiciary the new judge made judicial history by enjoining miners from living in their tent colony which they maintained in mingo on private land leased by them senator poindexter of washington advocate of handcuffing labor to its task is in the list of those who will stay at home after march 4 next senator myers of montana another handcuffer sensed the coming storm and declined to be a candidate after serving 12 years senator kellogg of minnesota advocate of protection to aliens was defeated he introduced a bill which would permit federal authorities to invade a state and take charge of a strike when it involved even one single alien governor allen of kansas and his can t strike law pass out of the public eye with the defeat of his candidate for governor and the election of a governor who is pledged to repeal this law george hunt was elected governor of arizona he held that office in 3915 when miners suspended work in the metcalf morenci copper district governor hunt notified the copper barons at that time that they could not import strike breakers or gunmen into the state the miners secured a settlement governor sweet the new state executive of colorado is committed against cossack rule in strikes ,0,0.6196223293596842
a bit of financial historythe credit of the united states was so high and unquestionable that in 1900 two years after the spanish war 2 per cent bonds were offered at par and oversubscribed this is a financial performance no other nation has ever equaled united states 4 per cent bonds in 1888 sold as high as 130 and in 1901 brought 139 on the stock market the united states has never defaulted on any of its bonds not one of its bondholders has ever lost a cent of principal or interest except those who voluntarily have taken losses by selling their bonds in a period of temporary price depression one hundred cents on the dollar principal and interest has the united states always paid back of the $250 000 000 0000 to $300 000 000 000 of our national resources stands the rugged honesty of america liberty loan bonds arc the safest security in the world ,0,0.8331076952800415
state fed scholarship a wards announceda statewide contest for sixteen $5oo college scholarships open to all public and private high school seniors in california was announced last week by thos l pitts secretary treasurer of the california labor federation afl ciothe contest the federation s 17th annual scholarship awards program is designed to promote a better understanding of the american labor movement and at the same time to help outstanding students get a higher education in brochures announcing the competition which were dispatched to more than a thousand public and private high schools throughout the state this week pitts invited the seniors to study the history of the labor movement become familiar with its social goals and look at its economic and political policies by doing so pitts said they will be able to participate more effectively in our industrial society by aving a fundamental understanding of the goal of the labor movement in our democracyare co sponsored by the following affiliates of the federation butchers local no 498 sacramento carpenters ladies auxiliary california state council memorial scholarship california legislative board of the brotherhood of railroad trainmen california state council of carpenters california state council of carpenters california state council of culinary workers bartenders and hotel and motel service employees california state council of lathers lloyd a mashburn memorial scholarship california state council of retail clerks warren g pop desepte award communications workers of america bay area council william g gruwell scholarship federated fire fighters of cali the two liour scholarship exam will be held in all participating high schools on friday april 14 1967 students planning to compete should submit their applications through the principal of their igh school all applications must be accompanied by a transcript of the student s four year high school record and must received by the california labor federation no later than march 20 1967 winners will be selected on the basis of the two hour exam and the students academic records the $5oo award will oe deposited in the student s name at whatever accredited college he or she chooses it may be used to pursue a career in any ield of knowledge it is not limited only to those interested in a career in fornia los angeles building and construction trades council los angeles county district council of carpenters studio utility employees local no 724 hollywood henry c rohrbach memorial scholarship and the western federation of butchers the ether three scholarships are sponsored by the california labor federation afl cio serving on the judges panel for the competition are william r rentfro coordinator for labor programs center for research and education institute of industrial relations university of california berkeley leland s russell chairman joint study committee vocational guidance california association of secondary school administrators and fred h schmidt research specialist center for labor research and education institute ox industrial relations in general the exam will touch on such areas as the structure of the afl cio labor movement history social legislation political and economic problems labor union programs labor management and government relations thirteen of the 16 scholarships being offered this yearuniversity of california at los angeles further information may be obtained by writing to education committee california labor federation afl cio thos l pitts secretary treasurer 995 market street room 310 san francisco california 94103 ,0,0.6690649895296341
gompers up in the airrochester president gompers missed railroad connections at buffalo to keep an appointment to address the convention of the international association of machinists in this city the trade unionist was rigged out as an aviator and made the trip via airplane in 29 minutes i have often been accused of being up in the air he told the machinists but this is the first time i was up 2 800 feet,0,0.7888706920157613
in the last edition it was s aid that the agents do not visit the shops often enough here is one good example of why it is difficult to do these things and i will only give one examplelast thursday all agents affiliated with our international and employers met at the jack tar hotel with the state license board on 17 license which is of another craft representatives from the c 17 were trying to change this particular classification to 43 which is the work of the sheetmetal workers thus bringing more work for our union labor and management put their heads together and a spokesman by the name of mr meeley managed to disperse this particular combination by not combining the two only in unity i guess can management and labor work together to preserve the jurisdiction of the sheetmetal workers recently held an open examination for new apprentices to join our craft as you are aware any boys wishing to become a sheetmetal worker must go to the state youth employment center for an aptitude test in order to gain entrance into this local examinations are scheduled and given by the state if they pass the employment office notifies this local union so if you know of anyone wishing to become a sheetmetal worker don t come to the union office but go to the youth employment center at 1450 mission st under no circumstances will we accept applications they must go through the proper channels as you look around your shop you will see new faces which will be our new apprentice trainees ho recently completed theirexaminations we have dispatched a fine group of boys which consists of the following a japanese boy a couple of chinese boys one philippine boy a few spanish a couple of piasanos and one poor little irishman so have a well rounded out group sports j charles piazza and pat moore are in charge of a golf tournament to be held on november 19 at silver pines this notice is being written at the request of these two brothers since this is not sponsored by this local if questions arise concerning entrance fees and other matters these gentlemen are the men to contact for any information regarding this tournament call either charles piazza at va 48741 or pat moore at fi 5 2664 convention report at the general convention a hotly contested section the two man rule was brought on the floor whether you know it or not the two man rule limits our employers to sending two men and only two men out of the city on any one job this has hurt our membership tremendously the debates to change to the one man rule would have knocked this local union flat on its back it may not mean much to the men who work constantly within the city but if this rule had been passed at the convention meeting 10 per cent of our membership would be looking for work our membership would have gone down in number and in the productive months our hall would be flooded with manpower sending members to conventions may seem aste of money to some members but without representation we could have been easily defeated and it would be your fault and mine if the proper people were not elected to protect your interest this is money spent and never forget itspecial meeting this paper is an official bulletin of our local union and any business that comes before the membership will be written in this bulletin it will not come from word of mouth it wilu be in black and white on saturday november 12 1966 at 9 30 sharp in the labor temple a special meeting will be called we ask your attendance and to take into consideration i the facts and figures that your financial secretary has to present to you this is just the first notice as you can probably tell by the preceding sentences the problem brothers is the dues structure financial status of the union is in need of a dues raise realizing the minority and there is a minority in this union are against any type of dues raise the majority of he membership realize the union cannot exist forever if their structure is below par we hope to see the backbone and understanding members of his local in attendance in november this wiil be the only order of business and nothing else it will bo short and sweet and you can still get home and do your daily chores the following members are sick harold main who had a relapse tom roberts is still recuperating and hugh nolan one of our apprentices fell from a ladder we wish them all a very speedy recovery sick committee take note i apprentice committee this is a special note for the apprentice committee and examining board all members of these committees are requested to start coming to these meetings or under our constitution if not in attendance you will be dropped we will not tolerate having management alone be the only people to show up for the meetings when on a committee you owe it to your membership who elected you to fulfill all obligations and no excues can be accepted unless this local is notified ,0,0.6678089662651501
temple xmas party setthe labor temple association and its officers will hold their annual christmas party for employees business agents and secretaries in harmony hall of the temple on dec 22 friday from 12 to 3 james newsom secretary announces ,0,0.72869241747797
building tradesthe building trades council of san francisco met in regular session pursuant to adjournment in brotherhood hall building trades temple thursday evening december 4 1930 the meeting was called to order by president james b gallagher promptly at 8 o clock and the order of roll call being suspended the minutes of the previous meeting of november 20 1930 were read and approved as printed business agent s report business agent nicholas rendered his weekly report which upon explanations and instructions was received and approved cdtnmunications communication from the president s emergency committee for employment enclosing questionnaire which they ask be filled out and returned to the committee received and referred to the secretary from the american federation of labor requesting unions and their members to assist the striking textile workers at danville by contributing food clothing and cash received request complied with and matter referred to affiliated local unions from the bay counties district council of carpenters calling attention to the fact that the kress stores are working under unfair conditions to their organization and requesting assistance of the council to bring about a settlement received and laid over for new business from daniel j tobin general president of the international brotherhood of teamsters chauffeurs and stablemen of america enclosing a plan to settle jurisdictional disputes received noted and filed from the metal trades council of chicago calling attention to the controversy between the machinists union and the grigsbygrunow company manufacturers of majestic radios and majestic refrigerators and asking that a letter be sent to the company requesting them to settle their difficulties with the metal trades council received request complied with and the secretary instructed to communicate with the grigsby grunow company regarding the matter from the retail shoe salesmen s association local no 410 requesting members when buying shoes slippers etc for christmas presents to refuse to buy from any one except a salesman holding a union card or button received and request complied with from the san francisco tuberculosis association requesting members to assist by purchasing red cross christmas seals received and request complied with from the state building trades council calling attention to the fox west coast thea ers incorporated who are having their building construction work done under nonunion conditions received and laid over to new business minutes of the respective meetings of the building trades councils of tacoma olympia seattle and alameda county were received noted and filed resolutions the following resolution submitted by general president macdonald was read ard on motion unanimously adopted ordered spread on the minutes and the secretary instructed to send a copy to each local union affiliated with the council whereas there exists a critical and dangerous unemployment situation which the honorable board of supervisors of san francisco has tried to help alleviate by furnishing work to unemployed citizens upon public construction jobs and whereas in order to carry on this most necessary program of furnishing employment to unemployed san francisco citizens the honorable board of supervisors pursuant to the request of a public mass meeting representing citizens from every walk of life has made arrangements for a $2 500 000 bond issue for unemployment relief therefore be it resolved by the building trades council of san francisco in regular session assembled this fourth day of december 1930 that we hereby endorse the aforesaid $2 500 000 unemployment relief bond issue and be it further resolved that we hereby commend the honorable board of supervisors for its prompt humane and patriotic action and be it further resolved that copies of these resolutions be forwarded to his honor the mayor to the honorable board of supervisors and to the press committee reports the organizing committee reported favorably on the credentials submitted by wood wire and metal lathers local no 65 for vernon f cody the report of the committee was adopted and after being introduced to the council by the president the delegate was seated new business under thl head the communication from the bay district council of carpenters regarding the condition of the kress job on mission street was taken up for consideration general president macdonald stated that the kress company was declared unfair by the kern county building trades council as well as several other councils throughout the state and suggested that the officials of this council meet with the officials of the san francisco labor council and take steps to assist in having this firm employ members of this council on their construction work upon motion the suggestion of general president macdonald was concurred in the matter of the fox west coast theaters incorporated brought to the attention of this council through a communication from the state building trades council was now taken up for consideration general president macdonald stated that this corporation had been building theaters throughout the state under nonunion conditions and that every possible effort had been made during the past year to have that firm co operate with the state building trades council and its affiliated local unions on its construction work without avail and moved that the fox west coast theaters incorporated be placed on the we don t patronize list of this council the motion was carried unanimously delegates from local no 6 electrical workers stated that the matter of the boycott on the shell oil company was taken up at their meeting held last evening and a motion was passed to the effect that this council make effective immediately the boycott heretofore placed on that company it was moved and seconded that we proceed to mike effective the boycott on the shell oil company the motion was carried unanimously delegate meagher called the attention of the council to the fact that the united artists are in active competition with the fox theaters and suggested that we co operate with that institution general president macdonald stated that while he was in the south he had endeavored to see the representatives of the united artists but on account of the absence in the east of the officers in charge of the organization he could not make connections but he had arranged with others to interview them as soon as they returned to hollywood upon motion the secretary was instructed to inform all affiliated unions and send the names of the firms who are now on our we don t patronize list and give all information concerning same good of the council under this head considerable discussion was indulged in regarding the union made products manufactured in san francisco the fact was brought out that very good hats were made by union men in san francisco and could be purchased at several stores attention was called to the death recently of mrs mary jones affectionately known in the labor world as mother jones it wasmoved and seconded that when we adjourn we do so in respect to her memory the motion was carried unanimously by a rising vote a delegate from the painters union called attention to the fact that allen a goods were now on sale in different stores in san francisco and asked if that firm was still unfair the delegate was informed that allen a goods were still on the unfair list of this council the delegate also suggested that delegates to this council request that their members assist in making the five day work week effective on all jobs delegate dressier thanked the officers for assistance given the iron workers recently on a large construction job general president macdonald addressed the council and told of his recent trip through southern california he stated that he had received wonderful co operation in having a campaign organized for the purpose of assisting the unemployed he stated that the police of los angeles were taking men to the city boundaries and telling them to travel north and not come back which means an influx of unemployed in the northern cities of california he urged that all members support the $2 500 000 bond issue for the relief of the unemployed and do everything in their power to have this bond issue go over on motion the secretary was instructed to communicate with president hoover and request that he use his good offices to have granted by the interstate commerce commission permission to the western pacific railroad company to construct a line of railroad on the peninsula between san francisco and san jose the motion was carried a delegate from the painters suggested that the state armory on the corner of fourteenth and mission streets could be turned over for shelter to the unemployed and suggested that the governor be requested to make that order general president macdonald informed the brother tha that matter was being taken care of and that a large building was bout to be constructed for shelter for the unemployed adjournment there being no further business appearing before the meeting the council adjourned in accordance with the previous motion in respect to the memory of mother jones to meet thursday evening december 11 1930 at 8 o clock respectfully and fraternally submitted thos doyle secretary building trade council of san francisco ,0,0.7299187772349296
facing the facts with philip pearlphiladelphia arriving here a couple of days before the spring 1 meeting of the of l executive council we decided to take a look at the current conference of the international labor organization where representatives of some forty one nations are trying to work out codes for the economic and social betterment of the common people of all the world in the postwar period so the next morning we got up bright and early and rode out to temple university where the sessions are being held one would have supposed that meeting here in the city of brotherly love and inspired by the highly idealistic nature of their endeavors the delegates to the ilo would constitute one happy family we were quickly disabused of such notions newspapermen delegates and hangers on of all sorts were talking only of disputes and disagreements and disaffections friction of all kinds has developed but perhaps the sharpest controversy has been precipitated by the attempts of the mexican labor leader toledano to impose the communist party line upon the ilo soviet russia is not represented at this conference having boycotted the ilo as a bankrupt organization but toledano and his group of adherents haven t let that stop them from playing the communist game here for all they are worthoasis in the jungle the surest way for the ilo to defeat its own ends is by biting off more than it can chew and digest i hat is the communist strategy and it appears so alluring that a number of liberals have been hoodwinked by it basicly and historically the ilo operates primarily in the economic field but an attempt is being made here to divert its operations info political and social areas where it has no direct jurisdiction and cannot function effectively from some of the broad proposals submitted here an outsider would gain the impression that the ilo is trying to substitute itself for the peace conference that will take place when the war ends indeed these proposals attempt to do all the work of the peace conference in advance and to make the decisions upon which even the heads of the united nations have thus far refrained from passing final judgment in this wild jungle of scattered ideas many of them highly praiseworthy others highly chimerical the clear concise opening statement of robert j watt american workers delegate stands out like a civilized oasis of common sense to quote but three paragraphs 1 believe the ilo has grown in the respect of nations because it has concentrated on its own job and has not overreached itself it is our job our scientific job to remove the causes of economic injustice it is up to us to remove the cruelty of exploitation it is up to us to help create opportunity for men to live and work as self respecting individuals but we cannot create these opportunities by resolutions here in this conference it will all work out we must concentrate our efforts in enlisting and guiding others to do this work within every nation within every community and within every industry much interest therefore is evidenced in what the ilo is gping to decide about its future role in international affairs indeed this has become the dominating issue of the conference another hot situation is developing out of the attempts of the toledano faction to oust the labor delegates from argentina because that country has a fascist government this move is opposed by the labor movements of this country great britain australia and south africa representing the great majority of organized workers in the world because other countries represented here especially south american nations are not entirely free of the fascist taint and to exclude one while admitting others would be neither just nor sensible strangely enough the discords and disagreements are not noticeable in the plenary sessions of the conference which are formal in character and slowed up by the necessity of translating each report and each motion into three different languages but the committee sessions and the lobby gossip are given over to a great deal of pulling and hauling and the rumor factory operates full blast day and night maybe we are overly optimistic but we feel that most of the controversies will be ironed out before the conference ends and a sincere practical and progressive program for the advancement of world wide economic and social democracy will be successfully formulated by the ilo ,0,0.8019137758513898
craft officials pay a visit to sacramentoin the first of what is expected to be a series of lobbying trips as the legislative session develops a delegation of san francisco building trades union officials spent thursday march 19 at the state legislature in sacramento delegation members were bus rep mailloux of the building trades council terence o sullivan and sam capriola of laborers 261 and al figone of carpenters 483 the group attended hearings of the assembly committee on industrial relations two dangerous bills ab 709 on jurisdictional strikes and ab 711 on secondary boycotts that were on the committee agenda were laid over also before the committee was a group of bills pertaining to the minimum wage law picked for action was ab 1223 which called for a $1 25 an hour minimum wage for all workers in california it was amended to provide only a $1 minimum for agricultural work and in this amended form won a do pass vote from the committee this was a straight party vote with five democrats on the committee voting for the minimum wage and two republicans voting against it the delegation went to the offices of all san francisco assemblymen and the state senator they located and talked to assemblymen phil burton 20th john o connell 23rd and ed gaffney 24th and left their cards with secretaries of the other assemblymen and state sen gene mcatee in their visits they passed the word that the building trades are supporting sb 357 introduced by mcateer which will permit the san francisco harbor board to pay fringe benefits to temporary employees this has passed the senate and awaits assembly action they also expressed support for sb 475 which authorizes construction of a large redevelopment project on the waterfront north of the harbormailloux said the visit was very educational for those who took part and that he thought it was beneficial for the interests of labor the group was told by state labor fed sec haggerty come up as often as you can it does good to let these people know that you are interested enough in legislation to come up here to see them ,0,0.7384106167964548
charter for valley has been sent forii is reported that a new building trades charter was sent for last tuesday to be known as the san fernando valley building trades council they will be chartered by the state building trades council the following crafts have already signed electricians carpenters including the four valley locals at san fernando burbank glendale lankershim hod carriers plasterers and painters with the possibility of the lathers coming in later on temporary officers have been elected who are bro horton of glendale carpenters as president and bro serree of the plasterers as secretary ,0,0.7796849183729857
british best shape publicity at genoa capture reporters by snappy service and then feed them bunkgenoa by mail if one wants to understand in part why british propaganda has been such a marvelous success throughout the world one needs but see the british publicitv bureau of the genoa conference in action as far as the correspondents are concerned that bureau is the conference just as it was at the m ashington arms conference thither flock all british and american correspondents as well as all other wide awake journalists who want to get tips as to what is going on while the bureau of other delegations have either but one hour per day set aside for official communiques or else make no organized effort at all to keep the press informed of the progress of the conference the british hold press receptions twice a day the british sense the power of the press and leave no stone unturned to get their point of view across onlv rarely do the british content themselves with giving out their information through the chief of the press division capable and trained newspaperman though that individual is it is either sir edward grigg private secretary to lloyd george who communicates the information and submits to a barrage of questions or else a member of the delegation or a cabinet minister appears in person to deal out facts and answer questions northcliffe man is chief i he selection of the chief of the press division was in itself a piece of clever strategy on the part of the prime minister he is the chiel continental writer for the northcliffe press acquainted with every political personage in europe northcliffe is anvthing but friendly to lloyd george bv inviting northcliffe s pet writer to head the press service at the conference dearest to his heart lloyd george has effectively stopped at least one important source of dangerous and unfriendly criticism at these daily press conferences of the british the news of the conference is given out with the exception of the solemn opening meeting there have been no sessions to which the press was admitted only such news filters out as the british give out and as one can obtain here and there from private talks with members of other delegations by a little aside or by the very intonation of their voices the british representatives who confer with the newspapermen convey just the point of view they intend to put across other nations less skillful next to the british the french have the best developed publicity machine the press chiefs talk quite freely in fact too freely and for that reason their utterances are given less importance than those of the english they will often give voice to a mere conjecture while the english are careful to limit themselves to facts the russian press service was at first poorly organized i chicherin s speech at the opening of the conference eagerly awaited by everybody was not available upon delivery nor for many hours afterward moreover during the first days of the conference the russians had no room in the city to serve as press headquarters and when they finally engaged a place no experienced newspaperman was put in charge and hours were kept quite irregularly the publicity of the germans is poorly organized with the result that little is heard of germany s plans at the conference the russians have from the beginning played an aggressive game while the germans have followed the policy of lying low nor will their chief men like wirth or rathenau he interviewed ,0,0.8050717286235136
urge higher awards for injured workersharrisburg pa in urging higher compensation awards for injured workers harry mackay chairman of the state compensation board made this statement at a conference attended by employers and employed pennsylvania is surrounded by a group of competitive states that has placed the compensation rates at 62 2 3 and therefore if new jersey new york and ohio do this voluntarily without a contest in their respective legislatures why should there be an outcry in pennsylvania i am probably in a better position than any man present to know what moves are being made by the wicked and ignorant who are undertaking to attack the very foundations of our democracy and to assault our respected institutions through false doctrines i have no fear of the outcome of that contest provided we stand four square upon the truest principles of democracy and that selfishness avarice and the desire for the acquisition of wealth do not propose a formula for these propagandists i read a statement recently that was pregnant with thought the writer stated that america is in no danger of the bolsheviki but it is dangerously threatened by the boneheads we must make up our minds that the day of great wealth has passed that owners are no longer in complete control and that trusteeship for production for the benefit of the public permeates every public utterance and private thought there are reciprocal duties the responsibility for their performances cannot be escaped either by labor or by the employer co operation is the watchword for this period of reconstruction show me a child born in squalor and poverty neglected in its early j years put to work as soon as it can i hold a tool deprived of education underpaid and underfed and 1 will show you the latest acquisition to the bolsheviki or any other association of men or women that has at heart the hatred of our institutions and a yearning for a change the most dissatisfied man in the world is he who while suffering pain through accident sees his family struggling on his meager compensation while he is incapacitated let some one bring to him the fact that his neighbor just across the state line similarly injured is getting more compensation and you are going to send him back to his work a dissatisfied man ready to adopt the new and to assault the old,0,0.8186065459508705
national unity through moral re armamentsponsored by governor olson jack shelley alexander watchman and many other leaders of san francisco in labor business state and city government a lunch is to be held in the fairmont hotel on tuesday february 20 on the theme national unity through moral re armament the list of forty eight sponsors itself is an indication of the widespread feeling throughout this area that a common meeting ground for all parties and interests would be a great forward step toward a common mind and plan for the city it is clear to everyone that unless we apply first to ourselves the standards of honesty and unselfishness necessary to create confidence and unity we can hardly expect others to conform to these standards perhaps this is what secretary of war woodring had in mind when in a recent national broadcast on national security through moral rearmament he referred to those truths which made us great the guidance of god and a change of heart as not only individual guides but national necessities bill rowell workers leader from the east end of london england who represented 420 000 london unemployed and bill jaeger another east london workers leader are expected to arrive in san francisco on february 19 and will speak at the lunch leaders of british labor including the heads of the trades union congress have repeatedly and publicly supported the program of moral re armament as the supernational plan which could unite the nations in a common purpose for the establishment of universal brotherhood others sponsoring this national unity through moral re arma ment lunch include germain bulcke of the cio c harold caulfield president board of education marshall dill president 1940 fair gaynor officer railway brotherhood walter hass president chamber of commerce george kleiser of foster amp kleiser roger lapham of american lawaiian co claude mcgovern of the amp g laborers judge robert mcwilliams mrs mcwilliams sheriff daniel murphy paul c smith of the san francisco chronicle dr ray lyman wilbur president of stanford university and others$3 000 000 business is left to employees special correspondence to laborambler pa ln 1936 fames h graved local paint manufacturer just to help the new deal along paid off his employees debts the next year he distributed to them $70 000 in bonuses including $3oo for every married worker this week graved died leaving the bulk of his business enterprises valued at $3 000 000 to fifteen of his key employees graved started with a bucket of paint and built up a flourishing enterprise he frequently declared that without the assistance of loyal employees he couldn t have gone so far labor desires protective laws and social security legislation but we wish to define the place where labor unions leave off and the state begins we do not question the fact that political authority ought to do something about bettering economic conditions but what it should do and how far it should go is the real problem ,0,0.7484262769881637
the future of the relief agenciesdespite political ball tossing there will be plenty of money for the w pa pwa and the nya during the coming year the new deal policy of federal control will he continued and the work w ill go on as usual congress mixed matters up somewhat but failed to make the basic changes that included t threat to turn relief matters over to local authorities ,0,0.7180487246934971
meany aids farm workers on teamsters union bustingafl+cio president george meany on april 18 issued the following statement cesar chavez the director of the united farm workers national union an affiliate of the afl cio has met here with the officers and staff of the afl cio detailing the visious attack on the ufw by the teamsters and the majority of the table grape growers in the coachella valley the afl cio completely supports the ufw the teamsters actions are disgraceful they are clearly union busting they are engaged in a concerted campaign to wipe out the united farm workers the teamster union busting drive would be absolutely disgraceful under any circumstances but for the nation s largest union to seek to destroy this small struggling union representing some of the most exploited workers in the nation is intolerable director chavez has explained the details of the contract the ufw has negotiated with two of the growers it is clearly superior in every instance to thesweetheart contract signed by the teamsters after collusive secret meetings with some growers the most reprehensible part of the teamsters deal is its revival of the most vicious employer hiring practice the use of labor contractors the revial of this hated device must not be allowed director chavez has asked for a full scale congressional investigation of this cynical deal he has told members of congress that there are documented instances of bribery threats violence and intimidation involving employers and the teamsters in the california fields the afl cio fully supports this request and urges the appropriate committees of the congress to conduct prompt and public investigations the men and women who labor in the field deserve the right to petition the congress for a redress of their grievances and a complete and fair investigation we shall convey these views to the committees of the congress ,0,0.6997820010466637
golden gate cloak and suit house market street near jones women s quality apparel at popular prices£ gt 4s y to pay the sterling way furniture carpets draperies stoves sole agents craftsman ranges bungalow davenports service weave carpets and rugs i cuiniture compaivyl buniter i saxe 1049 market street merchants national safe deposit vaults offer absolute security located under merchants national bank in the merchants national bank building corner new montgomery and market streets opposite palace hotel san francisco california smoke only union made union made cigar as blue label cigars v mu 4 on ii rniii uaji iu 11 ml the workingman s big low rent furniture store where dependable home furnishings are sold at the lowest prices on the easiest terms ten floors of good furniture from which to choose free renting bureau with lists of good flats and apartments you are welcome whether looking or buying rarast beginning sunday first official showing of the government under four flags showing how it waa done no advance in price umrrntl market neap seventh,0,0.8154195222150699
federal child labor law effective sept 1the new federal child labor law went into effect september 1 hereafter no child under 14 may be employed in any factory mill workshop or cannery in the united states whose products are to be shipped in interstate commerce and no child under 16 in any mine or quarry the working day of children 14 and 15 wears of age in factories may not be longer than 8 hours and they may not be employed between 7 and 6 the enforcement of the law has been delegated by the secretary of labor to the children s bureau of the department of t abor and the head of the new child labor division of that bureau is miss grace abbott of chicago miss abbott has been at work for several weeks on the details of administration with a staff of temporary assistants in order that there might be no delay in enforcing the law the issuing of federal certificates of age in states where the state requirements for proof of age are below the federal standards has already begun and the methods of cooperation with state officials have been worked out although the children s bureau will have its own permanent staff of inspectors and will when necessary initiate its own proceedings for prosecution in case of violation it will so far as possible avoid duplication of the work of state labor officials miss abbott has had broad experience in industrial matters in this country and abroad she has lived fwr manv years in an industrial neighborhood and has visited f urope repeatedly to observe industrial conditions especially in countries from i which immigration has been large j in recent years since 1608 she has been actively engaged in work on industrial problems as they have affected immigrants part of the time j as executive secretary of the massa chusetts state immigration commis j sion and more recently as director of the immigrants protective league j of chicago the permanent staff of assistants will be selected from candidates approved by the civil service commission as a result of special examinations to be held on the 18th and 19th of september as an aid to the children s bureau in the enforcement of the child labor law the women s committee of the council of national defense at washington has just issued an appeal to all women who wash to help american youth in war time urging them to see that all children under 14 arc enrolled in school and askinv them to forward to the women committee information about their own community answering the three simple questions which the committee has prepared 1 are all children between 6 and 14 in your town county or school district in school 2 how do you know 1 arc any children in need of scholarships in order to attend school she l suppose you saw some close things at the front he rather there was mcdougall of our battalion l think he was the closest london ideas with the mosquito fleet first seaman what s that wriggling object off there near the horizon second ditto guess it must be a nervous wreck widow0000000000 0000 lt xhxmxm gt cmxh 0000 lt x gt 0 lt w^ i herman s hats 8 union made 2396 mission street at twentieths j 00 lt v cidc8x gt oooooooc lt mdoooooo lt gt lt lt ^ 0 gt gt lt gt oooooooooooooösummerfield amp haines union made clothing underwear collars shirts socks suspenders hats etc agents carhartt and headlight overalls 997 market street corner sixth st have you tried the entirely new brew el capitan you know all new things are usually good at the introduction and our new beer is surely so but the difference is that we pledge ourselves to keep it so buy it try it and you will like it enterprise brewing company j st si closed monday in celebration of admission day outfitting mr workman the man who toils needs some one thing or another in the way of clothes most all the time perhaps his cap has been lost or his shirt is torn beyond mending or his socks are worn through or his shoes have seen better days or he may need a new pair of trousers for this man we ve listed a few necessities that ll give the most wear and tcar to the dollar s worth shoes for rough work in tan and black calf $2 99 and $3 49 overalls can t bust em indigo blue all sizes $1 50 to $2 00 trousers nohois guaranteed for six months the pair $2 00 shirts biue chambrav 60c olive gray khaki flannel $1 95 underwear wooiens garment $1 15 chalmers union suits $1 45 socks heavy gray pair 23c lighter in colors two pairs 25c suspenders policemen and firemen the pair for 35c sweaters g ray ruff neck in all sizes for $1 98 tles large flowing end siik cravats three for 50c garters the paris in all colors the pair for 4 25c night robes yes flanneiet robes for only 59c demand the union labelcarhartt overalls first in the hearts of true union men factory fourth and mission streets san francisco you know me i sell union hats that s all $2 50 and $3 50 ll mil warn bmp 1 san francisco 7z market st reduced fares for state fair at sacramento september 8 15 low round trip tickets on sale from all points to sacramento september 7 to 15 good to return until september 17 special features agricultural exhibits largest live stock show in the west horse racing head on collision of locomotives band contest carnival etc native sons admission day celebration at sacramento sept 8 9 and 10 oakw antioch it eastern railway san francisco depot £iey route ferry phone sutter 2339newman s can t be beat for low prices and easy credit terms five floors of the newest and most up to date carpets rugs linoleum draperies bedding stoves kitchenware trunks pianos victrolas cckpim mow mmsmots comer 17th and mission streets phones sutter 4025 sutter 4033 grand buffet corr proprietor 35 new montgomery street opposite palace hotel please patronise only restaurants ijoru i restaurant ehpwyees internationai auiance bartenders international league of america ffll f ou hat ^ tw 4 6 which display this house card local joint executive board of culinary workers2,0,0.7238279371644148
shoeworkersat the regular meeting last monday night of shoeworkers union no 216 the names of thirty new members were added to the rool making the total membership of the union in the neighborhood of the 200 mark the contract with the siebe shoe co for the use of the union stamp was approved and this firm will now proceed to manufacture union stamped ladies shoes and place same on the market immediately shop committees reported that the factory of the united workmen s cooperative shoe company is kept busy and that this firm has been compelled to put on extra employes owing to the constant agitation by all trades in behalf of the boot and shoeworkers label it was also reported that the siebe shoe company already had received large orders on account of having signed for the use of the united stamp president schonau business agent of the union reported that parties who desire custom made shoes can get them with the boot and shoeworkers label on from buckley amp attridge on ninth street near market this firm having applied for the union stamp the business agent also reported that the trouble with the kutx company was in a fair way of being settled steeling sterling furniture don t you like to trade at a ttore where you can get every thing even credit 1 ä vsa $12 00 special hall rack but not a special price every day price for now or any time that you re ready to buy it s made of solid golden oak is 6 feet 3 inches high has beveled french plate mirror and is exactly as the picture shows it wont you call and look at our hall racks you ll not be asked to buy we ll be attentive and agreeable whether you want to buy or not cheaper hall racks yes $b oo $9 00 $lo oo nice ones plenty of finer ones too we d be glad to have you open an account with us you can make the payments to suit your convenience sterling furniture company 1039 market amp seventh sts sterling fountain pens $l oo to $7 00 fine stationery per box 25c ink wells 25c to $l oo will amp ftnckco 820 market st phelan bldg we have the union stamp on our shoes some men and women ask for union made shoes others do not do you want to help the cause along by wearing union made shoes well come to us we sell them just asy cheap as shoes made without the stamp so by calling for them it costs you no more and you help your ifellow workmen the following lines by us are union made douglas shoe co richards amp x ißrennan donovan amp co the workingmen and the seibe shoe co b kätchinski philadelphia shoe co 10 third st san francisco jsullivan is the place to 00 for the patronage of union men and their families is respectfully solicited patronize those who patronize yon sullivan ells crviceable hoes fifty steps from market st 18 20 22 fourth street 5business guide attorneys dam cleveland l maguire amp gallagher boots and shoes the landers katchinski sullivan wolf h amp bro richard pahl coal and wood mullen john f clothiers carrol amp tilton red front carroll amp johnson dry goods hale bros brien amp co dairies new boss dairy dyeing and cleaning bertin f the emporium ladies shoes furniture the sterling furniture company gents furnishers dorey amp cunningham ladies and children s outfitters i magnin amp co grocers o connor bros schmidt john h mohrmann wm levin julius hatters collins chas j pacific coast hat works porcher j paper a zellerbach amp sons liquors bauer l bon bros cafe royal ferguson mangels moore jesse amp co western wine association cyrus noble whiskey geggus amp sheridan the eclipse felsen grotte laundry united states machinery speck amp thomas medicines no percentage drug co newspapers bulletin the examiner the notary henry printing gt rry james h real estate baldwin amp howell shirts hansen amp elrick tailors o connor amp kelleher will amp fink stationery etc a public entertainment will be held at metropolitan temple on saturday addresses will be delivered by well known citizens who will present their views on the desirability of erecting a labor temple a splendid union orchestra has been engaged for the occasion the programme will consist of vocal and instrumental music also talent from the various theaters of the city admission free ladies especially invited professional cards office telephone main 343 resldenoe telephone larkin ml cleveland l dam attorney at law 503 california st ban franolsoo cal attorney for building trades counoll of jas l gallagher james o maguire maguire a gallagher attorneys at law parrott building door 4 room 408 telephone south 215 office tel main 570 with easton eldridga ft ce res tel church 15 real estate a 638 market street opp palace hotel j henry notary public residence 909 valencia st near 80th another grand pleasure trip to lick observatory and hotel yeudome for two days our bay cities are already favored rather above the average of large communities for cheap and attractive suburban outings but now another has been fixed upon outstripping all the rest jlferhaps in distinguishing features and rare interest the management of the mount hamilton stage company and the hotel vendome of san jose have put on sale at the railroad offices a round trip ticket to lick observatör covering every expense and many delightful privileges for $b about one third leaf than the regular cost this will be a saturday and sunday ticket including rail and stage transportation both ways from san francisco oakland or alameda and a day and a quarter at the splendid hotel vendome in san jose it provides also for a night visit to the licit observatory and a glimpse of the worlds and wonders beyond through the great telescope another ticket is what is known as an open rate for $8 50 good any day including the same privileges with half a day longer at the vendome but a day instead of a night visit at the observatory our great stellar spyglass is justly famous and mount hamilton shares the honors even though it does not rival matterhorn or blanc or similar alpine crags it nevertheless has a grandeur all its own and it is doubtful if any of the world s noted piles afford more supremely pleasing vistas the trouble with most of us is that we live too near if we lived in new york or europe instead of under its very shadow it would have far greater interest for us and it should no longer be to our credit in view of its very tempting offer that we do not go and see it now jr£every city j of note tn the world you will tod cyrus noble whiskey north east south and west people nk it they drink it because it pleases them it pleases because it has real merit 1 they know it to be the best by comparison with other brands it is as indispensable in the sick room as on the side lxiard here are some of the reasons whyt t it is distilled from the best selected grain s it is six years in wood before bottling it is pure and wholesome in short it s right it sells for just what it is worth money back if you don t like it,0,0.6982601019182342
fbi pays dividendsin these days when the safety of our country is dependent on preventing sabotage and subversive activities it is heartening to see some of the results disclosed in the report which j edgar hoover director of the fbi for the past sixteen years submits annually to the attorney general the current report has just been released and discloses 5 605 convictions in fbi cases during the year or 96 46 per cent of the cases investigated of the 182 kidnappings since they were made federal violations 180 have been solved while the other two are under active investigation these are but examples taken from the wide field of activity of the fbi which should be strong deterrents to crime on the national defense angle the report says since the outbreak of war in europe there have been no acts of sabotage in our country attributable to foreign agents while operating on the amazingly small sum as government expenditures go of $7 300 000 annually the fbi returned to the government last year $58 390 180 64 in actual fines savings and recoveries or $8 for every dollar spentv vv ict 1 o to e venj co gt ®® c de o et iov tve lb co a le b° r joy vf 8 ivm a® ot rti° bo o tto^ vo t® ts io vo w co bet v et® ° te o vo lb anglo california national bank ten complete banking offices in si offices in oakland san jose bakersfield chico hanford lemoore red bluff modesto redding re i4cna£ jxhznöl ember federal deposit insurance corporation4 issued weekly bt the publishing company incorporated january 16 1900 7 owned and controlled by the labor unions of san francisco office 238 thirteenth street phone market 4797 between mission and howard notice to secretaries secretaries of unions will please send weekly reports to this office of memben who have changed their address giving the old address as well as the new correspondence correspondence to receive early attention must be in at the latest by tuesday subscription rates single subscriptions 91 50 per year six months 91 00 payable in advance single copies o cents each entered at the postofflce at san francisco calif on august 20 1901 aa second class matter chess qann on manager,0,0.8003363309869174
nominations for officers of labor councilat the regular meeting of the san francisco labor council on january 18 the following were nominated president john f shelley vicepresident thomas a rotell larry vail and george johns secretarytreasurer john connell ser geant at arms george kelly trustees john coughlan and william walsh executive committee andy ahem anthony costa art dougherty marguerite finkenbinder jack goldbergt george w johns george kelly mcdonough edward mclaughlin hazel o brien mark o reilly wendell j phillips thomas a rotell larry vail and joe wilder law and legislative committee arthur f dougherty arthur hare joseph lynch jennie matyas clarence walsh jackie walsh and thomas white organizing committee charles bruno james a caras minnette fitzgerald silvio giannini herman kleist joseph piccini and thomas a rotell directors of the labor clarion john connell walter otto edward sullivan waterson and fred wettstein directors of the labor council hall association term expiring march 1946 carl barnes douglas george kelly and john connell unexpired term of dan haggerty march 1947 george johns the election of officers will be held at the next meeting january 25 ,0,0.7454814967457151
printers refuse wage cuts asked by newspapersthe typographical union of detroit mich and the detroit newspaper publishers association disagreed on their wage controversy and chose judge dewitt merriam as arbitrator the newspaper owners demanded a 20 per cent wage cut a 10 per cent cut for apprentices and insisted that proofreaders be paid 10 cents a hour less than other printers which would reduce their wages from $1 31 an hour to 94 cents the publishers also asked a sliding scale of hours from 42 to 48 instead of the present 45 hour week they based their wage cut demands on the fodder theory of wages the cost of living they claimed had decreased therefore the printers should work for less the typographical union asked that the present wage scale be increased to $1 40 for day work $1 48 for night work and $1 56 for the lobster shift the union also insisted on the seven hour day ,0,0.8116508700760935
fleet admiral william f halsey retired on naval reserve week may 18 25 1947all of us hope that the last gun has roared in world conflict yet none of us can or wants to shrink from the obligations which we as a leading nation face in the postwar world this is still a world that thinks in terms of strength we must fact that unpleasant fact until the day that someone somehow changes human nature if there should arise another national emergency despite all efforts at diplomatic agreement the regular navy would have to be spread thinly throughout the navy establishment we would need almost instantly our naval reserve to fill the breech let s not be so foolish as to discard that potential until world conditions permit let s conserve and pass along the war taught know how which cost us so much in money and in lives an adequäte well trained naval reserve is our best bet in the fight to win world peace 11 ,0,0.8387001467775685
msts jobs in maymajor shipyard projects awarded by military sea transportation service to bay area shipyards during may were as follows usns eltinge overhaul $151 880 todd us ns perseus and upshur $209 806 willamette usns silas bent and point cruz $218 000 bethlehem work on usns card and kula gulf was expected during june ,0,0.7417568564863014
dan del carlo states reasons why assemblyman gaffney should be re elected labor must reelect edward m gaffney candidate for the assembly in the 26th district so overwhelmingly that his anti labor opponent will be snowed under for good this statement was made to local labor unions by daniel f del carlo manager of the union labor party and treasurer of theunion labor campaign committee to reelect assemblyman gaffney gaffney fought labor s fight in the assembly del carlo said his vote to sustain the governor s veto on slave bill 877 was only one of the outstanding examples of his support of labor s rights labor can point its finger to gaffney s opponent as one of the two asemblymen who is today causing us to spend thousands and thousands of dollars to lick slave bill 877 the man who is running against gaffney is one of the two assemblymen who switched his vote to make possible the passage of slave bill 877 over the governor s veto this labor traitor is today causing union men and women to dig into their pockets to put out money for the defeat of slave bill 877 money which could he invested in war bonds and stamps is today going into the fight against this bill just because two assemblymen who come from labor districts betrayed the men and women who elected them one of these assemblymen is today running against labor s number 1 assemblyman edward j gaffney the interests who are supporting him in this race against labor s gaffney must be shown that it does not pay to back a man who played false to the workingmen and women who elected him we must not only elect gaffney but we must decisively lick his opponent ,0,0.5548864791721453
churchill lauded by wolstencroft labor presidentblackpool england the annual conference of the british trades union congress was held here recently and was attended by 700 delegates representing 5 500 000 trade union members the president of the tuc frank wolstencroft began his address with a warm tribute to churchill s leadership well played churchill he said well played in spite of hard knocks from some of our so called home supporters as well as from our opponents on our industrial front wolstencroft said the response of the workers has been magnificent they have carried the country on their backs and complaints that they are not pulling their weight is a poor reward for all they are doing wolstencroft hoped that when the war was over or even before the trades union conference would find it possible to work in closer touch with the trade union movements of australia canada south africa india and the united states he said the general council of the tuc was already seeing what could be done to convene a conference of the trade unions of the british commonwealth looking to the post war world wolstencroft insisted that the peace terms should make it impossible for germany or any other power ever again to attempt the conquest of europe it is far far better for the world he declared that 80 000 000 or 90 000 000 people should be held under bond if necessary than that countless millions yet unborn should be called upon to undergo what so many of us have gone through twice in our lifetime ,0,0.8836408000933726
building tradesthe building trades council of san francisco met in regular session pursuant to adjournment in brotherhood hall building trades temple thursday evening january 5 1933 the meeting was called to order by president james b gallagher and the order of roll call being suspended the minutes of the previous meeting of december 22 1932 were approved as printed business agent s report business agent rickets rendered his weekly report which upon explanations and instructions was received and approved he reported that he had adjusted the cases that had been referred to him and had succeeded also in placing men upon the dairy delivery job he stated that he expected to confer with the general manager of the best foods corporation with regard to construction work that is being done for that company he made a detailed report on the meetings of the board of supervisors where the official city and county of san francisco wage scale had been adopted and stated that the wage scales could not have been established had it not been for the efforts of general president macdonald credentials and communications credentials from ornamental plasterers union no 460 for b ellisberg j magnini and george duffy received and delegates seated communication from plumbers union no 442 concerning the necessity of more adequate inspection of gas appliances received and referred to business agent rickets from the technical department annex of the humboldt evening high school advising of the special courses given in the department received noted and filed from the san francisco chamber of commerce requesting information received and referred to the secretary f rom the civil service commission advising of examinations to be held for pharmacist stage carpenter stage property man stage electrician and elevator mechanic received noted and filed minutes of the seattle building trades council were received and filed new business general president macdonald reviewed the wage scales that had been established by the board of supervisors as the highest general prevailing wage scales in san francisco county and told of the good work that had been done by the various business agents in securing statements and the cooperation of contractors to prove that the adopted scales were in fact the highest general prevailing wage scales in san francisco he protested against the action of a so called representative of labor not affiliated with the building trades council misrepresenting his craft and injuring to the extent of being responsible for causing wage cuts in his own craft and thereafter to cover up and justify the injustice he had done his own members attempting before the board of supervisors to force wage cuts upon the other basic building trades crafts he expressed regret that such unjustifiable nonunion activities should be carried on by a paid employee of labor who deliberately tried to force a reduction in the wages of other building trades crafts at the very time that the representatives of these building trades crafts were helping his craft by having the supervisors officially recognize a higher wage than this misrepresentative of labor had agreed that his members would work for general president macdonald stated that in spite of this misrepresentative s statement to the supervisors that he was not interested in what scale of wages the supervisors set and of his persistent endeavor to drag down the scales of the basic crafts that he macdonald assisted by the representatives of the basic crafts had secured the adoption of an $8 scale instead of the $7 20 scale that the misrepresentative had agreed to for his craft delegates from several building trades unions also vigorously voiced their protest against such nonunion activities general president macdonald made a motion that the secretary be directed to send a letter of thanks to supervisors canepa gallagher havenner mcsheehy power roncovieri shannon and stanton expressing the sincere thanks of the officers and members of the building trades council for their fair consideration and just action in voting and establishing the official highest general prevailing wage scale of the city and county of san francisco good of the council matters of general interest to were discussed by several delegates adjournment there being no further business appearing before the meeting the council adjourned to meet thursday evening january 12 1933 at 8 o clock respectfully and fraternally submitted thos doyle secretary building trades council of san francisco ,0,0.7811019865004103
shopping centers setoakland based connolly development inc says it is planning to build 10 new community shopping centers valued at more than $l5o million in northern california and nevada despite the gloom philosophy these days we feel there s an opportunity to move ahead now asserts the company s president ted connolly connolly said his firm has built 16 shopping centers in northern california and nevada for a total investment of more than $2oo million slated for completion over the next two years connolly says are major centers in benicia redding yreka and vacaville windsor and carson city centers were opened this year the tennant station center in morgan hill was opened last year each of these centers has expansion plans the firm is developer consultant for the city of oakland s acorn plaza shopping center to be opened late 1983 ,0,0.7011048942422633
berres to leave metal trades departmentalbert j berres for 19 years secretary of the metal tracies department american federation of labor with offices in the of l building washington will probably tender his resignation within a few days to accept a position at los angeles calif created under the recent agreement between the motion picture producers association and the five international labor organizations representing the studio mechanics terms have been agreed upon and the contract is being drafted in new york said mr berres i will likely assume my new duties in los angeles about march 1 before accepting the position mr berres took the matter up with president green of the of l and the executives of the organizations affiliated to the metal trades department and was given their consent and good wishes he will serve as labor secretary and representative of the studio mechanical employees of the joint board created to consider~atid adjust any grievance that may arise the labor executives on the board are james p noonan electrical workers joseph n weber musicians william l hutcheson carpenters george f hedrick painters and decorators and canavan theatrical stage employees until secretary berres hate definitely tendered his resignation with the department no steps will be taken toward selecting a successor for that position mr berres is a member of the pattern makers union and for many years has been recognized as one of the outstanding men in the american labor movement ,0,0.8408086367912636
when in doubt look for this card lorn amp restaurant employees international alliance bartenders international league of america uofiabor ptcact rtv uhio rcmnimpne a tkhnimohc i ask satisfaction guaranteed price always reasonable 2508 mission street 181 post street san francisco 1619 broadway oakland 2106 shattuck avenue berkeley we give mission street merchants coupons,0,0.8528412508904497
green s splendid labor day address to the nationwilliam green president of the american federation of labor delivered the following address at the labor day celebration in canton ohio september 2 1935 over a national hook up of the national broadcasting company in transmitting this labor day message i feel justified in sounding a note of optimism and hopeful encouragement there is abundant evidence at hand which shows that the nation is gradually emerging from a long continued period of distressing and painful economic experiences we look hack upon six years of unemployment impaired human values financial collapse and mounting losses during which the size of an army of idle men and women fluctuated between ten and thirteen million those were painful days for labor for working men and women were the chief victims of econojnic demoralization words cannot adequately describe the mental and physical suffering through which they passed those days of darkness and discouragement were both oppressive and depressive only brave courageous men and women can pass through such an ordeal and at the same time maintain their faith in the existing sociaj order but through all the sad experiences met during the long period which has intervened since the financial and economic collapse of 1929 labor maintained self control and demonstrated its unswerving loyalty and devotion to the nation s institutions its hope and confidence in the resourcefulness of the nation and its faith in the fundamental principles of democracy were subjected to a most severe test every act of self discipline courage service and constructive endeavor revealed the soundness of uie foundation upon which the movment of our country rests now the economic horizon is becoming brighter we can enter into the spirit of labor day this year firm in the belief that better days are at hand that even though slowly yet surely we are moving toward the realization of a better economic and social order increasing and enlarging work opportunities and improved conditions of employment ihe basis för this better social and economic order has been laid hictitious values are being liquidated speculation is being ended and the nation is becoming social minded all of this is reflected in the advanced and progressive position which the legislative bodies of the nation have assumed in the consideration and enactment of security and s ci al justice legislation the nvnri rlj the nation comprehends more fully now than ever before the social obligation of industry and the owners of industry a sordid materialistic point of view such as prevailed during the reckless social and speculative days of 1929 is being supplanted by a humane social and more spiritual attitude it is my opinion however that in this respect we are just in the formative period of a social justice program and policy which will ultimately be expanded so as to provide for adequate and proper care for those who are unemployed the aged who are dependent the sick who are dependent and who need medical care and attention and the under fed and under nourished children ofj the nation who must ever be the objects of special care and consideration a mere appraisement of all these possibilities must add to the significance of this year s celebration of labor s national holiday since we celebrated labor day last year events have occurred whjch have been of tremendous importance to labor this year can properly be designated as one of unusual social and economic experi mentation labor has taken an active part in all that has taken place and has been effected either favorably or unfavorably by all the changes which have taken place when the supreme court held the national recovery act invalid section 7a which conferred upon labor the right to organize and bargain collectively free from coercion and intimidation on the part of employers and which was incorporated in all industrial codes of fair competition was nullified and set aside code making and code observance terminated and in manv instances industry returned to the pursuit of practices which were detrimental to the economic and industrial welfare of the men and women employed in industry i he american federation of labor appreciating fully the importance and significance of the supreme court s decision acted quicklj supported a bill sponsored by senator o mahoney which provides for the licensing of corporations this act if passed by congress will provide for industrial stabilization constructive economic planning and the establishment and maintenance of fair industrial and labor practices labor will call upon the congress of the lnited states to enact this measure into law when it convenes next january1 he termination of the national recovery act very seriously affected decent employers of labor who sought to maintain code standards and labor which was fighting vigorously for the establishment of decent wages and decent conditions of employment it is always the ruthless irresponsible employer who through the pursuit of a policy of exploitation tears down wage structures disregards fcjrtr de practices and destroys decent conditions of employment rule this class of employers is in the minority the volume of manufactured goods and commodities which they produce is a factor in maiket condition through the imposition of unwarranted lowered wage and working standards upon their employes they are able to under sell the fair employers this in turn tends to break down the wage structure erected by labor through years of effort and striursrle herefore the question which the people through their government must meet and answer is whether a form of economic planning shall be adopted and applied which will require all employers to comply with fair minimum standards or whether we shall continue the pursuit ot a policy of destructive competition merely because it is alleged that individual ownership of manufacturing industries carries with it the right to do as they please e are able to appraise the destructive effects of such a policy since the decision of the supreme court which held the national ecovery act invalid reports from all sections of the nation received at the offices of the american federation of labor while incomplete show that code standards have broken down in more than twenty thousand manufacturing wholesale retail and service industrial units reductions cif rates of pay and an increase in hours of work nave adversely affected more than five million workers these are facts which cannot be controverted they show the extent to which some employers wdl go when freed from restraint such as was impose iroug i the code making process naturally the unorganized unprotected workers suffered the most but all workers have been injured through the breakdown which followed the collapse of the national recovery act the experience through which labor passed and the lessons it learned during the period of economic experimentation are proving to be of very great value working people everywhere are understanding as never before the potential as well as the actual power strength and influence of organization and collective bargaining they know that the mobilization of the economic strength of yorkers in all lines of industry is necessary in order to protect them against j exploitation and to sustain them in any aggressive effort they may intake to secure and enjoy higher standards of life and living no code making policy however meritorious and helpful it mav be can serve as a substitute for collective bargaining carried on and supported by a solid united militant organization of working men and women  has made gains because it learned to place a true value upon concerted action and because it boldly and courageously asserted its rights all of this grew out of a sense of desperation to which the workers had been driven during the long trying days of the depression when they were being confronted daily with new problems new difficulties and greater hazards the new psychology which has been created was reflected in the strikes which have taken place throughout the country the spirit of organization has been and is being manifested in the growth and establishment of organization in industries and among workers who never before had been organized i predict that the tide of organization will continue to rise covering a wider industrial field until approximate equality in bargaining power will be established between those who own and manage industry and those who work for wages and are employed therein a fair appraisement of all the facts available leads to the inevitable conclusion that millions more will be added to the movement of the nation within the next few years employers of labor should accept this situation they cannot prevent the workers from organizing through the pursuit of a policy of discharge persecution and intimidation the right to organize and the right of the workers to select their own bargaining agency is set forth in the statutes of the nation collective bargaining which has been accepted as a fixed national policy should be supported and upheld by all classes of people including employ ers of labor  1 he progress which labor has made both in the pursuit of its onomic and legislative policies is definite and most substantial ihe two policies run parallel we seek to promote the common cause of labor through the utilization of the economic influence and power of labor and advance the cause of social justice and legal protection through the enactment of state and federal legislation labor has ever held as it now holds that it must be free to bargain collectively for wages hours and conditions of employment it holds that wages cannot and should not be fixed in private industry by legislative fiat or by executive or administrative decree the right to accept or reject wages and the right to strike are principles of individual and collective freedom recognized as vital to the establishment and maintenance of a democracy and of democratic institutions but a guarantee of the enjoyment of the right to organize and bargain collectively falls within the prerogatives and powers of legislative assemblies labor asks and insists that this right shall be guaranteed preserved and exercised freely without interference restraint or coercion t he advancement of social justice and security for all classes of working people falls within the domain of legislative action and legislative enactment for these very sound and unassailable reasons the american federation of labor concentrated its efforts in a special way during the past year toward securing the enactment of the agner disputes act the social security measure the railroad retirement act the guffey coal bill the public works relief measure the 1 hirty hour bill the restoration of wages taken from government employes through the enactment of the economy act more than a year ago the acceptance of the child labor amendment to the constitution of the united states and supplemental legislation designed to protect and promote the social justice interests of labor in the various states the achievement of labor in the legislative field constitutes a large part of its outstanding accomplishments in behalf of the working men women and children of the nation labor and its friends everywhere can share in a general feeling of satisfaction over the success which attended the concentrated efforts of labor in the realization of its legislative program 1 1 he national labor relations act better known as the wagner disputes act embodies within it those guarantees of equality in bargaining power which were taken from labor when the supreme court declared the national recovery act unconstitutional this measure was signed by the president and became a law on july 5 1935 section 7 is the outstanding and perhaps the most important section of the entire act it reads as follows employes shall have the right to self organization to form join or assist labor organizations to bargain collectively through representatives of their own choosing and to engage in concerted activities for the purpose of collective bargaining or other mutual aid or protection 1 his section is a part of the statute it is the law of the land in that respect it differs from section 7a which did not become operative until it was embodied in an industrial code of fair competition i his act defines the basic rights of workers to organize and bargain collectively free from intimidation and coercion it establishes the principle of majority rule in collective bargaining it provides for the creation of a national labor relations board clothed with authority to prevent employers from engaging in an unfair labor practice which tends to affect adversely inter state commerce 1 he board is clothed with certain judicial powers in that it is authorized to subpoena witnesses papers documents and records necessary to a proper consideration and disposition of complaints filed and in the same way and same manner as the federal trade commission secure a court order enforcing its rulings and decisions 1 lie act does not in any way deal with wages hours ot conditions of employment nor does it interfere in any way with the exercise of the right to strike furthermore the board does not possess the authority to mediate or arbitrate in industrial disputes its primary function and definite authority is to enforce the right of workers to organize and bargain collectively to protect them against unfair trade practices and to confer upon them the free unrestricted rightto select their own bargaining agency a union of their own choosing and to designate those they wish to represent them in collective bargaining this act should prove to be of inestimable value to labor and of great benefit in the promotion of a cooperative relationship between employ ers and employes the social security act represents a pioneering adventure on the part of the federal government into the social security field it is the first act of this kind ever passed by the congrcs of the united states it therefore cannot be accepted as perfect or as a measure which provides for the maximum unemployment old age pension and health benefits to which the people of the country are entitled it must be accepted as a basis upon which a social security structure can be erected which will guarantee the payment of adequate benefits to the beneficiaries and provide that degrees of security necessary to preserve the social order and prevent human distress ihe success of the federal social security act will depend upon the enactment of similar supplementary legislation in the different states it is designed to provide for the payment of a measure of benefits under an unemployment insurance system and to provide for the payment of old age benefits maternal and child health service and for grants to states for aid to the blind the amount of benefits which will be paid in each of these classifications will depend upon the size of the benefits provided for in state legislation it therefore behooves the people of each state to call upon the members of their respective legislatures to proceed to enact a social security law which will provide for the payment of adequate benefits and which will conform to standards set up in the federal act and as prescribed by the social security board  1 he organized workers of each state shall become especially interested in this important matter and should join with others who favor the enactment of social security legislation in giving support to practical conservative social security measures the sense of satisfaction which the masses of the people possess over the enactment of these progressive measures is counteracted to some degree by the feeling of apprehension which prevails over the possibility that they may be held invalid by the supreme court of the united states ihe question of their invalidity must be finally determined by this highest tribunal we hope and trust that all of these measures have been so carefully drawn by those who introduced them as to meet all the constitutional requirements of our nation s organic law e can only wait with hope and patience the supreme test which must be applied to these legislative statutes  when the public works relief mea sure which provided for the appropriation of four billion eight hundred millions dollars for varied public works projects was being considered labor most strenuously endeavored to secure the acceptance of and incorporation of the measure of an amendment providing for the payment of the prevailing rate of wages in each community where public works projects were launched congress failed to incorporate this provision in the measure ihrough an executive order a security wage which is somewhat less than the prevailing wage was established and ordered applied in my opinion congress and the administration made a grave mistake when they failed to accept and apply the principle of the prevailing rate of wages upon all government relief project labor protested against the payment of the so called security wage and will continue to do so e hold that working people who are the innocent victims of economic demoralization and widespread unemployment are entitled to be paid and to receive the prevailing rate ot wages for labor performed upon all public work relief projects in every community throughout the land i he mind of labor is centered upon the solution of the nation s unemployment problem we know that any remedy applied must deal with the fundamental causes which underlie our unemplovment problem and must take into account its permanent rather than its temporary character e know that public work projects will afford a measure of temporary relief but every student of economics knows and understands that these projects do not offer or afford a permanent solution of our unemployment difficulties labor proposed a remedy for unemployment which while opposed by some employers is being more widely accepted bv all classes ot people we hold that the permanent solution of our unemployment problem can only be brought about through a reduction in the hours worked per day and per week so that the amount of work available may be more widely distributed and through the development of mass purchasing power so that the consuming ability of the nation mu more nearly correspond with its facilities of production the mechanization of industry and the extended use of power which in operation increased the efficiency and productivity of individual workers has displaced working men and women and has constantly increased the army of unemployed the question we must answer is whether we shall continue to displace by the use of machinery those who are employed adding to an ever increasing idle armv and do nothing more or whether we shall create new work opportunities for those who are displaced through a reduction in the number of hour worked per day and the number of days worked per week hir country must choose btween the maintenance of a permanent army of unemployed dependen for relief upon our government or the creation of work opportunities through an adjustment in working time so that self respecting working men and women may earn a living for themselves and their families labor makes its choice it prefers to see men and women employed earning a livelihood rather than to be fed as the wards of the government for this reason labor insists upon the acceptance of its sound economic philosophy the thirty hour workweek and the payment of high wages with the resultant creation of a high mass purchasing power in participating in this great labor day celebration in canton ohio i am conscious of the fact that this is the center of a great industrial area i housands of workers are employed in the mills imne gt and factories of this vicinity and the surrounding territory 1 he people who live here form an important part of the progressive citl en of the great state of ohio here the martyred president mikinlcy lived and served for many years and here his body rests m hallowed soil e who are here are permitted to participate in this labor day celebration in one of the historic shrines of the nation i extend to all present and to the working people and their friends throughout the nation my personal felicitations and the greetings of the movement may we all gain new inspiration tor renewed service to the cause of labor and to the service of humanity ,0,0.6428994280699358
tells of the evils of child labor raising the wages of father will solve the child labor problem declares owen r lovejoy executive secretary of the national child labor committee i am advocating the passage of a measure introduced by senator mccormick which in my opinion will pave the way for adoption of an amendment to the united states constitution prohibiting the labor of children under 16 such a measure was introduced last summer and is still pending before the senate judiciary committee lovejoy says it is the competition of fathers with their own children that holds down the wage scale industries in which the father is sole wage earner are better paid than ones in which the father mother and children compete with each other while much can be said against the steel industry it is much better paid than the textile industry where wages have always been low because women and children can be used as cheap labor pleads union cause lovejoy pointed out the relation between child labor and illiteracy and told of postural deformaties and the breakdown of health of children resulting from hard work and long hours when they were in the formative stage union labor has stood always against child labor he said the unions are composed of aggressive thoughtful persons who want to improve their condition the la toilette group in congress will stand behind the child labor amendment la follette and borah always have been stanch supporters of legislation against child labor there are also large groups of republicans and democrats with us i believe the bill will pass employers should back it many national organizations are pledging their support to the amendment lovejoy shows among them are the american federation of labor the league of women voters the mothers council the consumers league and the federation of women s clubs it is an issue upon which all classes should be united while i assume that united labor will back up the bill i feel that the employer class should work for it too because of their responsibility in conditions as they are lovejoy characterizes as shocking conditions disclosed by investigations his committee had promoted and said the greatest amount of child labor is permitted in rhode island mississippi south carolina georgia louisiana virginia and tennessee ,0,0.6535262971785989
increase to labora constructive outcome of the present business readjustment would be a heightening of the purchasing power of wage earners in the united states the productive facilities of industry have been enormously expended it has become a matter of business necessity therefore to secure a wider diffusion of the good things of life among the masses of the people business throughout the world has been suffering from an insufficient supply of buyers the public must have the power to purchase the products which flowed with unprecedented rapidity from the mechanized factories in giving his interpretation of the depression frank a vanderlip former president of the national city bank in a recent address said what i really think happened was that capital kept too much and labor did not have enough to buy its share of things mr vanderlip s conclusion coincides with the viewpoint of that stimulating british economist hobson in his latest book on rationalization and unemployment mr hobson states this thesis living as we do in intimate contact with world industry and world markets the only satisfactory escape from our present plight can be achieved by such improvements in the general distribution of income here and throughout the economic system as will place an increased proportion of the purchasing power in the hands of those who will use it in a general raising of the standard of life of the community gypping the joblesseven the unemployed are subject to exploitation no matter how far one sinks in the economic scale apparently there is a buzzard ready at that level to do hsi noisome work to make misery more miserable in new york the better business bureau supplied the new york evening post with information used in a series of articles entitled gypping the jobless showing up various devices employed to rob the penniless of their halfpennies gyp schools it seems give instruction of questionable value in a variety of subjects ranging from car washing to toedancing then there is the homework racket which fleeces the unemployed by offering them work to do at home upon the payment of a deposit for equipment the manipulators of this scheme usually vanish as soon as they receive the deposits and later open up somewhere else under a different name the better business bureau is doing the country a service in ridding it of such business buzzards pass the public improvement and employment bonds on february 6 so that san francisco can help itself to permanent improvements by helping its people to employment during this temporary recession ,0,0.7935013278905937
management s responsibility in industrial relationsat the second annual business conference held at stanford university july 12 arthur h young former vice president of the united states steel and now consulting professor of industrial relations at stanford advocated closest contact between employers and their own employees to the elimination of outside influences young spoke on management s responsibility in industrial relations lie formerly was connected with international harvester as labor relations expert and has been in the work thirty one years declaring like to lecture all the brass hats in industry on their deficiencies in labor relations he asserted better relations are a matter of good business increased efficiency and superior workmanship in addition to awards from a humanitarian aspect i am alarmed he said at the evidences of the rift and loss of confidence between employer and employee worker good citizen he termed the american workman a substantially good citizen who wants to feel he has a good job that he can do well and is working for a good company young claimed that under such conditions the worker didn t care much about collective bargaining but in the period of hysteria some of them have been swept away the way to solve the problem he said i for industry to pay attention to the men employ foremen who know them personally and who study their men if we in industry are going to separate from our men and make it possible for a third party agitators and organizers to come in then we must take the consequences don t think he added 1 am a foe to collective bargaining i think every employer should be obligated to bargain with representatives of his employees but co operative endeavor is going to postpone for a long time these frightful ills that beset us now racketeering and false leadership he said would go if employers get the participation of labor in working out their salvation ,0,0.7791001576347655
by william green president american federation of laborthis is a day of standardization a day of specialization and of mass production we are adjusting ourselves to the new and as we look upon a modern factory with its mass production we realize that we vitally affected by all of this must point the way by which we can adjust ourselves to the new industrial order what are we going to do about it american labor suggests that as the productivity of the individual worker is increased and as his efficiency is raised higher and higher through the operation of these economic forces his wages first of all must increase in proportion with his productivity and his efficiency second there must be a progressive reduction in the hours of labor so that industry and men and women may adjust themselves to the change that is taking place if we are to do the work of the world in this way there must be opportunity for leisure on the part of workers there is involved in this more than material progress for after all working people are human beings working people must have opportunity for cultural and spiritual development they must have opportunity to enlarge their vision and live that implies a great deal how can the cultural life how can the spiritual life be promoted to that higher standard that the creator intended if the body is to be given to ceaseless toil in the whirl and noise and strain of a modern factory we have established the shorter work week in many industries it is growing we want to extend it not in a revolutionary manner because we realize that that cannot be done it must be extended in a progressive way as industry is prepared to extend it and the workers are prepared to use it and accept it in that practical progressive way we can bring about the acceptance of the wage and shorter hours philosophy of the american federation of labor trade unionism has passed the trial stage it has come to its maturity out of long years of struggle and experience to an earned position of trust and confidence the unions have built up standards of life and living carefully step by step william green ivc affirm as one of the cardinal principles of the trade union movement that the working people must unite irrespective of creed color sc x nationality or politics of l convention declaration ,0,0.8412330705113207
another canard caughteditor an article under the following head has been going the rounds of the press whites not fitted for grape picking the item says that white men get exhausted from heat and disabled from cricks in the back the writer in his early manhood traveled extensively in the south of europe france spain italy and greece and saw none but white men and women working in the vineyards and he believes that grapes are harvested under the same conditions in the rhine provinces of germany it is not true that a vineyard at asti and another in the southern part of the state plant cultivate and harvest without employing asiatics such items circulating throughout the country appears to be a slander upon our citizens of latin birth or descent and an effort to glorify the japanese at their expense the writer would like very much to obtain your views upon the question as it appears to be a vital one at this time american san francisco july 20 1908 note american seems to have views of his own where the truth shines it is true that the asti vineyard and several other large vineyards in this state are being operated profitably by white labor asiatic labor is inferior to white labor this fact admits of no argument employers of labor admit its truthfulness and recognized sociologists and economists regardless of nationality have agreed on this question for years the mongol malay or hindu can not overwork the caucasian but the asiatic can underlive the american to say that white men are not fitted for grape or fruit picking is a base slander and a malicious falsehood especially upon the people of southern europe who have contributed their full share to occidental civilization and progress and prosperity of mankind asiatic labor has been california s greatest curse it has kept the white farmer orchardist rancher and laborer from coming to the pacific coast and thus retarded the agricultural and industrial development of the state white american labor is the best labor obtainable for the sustenance and preservation of the white race on this continent the asiatic fitness that appeals so strongly to our few pro coolie californians is not superiority of workmanship skill strength and endurance but cheapness inferiority servility it is the price it is rice vs meat the fitness story is but another canard of the many that have been sent out from the cheap labor publicity bureau for the purpose of deceiving people in the eastern states and incidentally administer another blow to california,1,0.7186971415279848
demand the brandboom the label clear brook whiskey best straight goods in the world moore distilling co bth dist ky adams attomay at law 378 82 monadnock building la natividad amp a^at v havana cigar union made,0,0.5569319724196411
major growth seen for amp ethis year will see some 148 000 new customers requiring electric cm natural gas service from pacific gas and electric company the expected total includes an electric customer gain of 88 000 and a gas customer increase of 60 000 in pg amp northern and central california service area when 1978 ends the company expects its electric customers will total 3 260 000 it expects to serve 2 730 000 natural gas customers residential customers willaccount for an estimated 90 percent of this year s growth continued industrial development and commercial expansion together with additional agricultural connections will provide the ether 10 percent about half of the projected growth is expected to occur in the san francisco bay area pg amp e makes the forecasts in outlook 7b a publication containing economic activity projections of interest to business customers and community leaders in its 48 county service areatile layers ite local 19 bud papadakis business representative robert g johnson business manager jack howe business representative the next regular meeting will be held in sacramento at 3349 j street on february 10 place is turin verin hall please make every effort to attend your union meetings the ex board has established the places and dates for the union meeting for the year of 1978 ttiey follow please note under article 8 section 1 of our present by laws and under article 12 section 16 of our proposed by laws meeting to be held monthly and be rotated therefore using the last practice january 13 2nd friday san francisco february 10 2nd friday sacramento march 3 ist friday san francisco april 7 ist friday san francisco also may 5 ist friday san jose june 2 ist friday san francisco july 7 ist friday san francisco august 4 ist friday sacramento september 1 ist friday san francisco october 6 ist friday san francisco november 3 ist friday sacramento december 1 ist friday san francisco senate bill 1883 your local has sent to each journeyman and apprentice a letter from our international union which explains all about senate bill s 1883 known as labor law reform act please read the letter and above all please sign and stamp the enclosed cards and mail today it will cost you only two 9 cent stamps or 18 cents the international union and your local has spent much more the end result is your livelihood protect it capitol tires at no expense to your union the capitol tire co has enclosed a membership card and sales price list that if you desire you can take advantage of as there are a number of different locations to serve you remember you must have the membership card in order to make a purchase 40 year members did you know that we have 43 members who are over 70 years old they have signed an affidavit whereby local 19 pays their union dues and mortuary assessments for the rest of their lives this is available to any brother who is over 70 years holiday george washington s birthday will be celebrated monday feb 20th it will be the first three day weekend this year wednesday feb 22 is a normal work day think about it as one becomes a skilled journeyman tile setter and therefore a craftsman who usually stays until retirement in this chosen craft he can be considered at different times to be four people in his lifetime as his feelings will change as he grows and his situationschange 1 johnnie is now 23 years old unmarried and has been in the tile work for three years he thinks of nothing but cars and girls both cost money so his main interest is in making as much money as he can usually he would like to have the benefits paid on him in cash to johnnie at 23 then union means more money the union helps him get pay raised but fringe benefits are of little importance to him he wants cash 2 ten years later he is married and has several children his wife and children are in and out of the hospitals when a new contract is being negotiated what does johnnie now want you to push health and welfare dental vision benefits of course that s what the union means to him at 33 years old 3 then he grows older and is now 45 his children are married or in college and he is spending more and more of his time in recreation etc now what does he want the union to get him more time off the job he wants a shorter work week long vacations more holidays this is what the union means to john at 45 4 now 10 years later john reaches 55 he begins thinking about retirement and he wants to make sure that he will have some measure of security so it is perfectly natural for him to be more concerned about increasing the retirement benefits his main concern is what the union can do to increase his retirement benefits thus in one man we have found four different meanings of the value that a union can have four different factors that are most important we are proud that in local 19 there are no second class citizens and that all of our wage increases go to everyone it is good once in awhile to think about those four different stages we go through in our lives if it weren t for the union poor john yep poor john mortuary 44 is due and payable are you up to date are your union dues paid to date keep your dues paid don t lose your benefits roofers local 40 ed davenport james e mccarthy secty treas bus agent 55 fillmore st well i guess most of you members know by now that the members in attendance at the meeting of january 9th voted to put the entire 25 cents on the vacation pay this makes a total of $1 40 per hour you will receive this increase on your checks in december 1978 and february 1979 this increase will be for a six month period only on the checks that you receive at the end and beginning of next year i hope that when it comes time to divide the raise coming up in august of this year that we will have a little larger turnout it seems a shame that only 40 people or so should decide for a total membership of close to 400 how to split up the increases we receive think about the pension plan i hope that when it comes time to divide the increase in august you will decide to put some money in the pension plan so that this local will be able to show our sister local in oakland that you have as much sense as her members do and we will be able to bring our pension contribution up to theirs oakland will be putting $1 55 per hour on the pension this coming august they are now putting $1 35 on the pension compared to our $1 20 with a drop in working members due to the loss of 10 contractors you fellows should realize that we can use an increase on the pension contribution to off set this drop in membership the members on pension now have received very little in the way of an increase in the last five years this is due to two causes number one they don t even bother to come down and vote which is their right and the younger members don t realize that they will grow old some day and if you don t keep increasing the contribution the cost of living at its present pace will reduce the buying power of the pension you receive to nothing observe the non union crews i don t know if the younger members have observed many of the non union crews in action but if they will take a close look at them they will see that there are not too many people over the age of 40 years working for these outfits the non union outfits like having young crews because they don t havetopay the young fellows too much money and they don t care anything about quality work just quantity the health and welfare plan has been having some delay with our insurance carrier but it is all straightened out now and your claims should be processed a lot faster the average hourly payment for all the building trades union is about 98 cents per hour as compared to our 60 cents oakland pays $1 17 per hour so its members certainly must have better benefits than you do we lost two members this past month eskie who was a top foreman for most of his years and has been retired for about six years and jerry allen who was a member for about 30 years although not working much lately we also had brother ernie viola in the hospital for a short time with a hearing problem  drirrrs lak ui hammer and leads melton business rep paul lewis recording secfy 41s 635 4227 28 29 60 hegenberger place oakland ca 94621 an important reminder to a reminder the meeting of february 23 will be a special called meeting for the purpose of nominating and electing two 2 delegates to the carpenters convention which will be held in san francisco march 7th through 10th attend this and all of your meetings  lnformational disability claim process changes by latest laws california workers suffering off job illness and injuries have been dealt a new hand by legislation affecting the state s disability insurance program these changes went operational as of january 1 weekly benefit amounts are now greater for disabilities beginning on or after january 1 the maximum benefit payable jumped from $ll9 a week to as much as $146 per week for those paying the highest premiums persons earning $3525 or more per quarter and the minimum benefit has risen from $25 to $3o per week the average worker s contribution remains at one percent of earning up to $11 400 each year but employers or those who are self employed and who elect coverage will be taxed at 1 72 percent during 197 h in another change hospital benefits will be abolished for disabilities commencing on or after jan 1 1979 state officials maintain that other provisions now operational will serve to compensate for this loss for instance they say the waver of the sevenday waiting period is retained when claimants in hospitals apply for regular di benefits other legislation changes extended coverage to persons who perform work at home claims based on such wages are payable starting august 1 1978 provide that tips in excessof $2o a month are wages for di purposes and claims based on such wages are payable starting august 1 1978 provide a temporary system for paying benefits to ex offenders based on cer tain work or vocational training accomplished while in state correctional facilities this program is to become operational duly 1 permit specified licensed psychologists to complete the doctor s certificate for claimants allow a spouse to file claim when the disabled individual is mentally incapable of doing so expand the definition of disability to allow 1 1 payments to persons who receive written orders from health officers forbidding them to work such as food workers with communicable diseases clarification the vacation pay increase effective 1 i 78 of 15 cents ls broken down as follows r lhe vacation pay was actually increased by 5 cents to 90 cents per hour and 10 cents perhour is deducted from the $1 total of each workman and remitted to the union directly as negotiated there will be a special called meeting in april date to be an nounced in a later edition for the discussion and voting on the dues check off meanwhile the executive committee will be working on a recommendation to present to the members at the april special called meeting regarding same to all brothers on the sick list hurry and get well it is so nice when we hear that you are well and on the road to recovery work has been sluggish lately however there is a good outlook tor the immediate future,0,0.8110141308647045
the meetings in the year prior to the nomination c must be a citizen d must be present unless absent on official union business or confined to hishome or hospital on account of illness sick list the following members are currently on the sick list we wish each of them a speedy recovery paul pasquet local 718 s financial secretary ambros montoya harold crippen wes boyd leslie barros national glass peninsula glass we are still on strike with national glass in san francisco south san francisco daly city san mateo and redwood city at peninsula glass in san mateo we thank our dedicated picket captains pickets and all members who show their support by honking their car horns when passing by one of 718 s picket lines 1983 dues dues for the 2nd quarter of 1983 april may and june were due in the union office on or before april 12th be sure to include a stamped selfaddressed envelope when making payment by mail or your receipt will not be returned to you vacation checks vacation checks will be issued in may in order to give the fund office time to prepare the vacation checks there will be no more emergency fund,0,0.7837880928254608
notestine on job for carpentersthe bay counties district council of carpenters has assigned charles o notestine to work in alameda county he has recently been working in marin county where his efforts have produced excellent results for the carpenters in that count ,0,0.7848104999970212
petaluma carpentersabout seventy members were present at the regular quarterly meeting held by the petaluma carpenters union local 981 last tuesday night a feature of the meeting was a talk by george w gwaltney secretary of the sonoma county building trades council he congratulated the petaluma local on its large and active membership and the record of achievement in petaluma he declared that the building trades in sonoma county during the last year have made record progress another speaker was fred bauer business agent of the building trades council bauer told of the heavy expense which had drained the finances of streeter a member of the santa rosa lathers union in caring properly for his injured son and explained plans for raising a substantial benefit for brother streeter at the conclusion of his talk the local carpenters voted $5o for the benefit ,0,0.7816166002027949
san francisco builders case up to washington federal investigation reveals conditions warranting report says attorneyfederal prosecution of certain building material dealers in san francisco for alleged refusal to sell to firms employing union labor is expected to result from an investigation conducted by the department of justice it became known last monday says the examiner results of the research are carried in a report filed with united states district attorney john t williams and transmitted by him to attorneygeneral harry daugherty in washington serious charges substantiating those made by union leaders here it is understood are made in the report it is the belief of government investigators that williams will be instructed to present the whole matter before the federal grand jury for action in the near future report warranted williams said monday the bureau of investigation of the department of justice has today presented to me a very comprehensive report relating to the conduct of certain material supply houses this report discloses some very interesting facts and presents a condition sufficiently serious in this district to warrant me in transmitting the report in full to the department of justice at washington owing to the direction of the department i am not at liberty to make public any part of the report at the present time investigation into the situation in the building industry here has been made secretly by the government for several months the report submitted to williams is said to cite specific instances of discrimination as practiced by certain firms who are reported to be actively engaged in carrying out the unlawful combination and conspiracy the department of justice recently has ruled in similar cases that the practice of discrimination in selling building trade material constitutes a violation of the sherman anti trust law and the guilty firms are subject to criminal prosecution complaint against the san francisco material dealers was made direct to attorney general daugherty early in june by frank morrison secretary of the american federation of labor labor leaders accuse morrison presented letters and telegrams from the bricklayers masons and plasterers international union naming the industrial association of san francisco as representing the employers association in the alleged boycott of construction jobs employing union labor morrison s complaint was the outgrowth of disputes which arose a year ago after the establishment in san francisco and the bay district of the so called american plan or open shop by which union and non union men were employed alike without discrimination charges of violating the state cartwright antitrust law against more than 70 building supplies contractors are now pending in judge daniel o brien s court ,0,0.7947951598916858
a warning on labor paper ads paper published by almar publications is the only official publication of the san francisco building and construction trades council and affiliated unions it has been brought to light that other persons have been representing themselves as representatives of paper and as such soliciting advertising from various building contractors and sub contractors to put a stop to this devious practice all contractors and sub contractors are urged to verify official ad solicitation by contacting the executive secretary treasurer of the san francisco building and construction trades council daniel f del carlo at 285 4333 or by telephoning almar publications at 4793540,0,0.7754964723370632
o connor amp o reilly merchant tailors and men s furnishers 33 35 fourth street near market s f0000 gool z open at 9 close at 6 every day saturdays included what are your bed needs blanket comfort sheet pillow case pillow spread hale s is always the place to go for them but now tome specially good reasons for going there you ll save money you ll get a broad choosing and as safe quantities as ever we want to make it as easy as we can for you to get your fall supplies so we planned this effort not everything is underpriced many things are if you haven t traded here before it good time to begin our sheets anti pillow cases are worih getting acquainted with the lodging house and hotel keepers are most enthusiastic over them they are harder on sheets and pillow cases than any one else they tell us that hale s double warp sheets outwear them all and yet they cost no more than the common kind 50c 08x90 65c 90x90 55c 72x90 70c 90x99 45c 51x90 60c 81x90 other white sheet of a firm muslin torn and hemmed even ironed lowest prices yet 37 2c 5 x9 i 42 c 63x90 47 ic 72x90 50c 81x90 extra large cases 10c extra low prices made from an unbleached muslin sizesox36 inches the same s ze bleached 12v4c brown sheeting cheap a heavy quality evenly spun in three widths 2 yards 15c 2 yards 17c 2 yards 19c a couple of cases for special selling beginning to morrow morning blankets $5 00 especially its our leader weighs fully 5 pounds large size pure white with pink and blue borders but a word or two of the lesser priced ones 45c single white cotton ones heavy and 75c heavy and white white wool blankets $3 75 they re worth sl9o extra heavy extra wide white wool mixed blankets $l9o $2 25 il ro but they are a bit soiled from $2 90 $3 50 $4 00 showing on the counter 0 j amp jimportant this is a fac simile of the cigarmakers international union blue label i except the color which is blue and it is on every box containing unionmade cigars familiarize yourself with its appearance sued america ig amp j union made dfltlfirt twqwckn cxmtmti tl cigars local tntt ftea ocsfltota 3hb inttiste rotfcead levoteo qcm mtfcri intuautumu tt ttafi bflcf mem of iv mora jmteriai and d rnt viriorttm rttobmw ntuiiithiwuwq oan to mil 55ns1 icrainviae pbimm yy ozij amp iua firadent if the mechanics and laboringmcn of this city would purchase a blue label cigar when indulging in a smoke they would create such a demand for union cigarmakers that thousands of these veteran unionists could be profitably employed where now there are but hundreds let all trade unionists and workingmen generally rally to the support of this noble union and by a persistent and sustained demand for blue label cigars give at least to the union cigarmakers in our midst constant and remunerative employment any toiler who possessed of the knowledge that he can be partially the means by which the union cigarmaker and his family may have a comfortable living a pleasant home and a little of life s happiness deliberately smokes a chinese or eastern scab cigar is guilty of the grossest heartlessness and cruelty and through his selfish indifference to the welfare of his brother toiler is unworthy of the respect or consideration of his fellow men i is an ulcer on labor s cause and a scab at heart rally to the support of this splendid union and boost its blue label along iww w tmtwwfm w + the best v luh v safe on earth house safes $13 50 $15 00 business safes $30 00 $40 00 $50 00 $oo oo bank and safe deposit vault work easy payments i freeman tel south 405 repair work 1327 9 market st send for estimates,1,0.5501284621857055
waiters union no 30the following restaurants have obtained injunctions against the cooks bartenders waiters and cooks helpers baltimore restaurant 53 sixth street waflle kitchen 1007 market street palms restaurant 785 market street popular restaurant 35 geary street golden west restaurant 10 ellis and 9 stockton streets california cafe 17 and 19 powell street central restaurant 24 and 26 ellis street old delmonico restaurant 789 mission clark s bakery 612 kearny golden poppy restaurant 589 mission fourth street coffee parlor 29 fourth street american restaurant 108 fourth street plymouth restaurant 190 seventh street new york restaurant 821 kearny street dalmatia restaurant 507 clay street capitol restaurant 206 208 mcallister street progress restaurant 367 bush street crawford s dairy lunch 1329 market street william tell restaurant 315 bush street norman s cafe 411 bush street zanagelli restaurant 25 taylor street midway restaurant tenth and howard vesuvio restaurant 630 montgomery street martin s restaurant 15 third street netherland s cafe 16 turk street saloons progress saloon 367 bush norman s cafe 411 bush connelly s saloon 542 fourth street,0,0.8196476415387801
green pledges labor to work for end to nazi attacks on jewsnew ork american labor will do all within its power to bring about an end to the persecution of the jewish people in germany president william green of the american federation of labor declared at a great mass meeting in madison square garden to protest against the ill treatment of jews by tbe hitler regime 1 wenty thousand persons jammed madison square garden and 35 xx listened to the speeches through amplifiers outside the speakers included former governor smith senator robert f wagner rabbi stephen s wise and others the meeting was one of many protest gatherings held throughout the united states when any nation violates the laws of humanity shocks international conscience engages in persecution of minorities and follows a primitive barbaric course toward helpless men and women who have committed no crime and who have become the victims of racial hate then the voice of the american federation of labor will be heard in solemn protest president green said will not remain passive we will not remain passive and unconcerned when the relatives families and brethren of the jewish members of our great economic organization are being persecuted and oppressed we will come to their defense because the bonds of brotherhood which bind us so closely in a great economic organization make their great human problems a part of our own i come tonight in the name of labor protesting in its sacred name against the atrocities which are being perpetrated upon the jewish population of germany i transmit to the officers and members of the german trade unions the masses of the people the hosts of labor in germany and to the jewish people an expression of sympathy and interest we pledge them our moral and economic support we will render every asistance possible and do all that lies within our power to bring about an end of the campaign of persecution which was so unjustifiably launched against the jewish people in germany aids oppressed the government of the united states has always responded to the cry for help from oppressed people we can rest assured it will not fail us now 1 resident roosevelt a great humanitarian inspired by american ideals and american principles will guard and protect the interests of all american citizens of the jewish race now in germany and will bring to bear the great moral influence of this great republic upon the distressing situation in germany to the end that persecution and oppression of jewish people will cease our appeal is to the heart and conscience of the world let those who officially speak for germany be advised that the people of our beloved land will neither tolerate nor condone the persecution of the people of a noble race who through all the centuries of recorded time have made a distinct contribution to the advancement of the moral spiritual and intellectual well being of the human race it is in this spirit and in this purpose i join with vou in this most extraordinary and impressive meeting ,0,0.7564982434002454
no increased taxesin his announcement of september 29 president roosevelt said that improving business had fortified the government s financial position he forecast that the curves of tax collections and federal expenditures would soon meet and predicted that the deficits for the next two fiscal years would be much less than were originally estimated he then said that it was highly unlikely that any new or increased taxes would be necessary if future experience bears out the president s opinions the united states will have reason to feel a great surge of encouragement today the average business man has an almost entire lack of confidence in the government s fiscal policies he has seen tax increase after tax increase imposed on him he is now bearing a burden that tends to make many business operations profitless and the fear of new or still higher taxes is an insurmountable barrier to expansion investment and the employment of labor the increase in normal federal tax revenue that has occurred in the last year has presented the federal government with a splendid opportunity it is in a position to give back to business much of the confidence it has lost and to give the country a chance to reap the fruits of accelerated industrial activity it can do this in two ways first in the manner indicated by the president by sternly deciding against additional taxes second and of equal importance it should effect every possible economy in order to use the largest possible share of its regular tax income to reduce the astounding deficit and thus to eventually cut existing taxes that policy should be followed as well bv state county and municipal governments which according to experts have pursued more irresponsible fiscal programs than the federal government not until every tax collecting unit cuts costs and starts on an aggressive course of budget balancing can progress toward recovery attain maximum speed,0,0.8186854324342773
patronize advertisersnew fall suits for ten dollars we have had manufactured for the fall and winter trade a line of men s single breasted sack suits to sell at $lo oo which we believe cannot be duplicated in california at the price and which are as good alue as can be obtained for the money in any first class clothing store 1 in america they are made of strictly all wool materials the new brown and green effects and good service i able blue and black cheviots the coats made up in perfect style have broad generous shoulders and will be ound to be well tailored and perfect fitting in the cheap tailoring establishments where suits are made to order for $20 00 you could not get nearly as good a suit as this at that price come in and try on a coat and see how it fits and looks if you buy and ae suit is not satisfactory when you get it home bring it back in the condition in which yon receive it and gel your money cau omni i lamqcst 5 ^ am rmica s saamocst toms f the star press james h barry up to date printing 429 montgomery street coktxeh amp ift amp i building and loan association of california established in 1889 subscribed capital $12 000 000 paid in capital 2 100 000 profit and reserve fund 300 000 monthly income over 100 000 its purpose is to help its members to build homes also to make loans on improved property the members giving first liens on their real estate as security to help its stockholders to earn from 8 to 12 per cent per annum on their stock and allow them to open deposit accounts bearing interest at the rate of 5 pe cent per annum and 6 per cent on term deposits home office 301 california st cal wm corbin secretary and general manager granulated smoking tobacco 5 and 10 cents a sack union made look for blue label on end of every package,0,0.7886723219327922
letters from the people editor 238 thirteenth street san francisco calif dear sir sensing momentous changes for our profit system as a result of the present world upheaval and modern machine methods of production labor might well be thinking in terms of a new order for itself it is just common sense that our economy cannot maintain in j peacetime a productive system that calls for busy machines at the expense of idle hands anti at the same time maintain high prices for the things labor must consume a mutual profit sharing basis for all labor and industry should be sought and it s not too early to begin laying the groundwork for such a setup to replace wage and hour systems production for use instead of production for profit is headed our way howard 4401 vinson street fort worth texas ,0,0.7631391609093207
west virginia passes new compensation lawcharleston w va a new compensation law which provides for greater benefits to workers has been passed by the state legislature this session of the law making body was marked by a record attention to the demands of labor while the bill to abolish the private mine and guard system failed by a close vote in the senate several other demands of labor were approved these include a law requiring rock dusting and other protective measures in coal mines that will go far toward safeguarding the lives and limbs of workers a loan shark bill specifying the interest rate these money lenders may charge was passed labor defeated all proposals to outlaw strikes other measures favored by anti unionists were defeated the workers will renew their fight against the private mine guard system which was denounced by the two major parties in their platforms ,0,0.676940725368536
appeal for moral assistanceto greeting we beg to inform you that after due consideration the joint executive board of the bakery and confectionery workers international union of america of san francisco and vicinity have decided to introduce the union label to all bakeries conforming with the rules of locals no 24 and no 106 of san francisco and locals no 119 and no 102 of oakland comprising journeymen bakers confectioners and salesmen of bakery goods the main reason for deciding on this was that union people requested us to do so to be able to tell the difference between union made and non union made bread after thirty two years of slavery we at last succeeded in november 1900 to abolish the seven days a week work and since that time we have improved our conditions to such a degree that we are now able to live like american citizens where years ago our members were kept in ignorance they have now time to get educated and stay with their families at least one day a week since the earthquake and tire the latin bakers not only drifted to all sections of san francisco but have since that time started to bake whatwas considered in our line of business they are now manufacturing american and german bread and delivering the same every day in the year thus gradually forcing us back to the old days of slavery and keeping a good many of our union men out of employment the latin bakers still work seven days a week and work all kinds of hours for low wages and in unsanitary shops in some cases the men sleep in the shop we are aware of the fact that we must have the moral assistance of all union men union women and friends of and therefore we urgently request your membership to only buy bread bearing the label of the bakery and confectionery workers international union of america there can not be any excuse as every master baker running a union shop is entitled to the label and in case he already uses his own label we are willing to issue a combination label enclosed find a set of resolutions which we would kindly urge you to adopt and have them read at three successive meetings of your organization thanking you in advance for your assistance which we are sure to receive we remain yours fraternally the joint executive board of bakery and confectionery workers international union of america of san francisco and vicinity resolution whereas the joint executive board of bakery and confectionery workers international union of america of san e rancisco and vicinity decided to place the label of the bakery and confectionery workers international union of america on all the bread manufactured in union shops and whereas this label not only is a guarantee that the goods are manufactured under fair and humane conditions but also that they are made in sanitary shops and whereas it is the duty of all union men and women to buy only such goods that bear the union label where such are in use therefore be it resolved that the union no of california in regular meeting assembled this th day of 19 ~ heartily endorses the label of the bakery and confectionery workers international union of america and be it further resolve d that the members of this union pledge themselves to buy only bread bearing the label of the bakery and confectionery workers international union of america ,0,0.7122018659774951
take advantage of our lowered prices make a home out of your house by using friedman s liberal credit with easy monthly payments 213 5 post st hear stockton quality ham outfit on credito lt phone market 3285 p benedetti mgr union florist formerly of 16 fourth street funeral work a specialty at lowest prices orders promptly attended to 3017 sixteenth street near mission street easy to pay the sterling way furniture carpets draperies stoves sole agents craftsman ranges bungalow davenports service weave carpets and rugs 1049 market street2,0,0.8395992990402268
unit 6 linemen nominate incumbent committee beer bust planned for june meetingat the meeting of unit 6 which includes linemen and power house operators the incumbent unit officers were nominated as candidates for election to serve during the next two years various other member whose names were placd in nomination declined to accept therefore the unit recorder will cast one vote for each of the incumbents during the june meeting the unit officers will he installed in office during the july meeting inasmuch as serving of refreshments will not interfere with the election unit 6 will hold ä beer bust after adjournment of the june meeting all members should attend this meeting as there are now pending matters of vital importance ,0,0.8159631926930528
key men want morebaltimore order of railroad telegraphers and baltimore amp ohio railroad are arbitrating wages and work conditions frederick h kreisman former mayor of st louis is the neutral member of the board lt c ► the following advertisers in the mission district deserve your patronage,0,0.8226709575115125
the cost of successthree young people recent graduates of a high school in their native town were walking along a pleasant road leading out of the village and which was bordered with shrubbery and trees one was a young girl of 15 pretty bright and vivacious wearing a neat and maidenly costume the youth on her right was well dressed and handsome the other clothed more plainly was tall angular almost awkward seemed more serious and thoughtful and possessed features stronger and more rugged than his boyish companion may irving was the daughter of well to do parents middle class people if we use the usual term her father owned a fair sized store and did a tolerably good business edwin tracy the handsome youth was an orphan living with a distant relative and had early been left alone with just sufficient means to bring him to manhood and educate him seth peyton had been kept at school thus far through the greatest exertions of his hard working father his mother had died in early childhood and an aunt had taken his mother s place but alas bad never filled it edwin had been reading from a magazine as they slowly sauntered along and they were now discussing the subject matter you see edwin was saying that our richest and most successful men were once poor boys there is as much chance for us as there was for them i doubt that edwin said seth in his usual deliberate manner of speaking the circumstances are all different from those of thirty and forty years ago then there was a vast rich uninhabited country before them and strength energy and ability were wanted we seem to be crowding each other to day oh the best always win i mean to devote myself to becoming successful and rich declared edwin with a little assertive swagger then you will make a poor companion to seth and me laughed may and will be forced to drop you don t begin too soon i believe it is a poor use to make of one s powers hesitatingly said seth intending to say more but edwin broke in with what to devote one s self to being successful our journals our teachers our books are always pointing us to such shining examples as carnegie rockefeller wannamaker etc and telling us to emulate them what better can we do we might strive for success in a better field gaining money is not all there is to strive for you remember agassiz said that he had not time to make money to day quoth may i was looking through a book of prominent people people who were renowned and loved throughout the world for some greatness and there was scarcely a rr illionarire among them some one is down there by the brook exclaimed edwin peering through the leaves 1 know it is ben adams the tramp philosopher as they call him you know he never stays in one place lon® at a time and he won t work more two or three days consecutively biw he keeps himself clean and he knows more than all our faculty together that is of a quaint natural sensible sort of wisdom he always has his pockets full of pamphlets and poetry and his hat full of books let s go and talk to him and see what he will have to say on this subject they hastened toward the brook and found the man sitting on the bank eating a piece of bread with a cup of cold water at his side and an open book on his knees he was short and stout rather past middle age with a good ronnd head covered with iron grav hair a smooth sunburned face and deep kindly gray eyes harboring a twinkle of fun in their depths the boys threw themselves on the bank beside him and may seated herself in an old grapevine swing near by which had long been her favorite seat what do you think of aims and objects ben queried edwin before the ordinary greetings were fairly over isn t it a fine thing to start out in life with the determination to succeed to gain wealth and power to succeed to become rich or to gain power either both they all mean the same thing pretty much don t they well i ve heard of successful men and women who died poor i ve heard of wealthy men who died rich and their lives were bout as near failures as you could figure out it depends on tne way you look at it i want to become rich powerful and great isn t that a laudable wish it costs a lot to reach that point sometimes oh of course it costs perseverence energy and constant effort and all that i know it often costs more honor integrity your innate sense of justice kindness of heart richness of spirit happiness and much else now ben that is a little too much like ranting you know there are rich men who are generous and good and know how to enjoy themselves you ask them and they will tell you that their wealth has cost them too much you talk as though men could not gain riches without being dishonest or hard and cruel to others well in my judgment a man can t accumulate a great pile of wealth and be just i know the world generally considers that if a man never break a statute law and never fails to put a legal stamp on all his acts he is strictly honest and gets no more than actually belongs to him but you can rob your brother and keep the laws at the same time once men could work to death flog kill sell human beings and still keep the law you know that the earth with all it contains is the foundation of all wealth that it was given to us all alike no man can make more of it or take away any of it and every man should have an equal chance to man should have an equal chance to get at it the next thing we need toward creating wealth is labor you will say having just come from studying the dismal science that next comes capital but that is only stored up labor after all a rich man s power comes from his ability to control such a vast amount of labor s products houses ships railroads warehouses full of beautiful goods or by owning nearly all of god s green earth all the things that human beings must use or die if his wealth is all in money it amounts to the same thing he can purchase all these things a rich man cannot return an equivalent for all he claims why an honest rich man returns an equivalent in his brain work his executive ability etc edwin answered knowingly his brain work consists of planning how to control as much of the world s wealth as possible not how to produce it and a superintendent with a salary does his organizing and constructive work may who was getting a little bored with this dull talk instead of the jokes and anecdotes with which ben usually regaled them exclaimed why we can t all go back to the days wtien they simply made things and traded them with one another and went without when they couldn t tradeof course we must have rich men my father says that wealthy men are a godsend to the society around them j but wouldn t the people around i them be better off if each had all he had ever created or an equivalent for it and there were no rich men at all ben said as mildly as he could for he was glad to include the young girl in the conversation no the workers would not know how to use it why is it that a man who owns millions should be considered able to make good use of it while the poor working man isn t supposed to know i how to use his few dollars but your other question touched upon a point that some of our best writers are advocating the going back to primitive simplicity as a solution of society s complicated problems carpenter thoi reau and others they believe that men would be happier with fewer luxuries and that each could in reality create for himself all that he actually needs how absurd edwin broke in impetuously it merely shirking the responsibility of society s troubles because they are too hard to bother with it is evading the question doing without things rather than trying a little more to get them i want handsome carpets silken curtains beautiful pictures fine horses and carriages the best i of books and are you willing to do all the work that goes to create these desirable things edwin was silenced for a moment and seth who had been very quiet up to this time said seriously i believe you would edwin i believe every human being who has health strength and ability would if we could perform work we liked not too many hours a day and knew we could get the worth of our efforts in anything we liked we would take delight in it you could not hurt us boys more than to shut us up in an empty room and command us to be idle idleness is not natural their tramp friend look so gratified that edwin noticed it and laughed why here before you is a contradiction of your ideas seth ben wouldn t work steadily if ne knew he would be made wealthy by it in a year or so ben how is it that you are so contented with your lot  if you call me idle you are a poor judge i am simply free i earn all i eat drink and wear and as to other needs nature and nature s best authors furnish me them recreation development culture why should i go back to civilization and ask it to make a slave of me the wage worker gets less than i and lacks entirely what 1 prize most of all leisure fresh air and liberty the noon whistles from the town pierced the air and the young people called out cheery good bys and hastened away toward their homes queer genius said edwin hurrying along he says the oddest things they call him the crazy tramp socialist i heard a couple of men speaking of him the other night they said he was a good natured man and worth saving from his vagabondish habits he corrupts the morals of our young men one of them said and both were in favor of sending some good teachers to educate him out of his queer notions he would like nothing better i doubt if either of these men ever read such books as old ben carries around in his hat all the time spencer s sociology carpenter s toward democracy george s progress and poverty etc he would certainly enjoy to be educated by them and seth laughed quietly the holiday time of these young people soon came to an end they separated unknowing when or where or under what circumstances they would meet again edwin departed first to go to a large city hoping to get started in some business no matter in how low a capacity for that was the way of his many illustrious examples seth hoping to always keep some leisure to himself for study engaged a school in a distant part of the state and he too left his native town may might have remained at home but she loved independence and went away to learn stenography with the expectation of earning her living at that j twenty years passed away before the three schoolmates met again may and 1 seth had occasionally seen one ani other and indeed at one time it was thought that the two would become dearer than friends to each other seth loved her indeed he never had any love but her but he never reacehed a position that he thought justified him in making her his wife he had commenced teaching as a sort of makeshift to fill out the time when he should get into something else but that time seemed never to come one term followed another because he had got into the groove and nothing else seemed to offer he had literary hopes many of his sketches and poems were little gems of sweet feeling and sentiment but they were not of the sort that practical editors will pay for his work wore on him he grew weak and a troublesome cough clung to him after fifteen years he found himself a confirmed invalid and of course then all thought of asking may to be his wife was cast aside may irving who had long been an important factor in her father s store once in a long time went to visit him as she might have visited a sick brother at last the question of living was a matter of a few weeks or at most months seth s thoughts went back persistently to his early friend edwin and he believed that if he could only see him once before he had to go death would be easier he came back to his native town for those last few weeks and may was often with him may had never married but when teased about it had usually answered laughingly that the right man had never asked her but it became necessary to find edwin tracy if seth s peace of mind during his last days was to be considered no one knew anything about him not even his relatives who had kept him through his boyhood he had written to no one for many years he has gone away and got rich said his foster father he was always talking about it and of course he is too big feeling to notice his own relations now many concluded to advertise for him though she disliked the publicity it seemed all there was left to do and as the long days dragged by may comforted seth by assuring him that at last edwin would come she had some misgivings as to whether a rich man absorbed in business would take the trouble to come to see a poor obscure old school friend but she did not hesitate on that account if she could only let him know in this way that seth longed so much to see him the responsibility must rest with hint the days went by and still no tidings came of edwin seth was sinking growing weaker each day clinging to may as his one hold on life and daily asking for tracy it may be possible he said one day that edwin has changed so much as not to care to take the trouble to come and see me he may be very busy and it may be that he cannot leave at all we can scarcely understand the circumstances of a wealthy man you know i can scarcely imagine edwin coming to our humble door looking so prosperous so handsome and well dressed as he is sure to be yet i am quite sure that he will come he was always so generous so kindhearted one day the front gate opened and a shabby disconsolate looking man hesitatingly entered and slowly shuffled up the walk he was poorly dressed and had the appearance of having been beaten in the battle of life as completely that he had lost all confidence in himself may was there and happened to be looking out of the window she noticed the man but slightly only hoping that he would not disturb seth presently she heard seth s aunt at the door and some one spoke in a low tone then the room door opened the man she had seen stood there with his old slouch hat in his hands shame facedly scarcely venturing to raise his eyes to her s she waited for him to speak a more attentive glance and she noticed one or tw familiar features an air a motion that once she had known so well trembling and uncertain she approached him and asked is this edwin tracy i am edwin tracy i do not blame you if you have no welcome for my coming as i do weary worn discouraged and poor but l have answered a summons that has but lately reached me i am glad glad to see you you have not come as we expected but perhaps it is all the better you remember seth he is sick dying we fear and he has been constantly calling for you he says he can go easier if he can have you by his side once more the tears filled the eyes of this lonely worn man he was incredulous that anywhere in the world any one could long for him and that any one should speak so kindly to him yet here was may clasping his roughened hand with both her own and smiling delightedly in his face the greeting was over at last their agitation somewhat quieted and may and edwin sat on either side of seth s bed looking into his glad face and hoping after all that he might begin to recover tell us all about it old chap said seth heartily i was afraid that you would come driving up in a gorgeous coach and four and overwhelm us with you grandeur but i knew you would come but how has it been with you what unfortunate turning did you make that you missed the goal you were aiming for not that it matters now old friend i scarcely know how to tell you the story of my failures i can hardly see myself where i have been to biame but it only seems this way to me as old ben adams said it costs toomuch to succeed i could not pay the pircej i knew it murmured seth you were not made of that kind of stuff when i left here i did not secure a position as soon as i had hoped when i finally got into a grocery store kept by a miserly man whose whole being was absorbed in money getting i became disgusted with the spirit he showed and almost made up my mind then to give up the idea of getting rich i could not do the things i was ordered to do and very soon left i served next in a commission house and the stories i could tell you of that business would make a chapter by itself i did not remain long in it and wandered about a long time before i was placed again i tried canvassing on commission selling things to people who did not want them i could not force the money out of poor people s pocket books as a successful agent must i could not make a boor of myself and push my way into people s houses and to their desks in spite of cold looks and words i finally had to conclude that i did not belong in trade i found work in a factory at poor wages and toiled there like a slave at drudgery that is horrible w ith monotony and tediousness once i was offered a chance to improve my condition by playing spy on my fellow workmen but i refused and my position was made unbearable from that moment i managed once by the help of a friend i made a few here and there to get into an office as assistant bookkeeper i went into it with renewed courage and determination to earn my living and in time do more than that i know that i was quick willing careful and in earnest i should have been according to one literarv light sought after like an angel of light but i wasn was treated like a drudge and a slave not as a fairly decent fairly educated young man i was never called by name i was summoned with a bell i was spoken to as one orders a dog about i corrected my employer s mistakes and if one of his slipped through my notice i was berated for it as though it were my own i was sent on errands and i took pains jto hasten with all my might yet i was only scowled at when i returned my employer was absent minded and often blundered at his work his clerks must ever be on their guard to correct them yet must appear as though they never noticed i tell you truly that my desire to become rich could not overbalance my sense of injustice and my resentment at being treated like anything but a respectable young american i threw up that position and wandered unhappily about i for a long time i worked in a logging camp for a long year and was very sick afterward i have gone from one hardship to another i do not seem to got ahead at anything i have never gained a cent dishonestly or lied or overreached any one i have not been a drunkard i could do the things that in every branch i have tried i was expected to do i have tried a little to live old ben s life but do not get along as he did i am ready to wish i was where you are this minute seth there was a pause of silence and of tears there was much more to tell but this constitutes ah e story tracy staid with seth until he died and after recruiting his strength went out to the farmers for work it was hard and the early and late hours with the insufficient pay seemed poor use to make of a bright able man but he said it looked to him the only occupation that man could follow and be honest and true to himself the employees of the railway at port huron mich have raised a fund of $3 000 to establish a co opera tive store where they can purchase the things they need at lower prices the action of the merchants and manufac turers association forced them to take 1 this action i the british tobacco company a branch of the american trust has been registered and will acquire ogden s limited the big british tobacco concern the subscribers included duke fuller and harris of the american tobacco ompany  ++♦♦4 asthma cure free asthmalene brings instant relief and permanent cure in all cases sent absolutely free on receipt of postal there is nothing like asthmalene it brings instant relief even in the worst cases it cures when all else fails the rev wells of villa ridge 111 says your trial bottle of asthmalene received in good condition i cannot tell you how thankful i feel for the good derived from it i was a slave chained with putrid sore throat and asthma for ten years i despaired of ever being cured i saw your advertisement for the cure of this dreadful and tormenting disease asthma and thought you had overspoken yourselves but resolved to give it a trial to my astonishment the trial acted like a charm seqd me a full size bottle we want to send to every sufferer a trial treatment of asthmalene similar to the one that cured mr wells we ll send it by mail postpaid absolutely free of charge to any sufferer who will write for it even on a postal never mind i though you are despairing however bad your case asthmalene will relieve and j cure he worse your case the more glad we are to send it do not delay t write nt once addressing dr taft bros medicine fo 79 ewt 130th l st city sold by all druggists fe to rofi ten yeans i 01 4444a444441 +44 hm4m44++444 ten dollar suits and overcoats that satisfy even at this low price we will show you all wool garments cut and made up in a manner that a few years ago was not deemed possible in ready to wear clothing if you should pay $15 00 you could not get better fitting or better wearing garments they are the best suits and overcoats for men that can be produced for ten dollars come in and see this new winter stock of ten dollar suits and overcoats try on the garments buy a suit and take it home where your wife can carefully examine the fabrics and workmanship if not satisfied with your bargain when you arrive home return the garments at once and get your money back callfocrvja l amp rscslan cric ja ora rvdcm slorc 825 to 855 market st ,0,0.7673192527591965
by clarkethe untimely death of melvin a traylor president of one of chicago s largest banks who rose from a childhood in a log cabin on a kentucky hillside removes from american finance one of its most picturesque and independently minded figures he was the oldest of seven children traylor was outspoken he hit with a punch and expressed himself in pithy sentences and keen edged thoughts that indicated neither fear or favor lie had a pleasant and engaging personality but an individuality that kept him rooted to precepts learned in the hard days of childhood and as a struggling bank clerk in texas traylor might easily have been a banker of orthodox conservatism for he followed in the footsteps and assumed the task of the late james a forgan as president of chicago s first national bank forgan ruled with an austere hand in days when ruthless individualism was the heart and soul of american business and industry helped unpaid teachers but traylor was of different material beneath his calm exterior of banker there was a warm glow of human understanding w hen chicago school teachers pavless for months and in destitution appealed to him to assist them in obtaining back salaries he remembered the days when he was a school teacher on leatherwood creek in the kentucky mountains and called in the bankers and arranged for acceptance of more of chicago s doubtful and depreciated tax anticipation warrants so the teachers would have money naturally conservative in his financial thought he nevertheless struck out with a ferocity that amazed his hearers at the speculative practices and stock market methods of the hey dey prior to 1929 when speaking before the international chamber of commerce in washington in 1931 he said then i urge consideration of the complete abolishment of so called floor trading which as i am informed has about it most of the characteristics of plain crapshooting and few if any more redeeming features of that delightful ethiopian pastime speech is scathing indictment it was a ringing speech a speech of savage attack and denunciation of practices and methods which he said had plunged the nation into depression and brought about the condition that was plunging the country into one of its direct calamities bankers and industrialists sat in dismay and amazement as they listened to his strictures a scathing and terriffic indictment which was later borne out and vindicated in the startling disclosures of the senate committee on banking and currency coming to a climax in the testimony of wiggin dillon and morgan and still in progress the air around the united states chamber of commerce was frigid for traylor after that speech those who had scowled as his booming voice intoned its indictment of high finance as practiced in high places turned a shoulder in his direction afterward previously he had been active in chamber affairs and on chamber committees but he did not again figure in any of its affairs of modern school report was that president roosevelt wanted traylor for either his director of the budget or comptroller of currency but he resisted the call to remain in his chosen field as a banker he was distinctly of the modern school of banker and keenly alive to the problems and difficulties that beset the banking conditions of the country ,0,0.806788656810208
wage increaseslarge increases in profits are reported by companies in practically all lines of business i hese increases are accompanied by larger dividends for millions of stockholders in the month of july 880 corporations voted dividends aggregating $261 774 887 compared with $294 880 158 declared the preceding month by 1 350 corporations and with $172 504 763 by 785 corporations in july 1935 during the month 89 corporations voted extra dividends 58 corporations voted increased dividends and 60 corporations made heavy payments on back dividends which accrued during the depression although the corporations are exhibiting definite liberality in dividends for stockholders most of them hestitate to raise the wages of their employees whose labor is the source from which increased profits flow business conditions point to continued increase in profits 1 he workers should see to it that a considerable portion of this enlarged business prosperity is reflected in increased wages ,0,0.7935380477709894
railroaders get increase in wagesemployes of the pittsburg amp lake erie railway company have been notified that their wages will be increased at once to correspond with the increase granted by the new york central system lines east of buffalo this will affect about 7 000 men and means practically a raise of six per cent over present wages the,0,0.7045339840536033
tolstoy s labor day sermon his economic creed a theme ls he right or wrongcincinnati 0 sept 3 at the vine street congregational church the pastor herbert s bigelow spoke of tolstoy s latest utterance on the labor question mr bigelow said in part to the festivities of labor day the reflective mind sees two sides for those who work play is a necessity one must rejoice with faust in labor s holiday front the low dark rooms scarce habitable from the bonds of work from trade s restriction front the pressing weight of roof and gable from the narrow crushing streets and alleys from the churches solemn and reverend night all come forth to the cheerful light yet wagner was not without a shadow of right when he answered faust this fiddling shouting ten pin rolling i hate these noises of the throng they rave as satan were their sports controlling and call it mirth and call it song one may have pity but no respect for those who with chains upon their wrists can be altogether light heart ed and given to mirth as in the songs of those captives of babylon the rejoicings of labor may well be pitched in minor key for with the gaiety of labor day should he re membered the rights and wrongs of those who toil department of church and labor this function of labor day is recognized by the presbyterian church which has established the department of church and labor and proposes according to report to devote a labor day sunday to a discussion of the labor problem fancy the good these sermons and labor day orations might do if they were to go to the heart of the problem suppose for instance that every communicant of and organized religion could be induced to honetly and earnestly seek an answer to this question is tolstoy s analysis of tile labor problem right or wrongtolstoy s economic creed in the london times of august 1 tolstoy set forth his economic creed his ripe conclusions merit the respectful consideration of the world in this letter he says the fundamental evil front which the russian people as well as the people of europe and america are suffering is the fact that the majority of the people are deprived of the indisputable natural right of every man to use a portion of the land on which he was born he declares that the political workers of europe and america occupy themselves with anything save the one thing without which there cannot be any true improvement in the condition of the working people the reestablishment of the infringed right of all men to the use of the land as for the way to establish this right he says the method of solving the land problem has been elaborated by henry george to such a degree of perfection that under tjie existing state organization and compulsory taxation it is impossible to invent any other better more just practical and peaceful solution a theme for labor day until this basic principle is recognized all other reforms proposed would form only the most insignificant drop in the ocean of human want and the preachers and the labor day orators who discuss the rights and wrongs of labor without recognizing the vital importance of this land question are says tolstoy like a man who whilst trying to help a horse stuck in the bog sits in the cart and transfers from one place to another the load which is in the cart imagining that he can thus help matters here then is a theme for labor day tolstoy is he right or wrong  don t know her why she lives in the same square with you yes but shes not in the same circle bess jack and bertha went out to see mabel s grave yesterday tess oh dear just before she became ill she told him she was 22 and 27 is the age carved on the stone mrs browne fronte we have breakfast at 9 bridget new girl not particular about the hour mum as long as you call me before it gets cold do not believe that all greatness and heroism are in the past learn to discover princes prophets heroes and saints among the people about you be assured they are there when a man gets his just deserts it is hard for the neighbors to be sorry for him even though they want to ,0,0.6946538534666133
license renewal time ends january 15motorists who have not yet renewed car registration for 1932 and obtained new plates are urged to do so without further delay in a statement by the california state automobile association the renewal period will expire at midnight on january 15 thereafter those who drive with 1931 plates still on their cars will be subject to citation prompt attention to the duty of securing 1932 plates it is pointed out will spare motorists the inconvenience of the usual last minute rush with its crowds and loss of time waiting in line thirty three offices of the automobile association in northern and central california are issuing plates to members the department of motor vehicles is handling plate issuance at offices in sacramento san francisco oakland fresno and san jose with the sacramento office receiving applications by mail ,0,0.7484332810639669
butchers union no 115butchers union no 115 has rented the hall at 310 o farrell street for its headquarters the new quarters will be occupied about august 15th a monthly working button has been adopted for the members of butchers union no 115 to commence with the month of july all members are required to wear this button in plain view when at work members of unions and our friends are requested to insist that they be waited on by butchers wearing this button also insist that the butcher getting your orders and delivering meat at your home wears this button the color of the button will be changed every month the button for august is green ten dollars were donated to the locked out stablemen and hackmen notice to members don t forget to ask for your monthly working button when paying dues no extra charge is made for it beginning with august nth joint meetings will be held of all branches on the second and fourth thursday of each month at 8 o clock sharp at which all general business of the union will come up for consideration beginning with august 18th all thursday evening meetings will be held at 310 o farrell street at 8 o clock and beginning with september 6th all tuesday evening meetings will be held at myrtle hall 512 railroad avenue at 8 o clock p tn branch no 4 cattle butchers will meet tuesday august 2d at 7 30 o clock branch no 2 sausage makers will meet on thursday august 4th at 8 o clock herman may secretary,0,0.8225409410400567
building trades directorystate building trade council headquarters general president and general secretary treasurer 810 merchants national bank bldg phone douglas 2140 building trades council headquarters building trades temple phones market 1806 1807 meets every thursday evening brotherhood hall temple guerrero and fourteenth sts executive board of building trades council meets every tuesday evening unity hall labor temple district council of carpenters meets every wednesday evening harmony hall temple district council of painters meets every wednesday liberty hall temple district council of cement workers meets second and fourth sundays temple district council of amalgamated society of carpenters and joiners of america meets alternate mondays temple amalgamated sheet metal workers no 104 meets friday evening at its hall 224 guerrero st building material teamsters no 216 meets every saturday evening at brotherhood hall temple bricklayers union no 7 meets every tuesday night at friendship hall temple bridge and structural ironworkers no 31 meets second and fourth wednesdays temple carpenters union no 22 meets every friday brotherhood hall temple financial secretary s office temple carpenters union no 34 meets every friday evening at their headquarters 457 bryant st carpenters no 95 meets every monday evening 1524 powell st carpenters no 304 meets every monday evening 112 valencia st carpenters union no 483 meets monday evenings carpenters hall 112 valencia st carpenters union no 1082 meets tuesday evenings carpenters hall 112 valencia st carpenters no 1689 meets every thursday evening 112 valencia st carpenters no 2554 meets alternate fridays friendship hall temple carpenters no 2555 meets alternate fridays friendship hall temple f carpenters no 2558 meets alternate mondays friendship hall temple carpet workers no 1 of san francisco meets first and third tuesdays in progress hall temple casters and model makers union no 460 meets second and fourth tuesdays eureka hall temple cement finishers union local no 580 meets first and third wednesdays california hall temple cement workers union no 310 meets second and fourth mondays harmony hall temple electrical workers local no 6 meets every wednesday brotherhood hall temple elevator constructors no b meets first and third friday evening harmony hall temple felt and composition roofers no 40 meets first and third monday evenings liberty hall temple furniture handlers no i meets second and fourth fridays progress hall temple granite cutters meets second and fourth tuesdays progress hall temple heat frost general insulators and asbestos workers no 16 meets first and third wednesdays veterans hall duboce ave near fillmore hoisting engineers no 59 meets mondays progress hall temple housesmiths no 78 meets second and fourth wednesdays prosperity hall temple international hod carriers building and common laborers union no 36 meets first and third mondays harmony hall temple journeymen stone cutters meets in temple mantel grate and tile setters helpers meets first and third thursdays tiv hall albion ave marble finishers and bedrubbert no 9 meets first and third wednesdays eureka hall temple marble workers no 375 meets first and third mondays eureka hall temple marble masons union no 25 meets first and third wednesdays progress hall temple millmen s union no 42 meets every tuesday evening brotherhood hall temple millwrights union no 766 meets first and third fridays progress hall temple modelers and sculptors no 455 meets first and third tuesdays eureka hall temple mosaic and terrazzo workers meets in temple painters paperhangers and decorators of america local noi 19 meets every monday brotherhood hall temple painters paperhangers and decorators of america local no 72 meets friday 112 valencia st painters paperhangers and decorators of america local no 658 meet first and third thursdays 1524 powell st plasterers union no 66 meets second and fourth monday prosperity hall temple plasterers apprentices meets thursday temple plumbers no 442 meets every friday evening prosperity hall temple sign scenic and pictorial painters no 510 meets every friday evening liberty hall temple slate and tile roofers no b meets second and fourth tuesdays of each month at examiner hall temple sprinkler fitters local no 663 meets second and fourth mondays liberty hall temple steam engineers no 64 meets tuesdays friendship hall temple steam fitters no 509 meets first and third tuesdays liberty hall temple tile setters no 19 meets first and third fridays eureka hall temple united laborers no i meets every tuesday evening california hall temple united glass workers no 696 meets every friday evening california hall temple upholsterers and trimmers union no 3 meets in progress hall temple second and fourth wednesday evenings upholsterers and trimmers union no 28 meets every tuesday evening san francisco labor council 16th and capp sts vamishers and polishers union no 134 meets every tuesday evening harmony hall temple san francisco wood carvers union meets second and fourth fridays eureka hall temple wood wire and metal lathers no 65 meets first and third wednesdays 224 guerrero stmake this your slogan don t dance to scab music an injury to one is the concern of all ä union musicians ^ we must help each other musicians union no 6 68 haight street san francisco phone park 85 good overalls i ll say so i so says the man who does hard work to whom cheap overalls would bean expensive proposition he buys and wears boss of the road overalls because he has found that no other overalls give him so much value so much comfort so much durability for his money look for the bulldog on the label he s your protection neustadter bros manufacturers san francisco portland 6 of the union made eralls tel market 2813 hours 1 to 7 flewitt chiropractor 1751 market st cor valencia spinal adjustments nervous and chronic diseases rheumatism sciatica lumbago neuritis gout etc when all else fails try chiropractic for references ask your delegate $l oo a week buys new clothes for all the family miss flow we sm p op ft style good good clothes clothes on credit credit mission corner 22nd without good eyesight every human activity is handicapped when your eyes need the attention of an optical expert be sure you consult george mayerle the exclusive eyesight specialist 27 years in san francisco 960 market street between mason and taylor mayerle a eyewater a marvelous eye tonic for children or adults at druggists 55 cents by mail 70 cents everybody goes wheae the crowd goes where to hoyt s mlealon street at 22nd market street at 7th fillmore street at geary hoyt s doughnuts and coffee 3 stores all union kelly at stores the kelly shops men s hats 2670 mission st 96 third st 3051 sixteenth stsmoke only union made ssssaesspikssse unioo made clears ~ a3^ 23l wa blue label cigars the oyster loaf restaurant and grill open all night 51 61 eddy street the workingman s big low rent furniture store where dependable home furnishings are sold at the lowest prices on the easiest terms ten floors of good furniture from which to choose free renting bureau with lists of good flats and apartments you are welcome whether looking or buving 1an invitation we invite deposit from every onerich poor old and young we recogikze no classes but treat large end small depositors with the same courtesy and consideration humboldt savings bank 783 market street near pourth san francisco your best friend when in trouble or the time comes when you wish to engage in business there is no better friend you can turn to than a bank book start one now and allow us to add 49i gt interest every six months to your deposits italian american bank sacramento and montgomery sts san francisco calif branch coiumbus ave and broadway st established in 1899 member of federal reserve system hone kearny 111 fischer amp co engraved business card engraved steel embossed i etterheade engraved wedding announcement 4tl bush street san francleco cal patronize this paper s advertisers price foremen 715 market btreet above third street san francisco phone kearny ml 7 jewelers watchmakers opticians all watch repairing guaranteed the price of every article marker in plain figure stora opena at s 00 and cloaaa at saturday included6,0,0.7439384297020151
this item probably won t bother him another who is making this salary is pamala n bailey a new assistant secretary for public affairs at the department of health and social serlaborers international union of north america afl cio the report lt gt l 261 george ando secretary treasurer george evankovich business manager and editor in chief for local 261 nno nt an 3271 18th street san francisco calif 94110 telephone 415 826 4550 all official onnouncf moots mill appear in this publication vices ms bailey s prime concern is that the government not be required to make higher reimbursements to hospitals for medicine and medicare strangely enough in her former job with the american hospital supply her attitude was just the opposite in that position she so badattend every member is expected to attend the regular membership meeting of the local union a union can only function effectively if its members are in active support of the principles of trade unionism the union is only the collective will of its members local 261 meets every 4th friday of each month at 8 00 at the union auditorium 3271 18th st san francisco unless otherwise notified by membership action attend george evankovich business manager ly wanted uncle sam to support her company that she avoided dealing with health and human services and worked through congress to avoid the law in addition her corporation which provides drugs and,0,0.8159662938147733
want right of publicityolympia wash trade unionists in this state are endeavoring to secure through the referendum the repeal of a so called anti picket ing law passed by the last legislature legislative agent hughes of the state federation of labor says the law prohibits the use of newspapers by strikers and that the very things that this bill says working men cannot do the national law says the workers may do under the labor sections of the clayton law,0,0.5106657647041618
national health insurance is key campaign issuewashington rising public demand for comprehensive national health insurance is drawing more support to it than ever in congress and is making it a key issue in the presidential campaign afl cio social security director bert seidman declared pointing out that more senators and congressmen have joined in sponsoring the oorman kennedy national health security bill than in any previous session seidman said that congressional leaders feel considerable pressure to pass a national health insurance bill before the session adjourns slight chance he said chances that such a program will be adopted this year are slight but the degree of interest shown in the current political campaign is strong evidence that final resolution of the issue is not far off seidman said that there is a sharp difference on the issue between the republican and democratic presidential candidates he said that neither ronald reagan nor president ford have offered a plan not even a phony health insurance bill let alone a genuine program of national health insurance but that all of the democratic candidates except for george wallce and jimmy carter who hasn t decided what kind of bill he would support have come out for the health security bill supported by the afl cio costs skyrocketing total health care costs last year were $llb billion 8 3 percent of the gross national product and are still rising about twice as fast as other costs he pointed out ,0,0.7919531516561169
by bus rep carl sundahlpensions i want to repeat for the information of our older members if you are 60 years or ot older and are not working at the trade and wish to draw your pension get in touch with allied trust fund administration tile layers pension plan 513 valencia san francisco 10 here is the important point if you have applied for your pension your benefiicary is protected if you should die even before the first check is mailed if you should die before applying for the pension no payments will be made to anyone your pension plan pays 3 years payments as a minimum once a pension is approved even if the pensioner dies while the first month s check is in the mailbox the payments will go to the beneficiary the form you filled out a year and a half ago was not an application for pension it was a record of your tile setting career from 1944 to 1959 if you did not send in such a form write a letter to allied trust fund tile layers pension plan and ask for an opportunity to fill out such a form your credits for your pension years 1944 to 1959 are based upon the information you furnish on the past service form je job notes dennis merz and john zamira are finishing the maloney school in fremont duke pike has been working out a few new wrinkles for the job preparations on coinmercial jobs and the maloney school has been a testing ground walt nichols dick lemp and joe pepi fezzolari have also worked out on the maloney school the el camino high school in south san francisco is winding up with jimmy jones foreman and bob diedrichson george drews and ed anderholm as the last crews on the job the international bldg future home of american president lines has some novel features for tile layers many city office buildings have movable interior partitions so offices can be made larger or smaller byt the international building is the first 1 have seen with toilet rooms built so they can be made larger or smaller as the tenant s office crew gets larger or smaller the walls have metal slots 2 feet apart in which the partitions can be placed this way a large room can be divided into 2 rooms of varying sizes the walls are tiled with a tiled 3 4 ceramic recessed cove and base finishing a half inch back of the glazed wall above so the partitions when placed in the slots will fit right down to the floor sounds complicated but joe regis with roger weiss giving a hand has done a job so far that is looking like the pictures in the architect s head when he designed the deal steve beraldo was working on a new house in the marin bay project this is one of those fancy golf course tracts near mcnears beach and is going strong finally vince stewart slim sommerville and bob hill seen working residences around los altos explained the reason one builder s duplexes were selling so last along with their fine work the builders also build car garage which is a seller and was done to answer the buver whowanted to know 7 where he was to keep his boat everyone in the industry should talk up the new 7 fha loan program for remodeling older homes large loans on long terms and reasonable interest rates should start a lot of remodeling work this is a very big field for us ask your employer if he has sent in any builder information forms to the promotion fund he and his customers will receive free radio commercials if he will send in a little information this program is for the industry and will not work if the industry does not participate your employer can list any jobs he does they don t have to be show pieces je je fred armstrong was awarded the month s free dues aug 18 your turn will come sept 15 3008 16th st san francisco and i would like to see more turn out sept 12 ai the san jose meeting second wednesday ,0,0.8406524494877665
clear the waymen of thought fee nip and staring night amid lt åay sow and seed withdraw the curtain clear the way 11 men of action aid and cheer then® as ye may there fount about to stream there light afecut to beam there warmth about to glow there flower about to mow there midnight boadkmess changing into gray men of thought and mean ©ff actfikm clear the way once the wehoajmne light has brwfcem who shall say what the nmhnagnned glories of the day what the eefl that taall fesish in its tay aid the dawning toßagnne and pen aid it hopes of honest mem aid it paper aid it type aid it for the hour is ripe and orar earnest must not slacken into play men of thought and men ©f aettnom clear the way lo a doud s about to varnish from the day and a brazen wrong to cmsmlwe into clay lo the might s about to oomquer clear the way with the right shall many snore enter smiling at the door with the giant wrong shall fell many others great and small that for ages long hare held us for their prey mem off thought asod mess ©f actions clear the way charles mackav ,0,0.7732508418264852
by ralph k mitchell business agent amp rec sec carpel amp linoleum loeal 1235several months ago the members of local 1235 voted to install the time book system in the union we have had the books printed and the executive board recommended the procedure for enforcing this new system each working member of local 1235 will receive his time book by may 1 1959 and will keep an accurate record of his time from that date on the weekly time sheets will be turned in by aug 15 recording your time until the last of july from then on each member will turn in his time sheets to the union office for a three months period by the 15th day of the middle month of each quarter failure to comply with this new rule will result in a fine of $5 for each violation and if the member loses his time book he will be charged $1 for a new one the first one is free sister harriet smith called the office last week she is now living in reno she asked me to say hello to her many friends sister smith has a nerve condition that is only relieved when she lives in a warm dry climate she asked if she would be permitted to repair some burn holes in the carpet at the hotel where she lives needless to say permission was granted a dinner dance committee w as formed at the march 17 meeting so anyone having any ideas on where it should be held contact the office and the committee will be glad to check it out sk brother rivello and myself as union trustees of our pension plan attended a meeting held in oakland march 18 to select a bank as co trustee wells fargo bank was tentatively selected providing satisfactory arrangements can be made for transferring the funds from depository accounts in sacramento and oakland the office of local 1235 was selected as the main administrative office with branches in the offices of local 1237 sacramento and 1290 oakland this has been a long hard job getting this pension plan under way but in the long run it is better to move a bit slowly as fewer mistakes will be made believe me it has been a real education for brother liivello and myself to be the trustees of local 1235 on the pension plan ,0,0.815649620694152
venetian night water carnival newspaper men s day at the panama pacific international exposition san francisco saturday july 24carnival begins at 8 o clock in the lagoon fronting the fine arts palace direction of mr james f kewv 1 overture cassasa s rand 2 the golden gate glee club and mandolin club of berkeley in gondolas 3 chorus of two hundred voices pacific saengerbund mr schiller director 4 unveiling of the statue of mystery the goddess of song 5 miss mae josephine bennett the california psyche in plastic poses 6 sacchetti operatic singers tenor umberto sacchetti baritone michaele giovachini basso joseph florian soprano amelia vergeri mezzo soprano bernice holmes director louis rocha a sextette from lucia b quartette from rigoletto 7 boys glee club in gondolas 8 senor florencio constantino arias from grand opera 9 glee and mandolin clubs in gondolas 10 oriental dances by princesses athenia and amorita courtesy of mr george jabour mysterious orient 11 chorus of two hundred voices pacific saengerbund mr schiller director 12 glee and mandolin clubs in gondolas j 13 sacchetti operatic singers a miserere from ii trovafore b concertatto from martha 14 transformation scene from andrew l benson s california operatic fantasy the birth of the poppy cast of twenty artists supported bv the beethoven festival chorus mr josiah zuro director what is more pathetic than the unconscious possession of great power munger there are times when fortune begins but cannot complete her work balzac the thing in this world i am most afraid of is fear montaigne ^ £vtr ir ir r rnr trnrnr tr if r rnr r trnr ^uirnrnrtnrnrnrnrhrnrnry~irnrirtnr~tr~^,0,0.7427105043681806
divorce ratein the past ten years the rate of divorce has suffered from inflation along with the economy reports a survey taken in 1979 for every 1000 intact marriages in america last year there were 92 divorces as compared to 47 per 1000 in 1970 ,0,0.7547175782971287
favor straight scaleindianapolis the executive council of the international brotherhood of bookbinders has notified affiliates that it is a waste of time to submit sliding scales for its approval these unions are instructed to stand for flat wage scales danville 111 bookbinders union no 133 has established its first wage scale and incidentally raised wages $2 a week fort wayne ind a three year wage agreement has been secured by bookbinders union no 192 rates this year will be $22 a week for 1918 $23 and for 1919 $24 st joseph mo organized bookbinders have secured a one year agreement which calls for higher wages and improved working conditions,0,0.7028223020415054
local union news forty years ago compiled from the records of by sada e parishmartin bavage was named president of branch no 6 of the amalgamated society of carpenters and joiners 1 1 1 the bricklayers and tile setters were having a controversy as to who should place tile on the exterior of buildings after some weeks of debate the san francisco building trades council awarded the jurisdiction of such work to the tile setters local no 38 111 patrick e mcmenenee who supervised the construction of the custom house passed away 111 at the california fruit growers convention held in hanford resolutions were adopted favoring the admission of orientals on the same terms as laborers of all other races at another convention held in marysville similar resolutions were adopted by fruit growers bitterly opposed the importation of these orientals who replaced what white labor there was in the state one of the chief advocates for the abrogation of the asiatic exelusion law was the pacific mail steamship company 111 when the electrical workers union was organized in st louis in 1891 wages ranged from $2 to $2 25 per day from sun up to sun down in 1908 over fifty thousand electrical workers were receiving from $3 to $5 per day for eight hours work iii a contract was awarded the firm of couchot amp thurston for the construction of a s4o xx brick building at the corner of sutter and grant avenue for the phoenix realty company iii a contract was awarded maurice for construction of a onestory combination freight and passenger depot in oakland for the western pacific railroad co at a cost of $10 750 iii osgood beat william a best by a majority of one vote for the presidency of cement workers local union no 1 iii sergeant jesse b cook was appointed chief of police of the city and county of san francisco iii during an examination for the san francisco police force a candidate was asked what the distance was between san francisco and new york city and replied that if that was to be his beat he did not think he wanted to join the force iii forty years ago hales advertised men s silk ties 18 cents each and men s fancy stiff bosomed dress shirts with detachable cuffs 75 cents each ,0,0.6657699763982019
the following advertisers in the mission district deserve your patronage herman s hats union made 2386 mission street at twentiethq ran af tbroqt^manu scturinf jtwtlrrf j 2244 mission strebt complete home furnishers on credit headquarter t for occidental stoves m si jm h reilly jai h reilly jr jas h reilly amp co funeral directors phone mission 0141 29th and dolores streets member of and official undertaker of typographical union 21 send your overalls to be cleaned by cavanaugh overall service 340 eleventh street san francisco california telephone market 0143 i amp comahpoji give time on el rnitiirei on of america s largest horn furnishing establishments last minute gifts for the home can be chosen here easily and conveniently on our new thrift terms we solve the budget problem to your advantage come in store open evenings until 9 until christmas eve pompeii macaroni factory inc manufacturers of high grade goods oakland branch 501 franklin st phone lakeside 1246 los angelas branch 105 court st 2987 89 folsom st near 26th phone mission 5744 san francisco phone market 6000 united states laundry 1148 harrison street san francisco the bank of california mission branch 16ih street and julian avbnub commercial savings safe deposit foreign exchangebuy union stamped shoes we ask all members of to purchase shoes bearing our union stamp on the sole inner sole or lining of the shoe we ask you not to buy any shoes unless you actually see this union stamp boot amp shoe workers union affiliated with tha american federation of labor 246 summer street boston mass dell general secretary tree urer john j mara general president workers uni amp unio fac 7 the correct new styles french 2623 mission street near 22nd2415 mission near 20th lowest prices end biggest values in dry goods furnishings groceries shoes and tobacco every sale backed by our iron clad money back guarantee itöw iv iw svftwmiv iwiwiw gt v gt vy 4m2,0,0.7815666170441106
brown re elected president of mwashington president harvey w brown and other members of the official family of the international association of machinists have been given an overwhelming vote of confidence in the shape of another four year term beginning july 1 their re election was revealed with the official announcement of results of a recent membership referendum brown was returned to office unopposed as was secretary treasurer eric peterson all seven incumbent vice presidents were also reelected by landslide majorities they are lyons for canada newman harry j carr hayes harley f nickerson roy n brown and earl melton,0,0.8604172646958099
a labor editor s epigramsthe following wise sayings are from the pen of fish the editor of the car worker some people are like those who ride backwards in a railway train they never see anything until after they have gone past it the man who thinks he can be more independent out of the union is j like the man who jumped in the river tc get out of the rain a railroad man who doesn t appreciate the benefits of organization is like a fish which doesn t know that water is wet in arithmetic ten times one makes ten in unionism ten times one make twenty and sometimes more the unorganized man doesn t count he is nothing when he ought to be something in fact he is an optical delusion,0,0.761684784933269
the new plan of securing a homemr editor this part of the salinas valley is all stirred up over a matter that i think would furnish some interesting reading for many of your subscribers about two months ago it was quietly announced down here that the arroyo seco ranch 000 acre tract of land lying between soledad and king city on the west side of the salinas river had been sold the first announcement made no particular impression as it was not known by the people here that there was any special change to be made in the use of the land in a very short time however it became known that almost the entire tract had already been disposed of to home seekers who were to commence coming on to the land just as soon as the title could be passed to them four thousand acres of the land is under a very fine system of irrigation and this part of the ranch has been taken in small tracts ranging from 2 to 20 acres the remainder of the ranch has been taken in tracts ranging from 10 to 100 acres the irrigation system belongs to these people and the part of the land that is now without water can easilly be supplied and the water they own is sufficient when properly developed for much more than the entire tract inquiry shows that there are many peculiar features to the plan by which this settlement of the people is being accomplished for instance the home seeker gets his land at just the price per acre that the company the california home extension association paid for it in a body plus an allotment fee of $lo each which it appears is all the company gets out of it this gives the home seeker his land at about one third of what he could have purchased a single small tract of such irrigated land for not only do these home seekers get their land at these low figures but they also count on a sudden and very great increase in the market value of their land as a result of such a large number of people coming on to the land almost at once again the association seems to understand that the land will have this great increase in value underthese circumstances and knowing that they are thus well secured they make payment s very easy where it is desired a town called clark city named after the author of this new method of handling land has been laid out in the midst of the tract it consists of about 1000 residence and business lots most of which are 50x150 feet and it is said that more than half of them are already sold these also are sold at cost plus the small allotment fee now i think your readers can see that this is something new under the sun and from the smiling faces of these newcomers one would think they were well satisfied with the way this new thing works the steamers touching at monterey bay and the trains from both north and south are bringing in these people to their new homes every day and clark city that is to be is the liveliest place in all this section it is said by these people that about all lines of business will be represented in this young city by the coming fall including a first national bank large amounts of live stock farming implements and household goods are being hauled to this new town from all the nearby railroad stations clark city for the present consists mainly of a large number of tents but the fifty or seventy five ablebodied workers that are there now with the many more that are reported to be on the way will change things very rapidly the association mentioned above has offices in the james mood building san francisco and in the chamber of commerce los angeles i hope their work may prove to be good and permanent subscriber ,0,0.6512959906212394
bills to protect jobless put by marks burtonstate afl cio sponsored legislation to protect california workers from the mushrooming energy crisis recession by increasing jobless benefits and extending their duration has been introduced in both houses of the legislature by state senator milton marks and assemblyman john l burton the bills would increase maximum unemployment benefits from $9o to $l2o a week sb 1555 and ab 2921 increase the number of weeks benefits are payable from 26 to 39 per year sb 1531 and ab 2922 and raise the $4200 ceiling on the amount of wages on which employers contribute to the inemployment insurance fund to finance the increased benefits sb 1554 and ab 2923 ,0,0.7557368129562867
misery hunger stalk over coal mine strike regionscranton pa used as the nation is to the perennial coal strikes in the anthracite regions of the east they are gradually awakening to the fact that this present protracted struggle is causing unprecedented suffering misery and poverty thousands of families destitute and entirely dependent upon outside agencies for their scant food bread and soup lines in every city and town social workers serving soup to children too weak to leave their desks in school hundreds of small stores going bankrupt parents undergoing malnutrition that their children may have a meager addition to their scant fare miners cottages being lost for non pay ments humble flivvers last summer the family pride surrendered to dealers and over all a dismal gloom of hopelessness regarding early settlement of the strike the strike began september i over 158 000 miners are idle ,0,0.7550989618549745
local union news forty years ago compiled from the records of by sada e parisha contract was awarded the american marble amp mosaic co in the sum of $7 500 for installation of all marble terrazzo and ceramic tile work in the ten story hewes building at sixth and market streets 1 1 1 the american can company were erecting a $50 000 factory and warehouse at nineteenth and harrison streets 111 thompson president of the california state federation of labor and fred fay organizer of the amalgamated street carmen s union of america were in san francisco trying to organize local street carmen 111 an automobile dealer amazed hundreds of local citizens by climbing the steep fillmore street hill in one of his cars 111 former president theodore roosevelt left on a big game hunting expedition to south africa 111 san francisco secured rights to proceed at once wfith construction of the hetch hetchy water system 111 mathews was awarded a $20 000 contract for construction of a carpenters union hall at twelfth and brush streets oakland 111 a contract was let by the harbor commission for the construction of the western pacific wharf 111 members of the pacific union club decided to erect a clubhouse on the flood property at mason and california streets also to construct a building on the old clubhouse site at post and stoctokn streets 111 the union trust co was putting up a $54 000 building at the intersection of o farrel grant avenue and market street iii in 1908 you could purchase top grade white house paint for 98 cents per gallon at merigan s paint store 1447 ellis street iii a city law was passed in 1908 banishing cows from the city limits except for a narrow district set apart for the handling of cattle to be slaughtered for beef iii france sent a gold medal to the city of san francisco commemorating the city s rapid restoration from the fire and earthquake of 1906 ,0,0.7777166140573935
formation of office workers and agricultural workers national councils planned by the of lwilliam green president of the american federation of labor announced that the federation plans the establishment of national councils covering white collar workers and agricultural and cannery workers so far there is no national of l organization of these two groups of workers they are organized either as federal labor unions or local trade unions directly affiliated with the american federation of labor mr green said the formation of councils each to include representatives of all locals loyal to the american federation of labor i would he the first step toward granting of l charters to both groups i it was regarded as probable that the office workers would set up their national council during the annual convention of the federation at denver in october the date for the agricultural and packing house workers meeting has not been set,0,0.8332553369355823
green hails american offensive as forerunner of second front calls on labor to increase production drive to aid armed forces of united statesamerican federation of labor president william green hailed the american invasion of north africa and the allied offensive in libya as the forerunner of a second front in europe addressing a mess meeting of 20 000 in madison square garden new york city mr green declared surely the momentum of the new offensive cannot and will not be permitted to end with the defeat of the axis armies on only one sector of the world s battlefronts i prefer to accept it as a battle just begun we do not know nor can we safely anticipate where or in what way this allied offensive will be extended and carried forward we must leave that to the military experts of the united nations who are planning their strategy on a world wide basis mr green who spoke at a meeting arranged by the congress of american soviet friendship also gave high praise to the stalwart defense of the russian armies on the eastern front he said hitler s day is done the heroic russian army has stopped him in his tracks for many long weeks the nazi forces have thrown all their military resources against stalingrad only to be checked and beaten back day after day by russia s gallant defenders stalingrad has become the verdun of this war its brave defenders have blocked hitler s advance and prevented him from carrying through his plans for world conquest the american federation of labor chief outlined the following program for american labor in support of our fighting forces american workers must do two things first they must make their voice heard and their influence felt in the administrative councils of our government labor wants to know the extent to which our government is discharging its obligation to our russian allies labor demands that aid to russia be real and vital not merely an unfulfilled promise secondly labor on its own part must become thoroughly conscious of its responsibilities and reach new heights of production it must firmly resolve that there shall not be a moment s interruption in war production for any cause for the duration each worker must be on his post of duty every day without fail the soldiers of production employed in war plants must serve as faithfully and gloriously as fighting men on the battlefields we know that amerocan labor and industry can produce the goods we insist that our government ship this equipment to russia in full measure it is our duty to see that this is done testifying to the imperative need for military aid to russia mr green said there is no escaping the fact that thus far russia has withstood with little help the main attack of the axis powers she has acquitted herself nobly despite the fact that many of her cities have been captured vast numbers of her people have been slaughtered and great natural resources seized by our fascist foes we must relieve the military pressure now concentrated against her we know that if russia is crushed that armed power which destroyed her can quickly be shifted to the west and massed as an insuperable barrier against a large scale allied offensive that is why military strategy and sound common sense both dictate the continuation and expansion of the new drive so auspiciously launched in north africa ,0,0.7299203155135502
stockton wage rates fixed by agreement exchange and unions ratify recommendation of conferencea wage scale for the building trades in the stockton area has been ratified by stockton builders exchange and the stockton building trades council establishing hours and rates of pay for all principal crafts for the period ending april 1 1937 the scale was adopted on recommendation of the joint conference board of twenty two equally representative of employers and employees which was established by the exchange and the group this year terms of the agreement provide that no strike shall be called except upon authority of the trades council and after the employer has failed to comply with a decision of the joint conference board following are the hours and hourly wage rates for the various crafts as approved hours l er wk per hr asbestos and stone 40 si x brick and stone masons 30 tile setters 40 1 12 cement finishers 40 1 12 carpenters 40 1 10 glaziers 40 iron workers structural 40 1 27 housesmiths 40 li 2 laborers common 44 6 2 1 concrete 44 87 li brick 30 loo plasterers 30 1 10 mixer operators 44 1 00 electricians 40 1 12 lathers 30 1 25 lathers piece work s6 ooper m painters 40 1 05 piledrivers and bridge and dock carpenters 40 1 33 plasterers 30 1 50 plumbers and steamfitters 40 i is ornamental iron workers outside 40 li 2 1 workers inside 40 90 roofers 40 loo roofer foreman 40 1 12 roofer kettleman 40 62 roofer laborer 40 62 millmen 40 93 millwrights 40 1 12 sheet metal workers 40 1 18 jj for the aims of my own career i want to promote the increase of natural knowledge and to forward the application of scientific methods of investigation to all problems of life in the conviction that there is no alleviation for the sufferings of mankind except veracity of thought and action and the resolute facing of the world as it is when the garment of make believe is stripped off thomas h huxley ,0,0.831600188990193
eye injuries from alkaliestha daily papers and magazines of the past two years at home and abroad have contained numerous instances of more or less serious injuries to the eyes from the explosion of the central rubber bags of some sorts of golf balls filled with strong solutions of alkalies popular attention being in this way drawn to the dangers from alkalies in golf balls it is well worth recalling the possibility of injuries to the eyes from other forms of alkalies a boy was busy whitewashing his father s fence when another boy came along and they began to talk together as boys will talk from talk it was not far to guying and sport then came pulling and hauling tn the final struggle for the control of the brush the friendly boy flapped the brush into the working boy s face in so abundant a fashion that the lime in the whitewash entered one of the eyes and injured it for life leaving a scar which neither medicine operation nor treatment can get rid of another injury recently reported is not so likely to happen to any boy a bov was so anxious to have his face clean and presentable at dinner that he made up a thick lather and then so completely enveloped his neck head and face with it that some entered the eves burning the eyeballs so that the boy was hardly able to see at all this boy is injured for life owing to his own thoughtlessness if he or his parents had attended any public health lectures on the care of the eyes they would have understood the risks of using strong alkalies near the eyes in any fashion from a statement of the redfepts and of our municipal railways for the month of august 1915 it is shown that the total receipts less transfer deductions was $234 154 59 and the expenditures $111 899 58 being an excess of $122 255 01 ,0,0.8109063912583905
the man who does thingsit is not the critic who counts not the man who points out how tlie strong man stumbles or where the doer of deeds could have done them better the credit belongs to the man who is actually in the arena whose face is marred by dust and sweat and blood who strives valiantly who errs and comes short again and again because there is no effort without error and shortcoming but who does actually strive to do the deeds who knows the great enthusiasm the great devotions who spends himself in a worthy cause who at the best knows in the end the triumph of high achievement and who at the worst if he fails at least fails while daring greatly so that his place shall never he with those cold and timid souls who know neither victory nor defeat ,0,0.7833564986278476
by connie wal ckit is openly admitted that the first state and federal regulations pertaining to working conditions and hours were won through an appeal to the male ego the laws pertained to women and children and were passed into being because it was felt that although men were perfectly capable of protecting themselves against the wiles of their employers women and children were not had the appeal not been made in this manner no laws would have been passed in 1908 when the first laws passed a early as 1852 but not enforceable until 1879 were found to be constitutional any law regulating hours and working conditions for all workers would have been considered a violation of the sacred right of contract interestingly enough this attitude has not changed as even today women are protected by laws regulating the hours they may work the weights they are required to lift and the conditions in which they work while men are not the civil rights act of 1961 calls for equal pay for equal work for women and for no discrimination in hiring based upon sex except in those cases where being male or female is a bona fide occupational qualification the passage of this law and attempts at its enforcement have produced some very interesting conflicts with earlier laws for the protection of women the cases some of the pacific telephone and telegraph company s male employees have beengetting more money than some women workers doing the same job according to department of labor suit filed in fresno august 7 the department is asking the court to order pacific telephone and telegraph not to violate the federal wage and hour law in future and pay back wages they claim a number of women line assigners are entitled to the so called equal pay provision of the federal wage and hour law is an amendment passed by congress in 1964 it says that men and women doing equal work must get equal pay,0,0.7007219922660999
inside briefspiledr vers 34 notice to members of local 34 you are invited to attend the next negotiating committee meeting to be icld on april 29 at 7 30 at 457 bryant street san francisco to offer any suggestions you may have in regard to the upcoming negotiations in o tr new agreement sheet metal 104 the welfare committee came up with these recommendations effective april 1 extended coverage to be increased from six to seven months estimated cost of the plan is $87 000 a year increase surgical benefits by about 16 2 3 per centestimated cost is $72 000 a year tilelayers 19 alan del la maggiore and wayne fitch both of local 19 san francisco took second and fifth place respectively in the tilelayers apprentice contest held in fresno april 10 della maggiore is from santa clara and fitch from pleasant hill electrical workers 6 new code classes are now in the process of starting and all inside wiremen who wish to attend may do so by registering with otto f weber 1850 mission street san francisco information on journeyman classes will gladly be givencement masons 580 the membership meetings of may it and june 8 will be special called meetings for nominations and elections for dele gates to the state conference and international convention negotiations will also be discussed the officers of local 580 are currently planning a charter celebration for may or june millmen 42 april 12 was the registration date for the journeyman upgrading class and at least 37 members at john o connell schools to sign up the classes have begun at san francisco city college on monday amp wednesday nights the signup was so great that the class was divided into two sections ,0,0.7889587350201974
fictitious values cause high rentswashington an organization of renters in this city has asked president coolidge for authority to use one of the parks with army tents and campaign equipment for the relief of 2000 tenants who are threatened with eviction by profiteering landlords a federal law is supposed to check these gougers but through court procedure they have made the act ineffective an investigation conducted by a senate committee last summer showed that properties in the nation s capital are mortgaged in excess of their values and the owners demand rentals on these fictitious figures thirty three apartments are mortgaged for an aggregate of $9 000 000 more than their sales prices figures in other cases show fictitious mortgages had encumbered properties from 13 to as high as 307 per cent above their sales prices interest on these debts based on false values are paid by tenants in high rents while the owners and the public press blame high wages for exorbitant rentals ,0,0.7229470309611157
comm the noons carpet amp linoleum local 1235 john l petrini business manageryou are again reminded that if you were disabled in 1967 and lost time from work you must file a disability certification form with the pension fund if you don t you stand to lose time that can be credited to you in order to get pension credits you must work so many hours per quarter and per year however when disabled and not working you can still be given credit as though worked health amp welfare department you should pay any shorthour notices keep yourself covered under the plan notice apprentice applications will be opened on friday december 22 betweeen the hours of 8 and 9 at 1066 valencia st applications will be opened on tuesday december 26 between the hours of 9 and 10 at 1712 corby avenue santa rosa at the labor center vacation amp holiday we have had many calls regarding the vacation and holiday fund many felt that they were not paid enough you are again reminded to keep a personal record of your vacation and holiday moneys if your deductions are listed on your payroll checks and when you cash it you no longer have a record of it take a notebook and mark down the deductions but please keep a personal record as a check against the fund it is very time consuming when the office must retrace your whole account we do not have the staff for this recapping starting the new year make a new year s resolution the officers business representatives and staff of the union and the various funds take this opportunity to wish you and yours a very merry christmas and prosperous new year ♦ ad carpet linoleum every member has received a copy of the new collective bargaining agreement in the mail with your meting notice read it follow it it is for your own protection and benefit br o harold smith still needs to replace eight pints of blood bro edward howe is now home from the hospital and he also must replace three pints of blood kindly help our brothers out by donating blood if you are able marin county bro geo brown informed me that grant s carpet service also known as deep steam is still doing work for the firms of casa marin the emporium and braverman s please do not patronize these firmskong s market groceries liquor beer wine gin fong 600 fillmore street 863 3344 san francisco 94117 park presidio bakery amp delicatessen specializing in ei r6p on and american delicacies mrs dora 444 clement st 752 0393 san francisco calif 94118 ideal sewing machine co 3006 mission 282 8898 son francisco 94110 p and s liquor store 3100 24th street phone 824 6431 san francisco 94110 mcdonald s book shop tuvia volanski magazines books amp records bought and sold 48 turk street 673 2235 san francisco 94102,0,0.7980871385629723
challenge wage cutsas delay in the upswing in business continues the hazards for labor standards increase industries are everywhere looking for sources of revenues to maintain dividends wage earners should be on guard to protect their incomes against further invasions further reductions in wage rates at the present time would be most unfortunate and would tend to offset the efforts of the government to create better business conditions congress has enacted legislation to make credit available for banks and industries and to provide for f ederal reserve banks secondary reserves for issuing reserve notes as a result the credit contraction policies have relaxed bond prices have risen stock prices have developed strength price decline is less rapid some companies are beginning to write down stock values on their books thus eliminating inflated values when business sets its house in order the maintenance of buying power is of growing importance unless consumers are financed to buy the output of industries the warehouses and retail shelves are soon overstocked wage earners and small salaried persons constitute 80 per cent of retail customers they have a responsibility to help maintain buying power by keeping their own incomes stable wage earners must be a self directing agency if they are to help to maintain the balance for prosperity it is their industrial and public duty to challenge all wage cuts proposals wage earners not only have a right to a voice in determining their share of the return on the products they helped produce but they have a right to know for what purpose any reductions in their wages are to be used wage earners have a right to know how the directors have disposed of the resources of the industry they have a right to propose other economies as substitutes for pay cuts effective and insistent use of facts for their own protection is the first defense against wage cuts ,0,0.8101765729834418
labor s accomplishmentswhen we look over the history of human accomplishments we find in the labor movement many problems which have taxed the energy and ability of those responsible for its progress but they have been met and the labor movement goes on with undaunted courage carrying its message and its influence into the most remote corners of the universe to its credit can be attributed the shorter work day higher wages better sanitary conditions purer food happier homes greater safety workmen s compensation mothers pensions more wholesome and sanitary conditions for the female worker the regulation to a degree of the child labor problem greater education and more enlightened citizenship these are just a few of the accomplishments that have been secured by the efforts of labor and which go toward the uplifting of humanity in general many a life has been unselfishly sacrificed that the present stage of development might be reached while labor has accomplished much in the way of aiding the men and women who are compelled to toil that much remains to be done however goes without saying557 921 union workers have the five day weekthe five day week and eight hour day has been won by over 557 921 members of the unions affiliated to the american federation of labor according to figures included in the report of the executive council of the federation to the 1931 convention at vancouver the carpenters and joiners union have 125 000 men on the fiveday week painters paperhangers and decorators 76 543 plumbers and steamfitters 41 076 operative plasterers 26 448 bricklayers masons and plasterers 24 300 electrical workers 40 000 ladies garment workers 45 000 elevator constructors 10 164 and machinists 15 000 the executive council state that according to its official information there is no instance of workers formerly enjoying the five day week having returned to either the five and a half or six day week ,0,0.746477152336501
give us more freedom and less unemployment we demand modification of the volstead act or repealwashington in convention has reaffirmed its position and our fight will continue said matthew woll president and 1 m ornburn secretary treasurer of labor s national committee for modification of the volstead act on their return from the american federation of labor convention where they received fresh authority and instructions to continue the campaign for modification we have said the issue no longer is whether there is to be modification american public sentiment has become so aroused that modification at least is certain the real issue is whether we shall stop at modification or whether an outraged and aroused people may not sweep away the whole prohibition structure stands for modification our fight is for modification we believe every purpose will be served by modification modification is our goal if modification proves less than we hope and believe it will prove we reserve the right to change our goal believes in taking today s step today dry autocracy opposed finally american labor believes that the american people have a right to have what they desire and that they have a right to the opportunity to say what they desire the so called prohibitionists would fasten upon us an autocracy in which they would dictate to us what we shall have and when we shall have opportunity to exercise a voice in determining issues we oppose autocracy we believe we have a right to continuous and effective voice and if in exercising that voice we make a mistake we have the unquestioned right to make that mistake but it is not we who are heading toward the making of a mistake the mistake has been made the most tragic mistake in our national history the mistake was made when under the cover of an abnormal situation this sad and miserable fiasco was foisted upon a people who had no chance to speak either in approval or disapproval we came out of a war for democracy to fall victim to autocracy in its most hideous form at home well we are resolved to remedy the wrong to unseat the usurpers to be free again liquor only one issue in earlier years our people were disturbed because their right to partake of the beverages of their choice had been stolen from them at first their resentment was directed against that single thing today the issue has grown infinitely larger and the question of the right to partake of alcoholic beverages is only one of many questions involved in the prohibition issue the whole attitude of our people toward law is changing and since constituted government expresses itself in law the meaning of the situation is that the attitude of our people toward government itself is changing no republic can well afford to allow a condition in which the people resent government our safety lies in affection for government and unstinted support of government this we can have only when the people feel that the government is theirs responding to their will so far as i am aware there is no nation that has adopted and continued to maintain prohibition where the people have had the chance to vote on the issue regulation there has been but there has not been absolute prohibition maintained in effect by the people after experience the people know what the reformers do not know or will not learn they know that prohibition is impossible they know it is unwise to attempt it and that it is wholly unsound as a doctrine temperance is goal we stand for modification for many reasons prohibition is wrong in principle prohibition debases society and government modification means a return to sanity to cleanliness and to temperance temperance was the original and proper goal of those in america who fought the liquor traffic of old modification means a tremendous stimulus to employment thousands will return to work and the economic gain will be enormous perhaps equal to the actual gain in volume of employment important as that is at this juncture would be the gain in confidence in mental balance and relief on the part of a people who could again face the future conscious that a great wrong had been righted modification means a burst of energy throughout the whole commercial world the propaganda calculated to induce us to think modification would take money from other industries is of a piece with all of the hoodwinking propaganda we have had from the sanctuaries and burrows of the professional prohibitionists there is not the slightest scintilla of evidence to that effect our organization proposes to take this issue before the coming session of congress and the doleful predictions of the professionals to the contrary notwithstanding we expect to win america cannot afford to postpone this issue there are some things that cannot be put off except at a risk and cost too great we are paying in crime in racketeering in gangsterism in debased morality and poisoned citizenship altogether too much for this experiment which never has been noble either in purpose or in effect i am authorized to say to you that the american labor movement is in this fight to win not for itself but for our nation and our people labor has not always had so many allies p nd supporters in its struggles for human freedom and justice perhaps not in all things is the average man among us so personally and vitally interested perhaps not in all things are right and wrong so obvious but here all can see the way all are interested none can escape the issue or its consequences it is in the broadest sense of the word a popular issue by which i mean a people s issue the early zealots of temperance have pretty well passed from the picture as participants in the so called prohibition movement today that movement is a movement of professional propagandists professional organizers and politicians those who once sought temperance through prohibition must now seek temperance through an undoing of the work of fanatics temperance is not found in denial the word means just what it appears to mean america given the chance will always be a temperance nation america will always re erit autocracy and it will always rebel against decrees and impositions god help our nation when it humbly bows the knee to tyrants of whatever kind they may be finally our nation born to lead toward freedom will always find its course toward that noble goal and i give you the word of labor that our hosts will go marching on to the day of victory ours is no distant objective the issue is critical victory must not be long delayed ,0,0.720703732101689
what gompers told the socialists i want tu tell you socialists that i have studied philosophy read your works upon economics and not the meanest of them studied your standard works both english and german have not only read them but studied them 1 have heard your orators and watched the work of your movement the world over 1 have kept close watch upon your doctrines for thirty years have been closely associated with many of you and know how you think and what you propose i know too what you have up your sleeve and i want to sav that i am entirely at variance with your philosophy economically you are unsound socially you are wrong industrially you are an impossibility he is good that does good to others if he suffers for the good he does he is better still and if he suffers from them to whom h lt did good he has arrived to that height of goodness that nothing but an increase of his sufferings can add to it if it proves his death his virtue is at its summit it is heroism complete bruvere he who conceals a useful truth is equally guilty with the propa gator of an injurious falsehood augustine ,0,0.7847687693594029
electrical workerslocal union no 6 at its annual election held in the building trades temple december 27 elected these officers and delegates president urmy vice president stanley morris financial secretary clifford recording secretary and business agent a elken inspectors h hennessy d horgan foreman t desmond trustee unexpired term d martin trustee full term s raney executive board fisk bowman brigaerts holmes h boynton j clover examining board w gimmel taylor h doyle e richards t smith j caldwell cooke delegates to leary mckenzie howard cohn urmy geo jones a elken delegates to labor council urmy a elken clifford ,0,0.7960920921382639
the detractorite works in the dark god s sunshine never penetrates the atmosphere of his machinations he shuns the light with as much aversion as a white slaver shuns publicity says the union leader he feeds prejudice nurtures jealousy and breathes poison into the ears of the unthinking and gullible from his depraved mind emanates the slander that slurs motive and sears the soul of those who are endeavoring to make the world better ilis warped mental apparatus precludes broadness and makes hint measure others by his own standard suspicion hatches in his cerebral cavity like dies on a scavenger dump he rends the home obliterates affection and robs the child of parental love its natural heritage through his treacherous slander impulsive men take the gun route and weak women find solace in carbolic me resurrects the corpse of yesterday and hurls it into the path of to morrow devoid of conscience he assails character as ruthlessly as a hold up man robs his victim he infests every group in society honor and truth are words foreign to his vocabulary no woman is true to her trust and no man is decent according to his distorted imagination tn a garden of roses he sees only the thorns and transforms it into a thistle path in a labor union his prey is the earnest men who are active in the cause no officer is honest in the mind of the detractor no motive good graft is his whisper to the inexperienced and graft is re echoed with mechanical precision front mouths governed by phonographic craniums he is the morbid creature who stays away from meetings and explains a delayed contract by the inference that the committee was fixed he is the loud shouter at the wet goods counter on so and so getting his he doesn t blame hint so long as there are suckers who stand for it he is the snake who sneaks to the gallery of a meeting hall secretes himself from the view of honest men and hisses insult at an officer who has given his life to the uplift of his fellowman he cowers at exposure and slinks like a cur when truth corners him with his perfidy he is the last word on cowardice and all that was ever said on treachery he is and more fortunately he is few among the numbers that make for the world s advancement,0,0.805269630149072
mission theaternext week s program at the new mission theater consists of two extraordinary bluebird photoplays franklyn farnum will be shown in the man who took a chance in conjunction with miss kathlyn williams in the rosary her great success on wednesday and thursday friday and saturday mary maclaren and harrison ford will be seen in the mysterious mrs story of gripping interest baffling the plot detectives combining novelty and originality of theme there will be an unusual musical program accompanying the double program on wednesday and thursday mr lee mayer the new mission organist will play an unusual musical selection to accompany the rosary on that orchestral pipe organ the usual paramount photoplay starting the week s program on sunday will also be shown with miss myrtle stedman and house peters in the happiness of three women also mrs vernon castle in patria and burton holmes will take you to some more interesting points,0,0.8242421876308896
building tradesthe building trades council of san francisco met in regular session pursuant to adjournment in brotherhood hall building trades temple thursday evening october 17 1929 the meeting was called to order by president james b gallagher promptly at 8 o clock and the order of roll call being suspended the minutes of the previous meeting of october 3 1929 were read and approved as printed business agent s report business agent nicholas rendered his weekly report i which upon explanation and instructions was received and ap i proved he stated that he had taken up the matter of non citizens being employed on the water front with the president of the harbor commission who would endeavor to have the contractors employ citizens at state work credentials and communications credentials from painters union local no 1158 for smith h lewis l amas and ellison received and referred to the organizing committee from hoisting and portable engineers union no 59 for snyder vice victor s swanson received and delegate seated communication from the palace hotel company announcing that they were equipped to furnish luncheons and banquets for conventions etc received noted and filed from millmen s union local no 42 announcing that that organization had voted unanimously in favor of the inauguration of the five day work week received noted and filed from machinists union local no 58 enclosing resolution i asking for the recognition by the government of soviet russia received and referred to the law and legislative committee from painters union no 1158 announcing that that union had adopted by unanimous vote the proposition of inaugurating the five day work week received noted and filed from the interstate commerce commission enclosing finance dockets nos 7439 7440 and 7781 bearing upon the application of the great northern railway company and the western pacific railroad company for certificate to construct railroads in northern california received noted and filed from the department of labor enclosing questionnaire received and referred to the secretary from the howard automobile company regarding automobile service received noted and filed from the motion picture producers and distributors of america enclosing monthly publication received noted and filed minutes of the respective meetings of the building i rades councils of tacoma seattle olympia and alameda county were received noted and filed visitors mrs anderson was admitted to the meeting and addressed the council on the proposed amendment no 2 which will be submitted to the voters at the coming election and reading as follows shall the city adopt a municipally owned system for the collection of garbage mrs anderson explained the project as she understood it and strongly advised against the adoption of the municipally owned system for the collection of garbage on motion the matter was referred to the law and legislative committee committee reports the organizing committee reported favorably on the credentials from painters union no 1158 the delegates were seated after i being introduced by the chair delegate ellisberg reported that the five day week committee several volunteers had visited various unions during the week and that in all cases the five day week proposition was given favorable consideration delegate tyrrell of local no 6 stated that the visit of the fiveday week committee to local union no 6 had brought about good results and that the local had adopted the five day week proposition by unanimous vote the following local unions announced that they had voted in favor of the five day week carpenters no 483 municipal cribbers no 534 plumbers no 442 delegate dressier announced that the international association of bridge and structural iron workers would call for a referendum vote on the five day week from all of its affiliated local unions considerable discussion was indulged in regarding the five day week delegates brigaerts dressier smith of no 1158 and burns of painters no 19 participatingnew business vice president brigaerts called the attention of the council to the committee that had been appointed some time back for the purpose of visiting unions who are out of the council or who are in arrears in their per capita tax with the idea of having them reaffiliate with the council and that committee wishes to continue with its work in order to assist in the building up of the council and requested that the secretary be instructed to furnish a list of the unions that are not affiliated with the council and a list of those that are in arrears in their per capita tax payments in order that the committee may visit such unions and endeavor to have them perform their duties as union men the secretary announced that he would furnish the committee all the information they required delegate dressier stated that the american monumental company had discharged a rigger who was a member of the dual association of iron workers and had employed a member of local no 377 in his place he asked that the members remember this monumental company when ordering monuments good of the council under this heading delegate urmy and several other delegates addressed the council on matters of general interest adjournment there being no further business appearing before the meeting the council adjourned to meet thursday evening october 24 1929 at 8 o clock respectfully and fraternally submitted thomas doyle secretary building trades council of san francisco special notice affiliated unions are requested to have their delegates attend regularly the meetings of the building trades council and if their delegates do not show regularity in attendance to replace them with delegates who can and will attend ,0,0.7631822853472547
the source of new wealthwestern mining papers and magazines carry a steadily increasing amount of news concerning new metal strikes some of the reports are doubtless exaggerated some may tell less than the whole story but it is an obvious fact that mining is today coming nearer to experiencing a boom than at any time since 1928 bulk of activity is naturally in gold and silver properties the high price of gold has made it profitable to develop ore deposits which could not be made to pay at the old gold price of $20 00 per ounce silver is in the same category and in spite of its current relatively high price many authorities are of the opinion that it will soon touch even more rarified levels base metals are quieter and the most important copper till ells at a depression price however even here there is hope of improvement demand is tending to rise surplus stocks are slowly being reduced and the outlook for reasonable price improvement in the future is not discouraging money is going into mines new wealth is coming out and the entire nation feels the good effects people talk of the horrors of war and those horrors are unspeakable but i do not believe that peace loving people can be frightened into peace i am not sure that talk of the imminence of war is always a contribution to the preservation of peace for war itself is the outcome ol fear resentment and suspicion between peoples we cannot keep war away merely by arguments of fear instead we must work for the spirit which promises peace sir john simon we can do no more christ like service in this world than habitually and continual to seek to promote peace to keep people from drifting apart and to draw friends and neighbors closer together miller ,0,0.8494242116970698
has the question been raised or does a doubt existwhen you buy a daily paper and read printed across the top of first page this newspaper is one hundred per cent american you ask yourself whether the publisher is on tlie defensive and putting himself on record surely any paper enjoying the privilege of publication and circulation in these united states must be accredited with being 100 per cent american otherwise the machinery of our government soon gets set in motion to suppress it,0,0.7583208457569477
kirkland donahue get new terms four new council members electedanaheim calif convention delegates re elected afl cio president lane kirkland and sec treas thomas r donahue to new two year terms twenty nine incumbent and four new vice presidents were also elected by acclamation the 33 vice presidents and the federation s two general officers make up the executive council the afl cicts governing body between conventions newly elected afl cio vice presidents are larry dugan jr president of the operating engineers robert a georgine president of the building amp construction trades dept milan stone president of the rubber workers and gene upshaw president of the federation of professional athletes and executive director of the national football league players association those leaving the council include its senior member in terms of service john h lyons who has been seriously ill and stepped down earlier this year as president of the iron workers lyons had been an afl cio vicepresident since 1 7 the others leaving are turner of the operating engineers a council member since 1977 robert f goss of the oil chemical amp atomic workers who was elected to the council in 1977 and kenneth j brown of the graphic communications union elected in 1983 all recently retired as presidents of their unions kirkland and donahue are both starting their fourth terms kirkland 63 was the afl cio secretarytreasurer for 10 years before he was elected to succeed george meany at the 1979 convention what you see is what you get kirkland told the delegates with a grin after the ovation that greeted his re election he said he doesn t consider himself a neoconservative or a neoliberal just an unreformed and unreconstructed new dealer who doesn t list to either port or starboard kirkland told the delegates that as a youngster growing up in south carolina hewas nourished by the new deal era naadministration and by the merchant marine act he earned his union card in the masters mates amp pilots as a world war ii merchant marine officer donahue 57 was a vice president of the service employees before becoming executive assistant to meany in 1973 he served as assistant secrelary of labor in the johrtsonadministration leading the way whatever our problems have been donahue said this trade union movement remains the single most powerful force in this nation seeking the improvement of the human condition he said he will seek to assist kirkland in every way and conserve the afl clo s resources to strengthen this movement and to improve the life of its members the re elected afl cio vice presidents are thomas w gleason frederick o neal murray h finley albert shanker sol c chaikin edward t hanley angelo fosco charles h pillard kenneth t blaylock alvin e heaps william w winpisinger william h wynn john deconcini wayne e glen joyce d miller john j sweeney frank drozak james e hatfield barbara hutchinson richard i kilroy vincent r sombrotto gerald w mcentee william h bywater marvin j boede patrick j campbell owen bieber john t joyce lynn r williams and morton bahr new 1 vice presidents larry dugan jr 55 succeeded turneras president of the operating engineers in june after having served as a vice president since 1979 he came to washington from phoenix ariz where he had been business manager of iuoe local 428 and an officer of the city and state building trades councils and of the arizona afl cio robert a georgine 53 has headed the 15 union building amp construction trades dept since 1974 after having served as its secretary treasurer for three years previously he is a former president of the lathers ,0,0.842665196502993
labor may run slate for supervisorsi there were busy stirrings in the san francisco labor movement the past week looking to the possibility of a slate of la or candidates in the coming board of supervisors election and one of those mentioned was sec mailloux of the san francieco building trades council the interest in running labor people for the board of supervisors this year stems from deep dissatisfaction with city hall policies and th e fact that th e race seems likely to be more wide open than usual the city politic situation was discussed last mondaynight at a meeting of the executive board of san francisco cope to which a delegation from the building trades council executive board had been invited participating in this meeting for the building tra les were painters dist council sec harry bigarani laborers bus rep george ellis jerry pickle of electricians local 6 building trades council pres john f hogg and mailloux after some discussion the matter was referred to the presidents and secretaries of the labor council and building trades council to consult with teamsters representatives and discuss the possibiilty of presenting a slate of labor candidates for the board of supervisors possibly one from each group to make a joint campaign the matter was discussed further at the weekly meeting of,0,0.6784429359272486
underpaid workers in nor cal get 1 980 844 in wage hours violationsinvestigations by the department of labor during fiscal year 1967 disclosed that 7 670 northern california workers were paid $1 980 844 less than they were entitled to under the federal wage hour law frank j muench regional director of the department s wage hour division said that $88 260 of the total was due workers because their employers had not paid the $1 25 and later increased to $1 40 an hour federal minimum wage for all hours worked another $401 451 represented equal pay for equal work underpayments and $30 829 represented mcnamara o hara service contract underpayments the remainder of the underpayments $1 450 304 were accounted for by employers who had not paid the proper rate for overtime work in the entire state employers owed 24 549 workers for $5 760 332 because of violations of the law muench said his office made 1 491 investigations in northern california during the 12 month period from july 1 1966 to june 30 1967 investigations are made on an assigned basis and when complaints are received employers who have failed to pay according to the law s requirements usually pay the back wages due their employees voluntarily and comply with the law in the future after the labor department has notified them of their violations and their legal responsibilities muench said but court action does have to be taken against some employers both small and large businesses in all fields of activity have been found to violate the law some violations are intentional with the employer trying to cover them up by falsifying his payroll records but others are made because employers have misunderstood parts of the law ,0,0.7150898309658111
woll urges business to pull with labor asks team work to bar heavy taxesspeaking before an audience of 250 at the weekly timely topics meeting in the union league club traditional center of new york republicanism matthew woll vice president of the american federation of labor urged business to cooperate with to save private enterprise from the danger of destruction through excessive taxation he proposed a capital labor conference immediately to work out a program to reduce such governmental expenditures as are not required for national defense and accordingly ease the tax burden on industry and commerce according to mr woll labor is awakening to the danger of the tax problem because taxes which keep busienss from expanding or from profiting reduce employment opportunities and lower the standard of living for the workers in reply to questions from the floor at the end of his hour long address mr woll defended labor s attitude saying it often had extended offers of cooperation which had been rejected by capital in a spirit of opposition and hostility once labor is convinced of a change in attitude on the part of capital he promised labor would follow suit once industry extended an invitation to cooperate he went on that part of labor represented by the american fedeartion of labor certainly would cooperate conceding that some groups in labor were hostile to private enterprise and desired to promote socialization but without mentioning the mr woll insisted that the labor movement as a whole was regarded wrongly by many business men as a menace whereas he said it could be if its cooperation was accepted the greatest factor in the preservation of private enterprise if labor and capital cooperate he continued the power of government will not be used to destroy us if not god knows what will happen to our social order in his prepared speech mr woll asserted that the time had come when government must encourage business and industry by every means possible to create new wealth and employment and when denunciation of private enterprise must cease jhe speaker proposed incentive taxation to encourage plant expansion and payment of higher wages by a system of tax deductions to apply when certain provisions are complied with i he possibilities of incentive taxation are new and important he continued 1 lie subject should be given careful study by both the employers and the government in order that when the unemployment figures begin to rise after the present emergency both business and government may be in a position to use this new method of helping the unemployed and promoting the general welfare hr woll closed with an appeal for team work between capital and labor to meet the changing social economic and political conditions of the world today and was warmly applauded ,0,0.7369371530499208
statistics of wages and hours of labora report has just been published by the international labor office entitled methods of statistics of wages and hours of labor this report was prepared for the international conference of labor statisticians recently held in geneva switzerland and includes information on the compilation of statistics in the various countries it is very valuable as a guide to the reading of statistics appearing from various government agencies copies may be obtained from the washington office of the international labor office lenox building washington ,0,0.7980087637421338
the ideal phone for the home lt uj 5 gt 3j o ni bay cities home telephone co 333 grant avenue san francisco boom home industryhansen amp elrick 353 montgomery st union 766 market st label 1105 fillmore st furnishings marks phone franklin 1681 home tel no j 1681 santa clara boarding and livery stables cor golden gate ave a lmavmnwort st carru w coupe end buggies to let at all hour horae boarded at reasonable rales term made for horses furnished by the month for business purposesa great eve tonic mayerle s eye water has been most beneficial i have enjoyed greater ccrmfort with my eyes since using it than for years past sincerely yours s mii es mrs colonel salvation army at all druggists 60c or send 65c to george mayerle graduate german expert optician 60 market st always look for the name mayerlethe brunswick balke collender co billiard and pool tables bar fixtures bowling alleys and supplies telephone sutter 333 765 767 mission street san francisco cal largest cabinet factory on the pacific coast 2,0,0.7939751119416842
new district council of carpentersdelegates from carpenters unions no 22 no 483 no 95 no 304 and no 1082 millmen s union no 423 millwrights no 766 and stairbuilders no 616 met last saturday evening at pythian castle 909 market street and in accordance with the decision of the atlanta convention organized a new district council of carpenters the meeting was marked by harmonious and business like action from beginning to end butler of millmen s union no 424 was elected president hutchinson of carpenters union no 483 was elected vice president reagan of carpenters union no 22 was elected secretary john beatty of millmen s union no 423 was the choice for treasurer and johnson of carpenters union no 483 was selected for warden mccarthy hutchinson and nicholas were appointed to secure a meeting hall for the neworganization which they did by engaging accommodations at the building trades headquarters 927 mission street here the new district council of carpenters in which the thirtyodd thousand carpenters and joiners of san francisco are represented held its first regular meeting last wednesday evening and transacted business for the welfare of the craft as in the days of old ,0,0.8284577328669466
trades and labor council of san diego elects officersthe newly elected officers of the federated trades and labor council of san diego are president stradley vice president ed beale secretary e if dowell sergeant gordon fisher trustees reyburn walter barnes stanley m gue executive and arbitration committees wilcox william link e fi dowell reyburn organization committee stanley m gue ed beale e 11 dowell ben stradley william link president stradley then appointed the following committees resolutions committee incent metcalf baker laws and legislative committee reyburn rogers john l donnelly ,0,0.7536724848433365
railroad ownership rejected by senatewashington by a six to one vote the united states senate rejected an amendment by senator johnson of south dakota that savored of government ownership of railroads the senate was considering the administration s railroad bill which equips the government with financial and other powers to operate these properties senator johnson opposed the return of the roads eighteen months after the war ended his amendment provided that the federal control of railroads and transportation systems herein and heretofore provided shall continue for and during the period of the war and until congress shall order otherwise this was rejected by a vote of 61 to 10 with 23 not voting the bill as passed gives the president almost absolute powers dividends to stockholders equal to the average dividends of the last three years are guaranteed it is estimated that this will cost the government nearly a billion dollars annually senator cummins attempted to reduce these figures about $175 000 000 but was defeated 52 to 23 the four railroad brotherhoods and representatives of several of l internationals appealed to the senate not to set a time for the return of the roads to their owners hut leave this question for future determination and thereby giving ample time for the adjustment of matters growing out of the temporary control of same with equal justice to all parties at interest the following presidents of of l internationals signed this appeal messrs ryan railway car men franklin boiler makers mcnulty electrical workers hynes sheet metal workers kline blacksmiths johnston machinists and wharton president of the of t railway employees department,0,0.8565884932033232
many changes in executive boardat the annual convention of the state building trades council of california many changes were made in the personnel of the general executive board the members of the board as elected at the convention are w 11 tyrrell of alameda hague of contra costa jarman of fresno shipman of humboldt cremer of kern e yv beckman of kings j valentine of lbs angeles yv m nelson of marin yv j dickerson of monterey mccallum of napa ewing of orange phil hogan of san bernardino and riverside johnson of sacramento j smedley of santa barbara rose of santa clara thomas doyle of san francisco mclnerney of san joaquin edward brady of san mateo john t mann of santa cruz yy arner of solano finnertv of sonoma a yy r rumlev of tulare and gee of yuba ,0,0.7712089616297298
found fortune s start in subway gold mine one day ten years ago said a western millionaire to a chicago herald examiner writer i stood without a nickel and without the door of a restaurant in san francisco i was indulging in an optical feast gazing at the display of uncooked roasts chops and steaks garnished with watercress and altogether lovely in the window the song or rather its refrain thou art so near and yet so far was whispered to me by the gaunt brownie of hunger then a prosperous looking man who was flipping a half dollar in his hand dropped the coin which tinkled through an iron grate and fell into a subway below the man gave an almost unconcerned glance in the direction the coin had gone and then went away humming a popular air i always possessed some resource and i was determined to possess that coin the occasion is what is frequently spoken of as a ground hog case i was out of meat also bread i spoke to the proprietor of the place told him i had dropped a $5 gold piece through the grate and asked if i might go and retrieve it certainly he said and gave me a hatchet with which i might remove a wooden bar that had been nailed across a door leading to the basement to the opening under the grate there was much litter and dust down there and in searching for the lost coin i found many others which had been dropped in a similar way thus i cleaned up $8 from that prospect drift the amount supplied me with a place to put the able bodied appetite which i hqd concealed about my person it also gave me an entree to a clean shirt and a proportionate supply of self esteem and selfreliance 9 i visited men of influence whom i had not been sufficiently courageous to meet in the immediate heretofore and i have not been seriously insolvent since that day thus you may see on what a slender thread oft hangs a chance in life the practical trade unionist always demands the union label shop card or button,0,0.8388650112038074
build now thrift turns savings into a homeu s dept of labor wilson secretary the american home owner is the man who has discovered that thrift is something more than the hoarding of money the family sock and the old china teapot may he chuck full of dimes and quarters or five and ten dollar gold pieces and yet thrift may he unknown to the head of the house he may be only a miser thrift not only saves intelligently but it puts savings to work not only does it save a dollar but it puts that dollar where it will thrive where it can earn and labor for the welfare and comfort of its owner on account of suspended building operations during the war the united stages now needs almost a million homes that means rents are high if you don t own a home you must pay tribute to the hard necessities which have brought about a scarcity of homes unless home building gets under way immediately when our millions of soldiers return to civil life and when our thousands of war workers who have been living in government buildings get hack to where they must have apartments and houses rents are going to be higher thrift of the intelligent will put present savings to work that future rental expenses may he escaped present savings invested now in a home will emancipate your pocketbook from the demands of the rent collector be intelligently thrifty build now,0,0.7872487609050732
refuse injunctioncasper wyo district judge rose of this city does not believe that labor injunctions should lie issued merely because they could do no harm to workers a restaurant manager wanted an injunction because he said his striking waiters were assaulting employes the court found that this statement was not true then the attorneys assured the court that an injunction would not harm the workers but the court rejected this reasoning ,0,0.8305455440172714
san bernardino now upon the map placed there by labor movementthe campaign of organizing san bernardino as a tradeunion stronghold was completed last saturday with an eclat as j gratifying to the campaigners as it was pleasing to the organized san bernardino is upon the map of the world i never to be effaced so long as there is a man remaining holding the opinions so broadly expressed at the three great successive meetings held in that town to effect and perfect organization in the enterprise the most important factor was herman halter of the boiler makers he acted as the pioneer blazing the way j for his fellow organizers his exertions were untiring and were fully rewarded bv the number of unions formed and were duly appreciated by his colleagues in addition to san bernardino halter turned his attention to barstow eighty miles distant where number of his craft were employed they were consolidated with the san bernardino craftsmen swelling the number of the new boiler makers union in the neighborhood of 150 roberts of the brotherhood of carmen of america was j efficiently engaged in gathering the men of his occupation together and succeeded in forming a union 200 strong curly grow george simpson ernest powelsen and james morrison of the machinists industriously employed themselves by j together all of their craft to the number of about 250 mr green of the electrical workers formed an electricians j union of about 75 epenter business agent of the sheet metal workers gathered into the fold about 60 members and dale organ i izer of the of l formed two federal unions one of clerks i numbering about 100 and the other of unskilled workers number ing in the vicinity of 150 the campaign was in all respects a complete success both in point of numlxa s in the make up and evident character of the men and in enthusiasm the only craft which seemed to be without any direction was the blacksmiths apparently they felt like children lost in the wilderness without protection or direction the other organizers were too busy with the men of their immediate calling to devote any time to the expectant blacksmiths they will be organized when and as soon as the metal trades council is formed between blacksmiths and helpers there are fully 75 in san ber nardinothe organization of unions took place in a number of halls and the installation of officers immediately followed in the evening a mass meeting was held of all who had joined crowding the large hall of the fraternal order of eagles when all were seated who could procure scats curly grow came to the front of the platform and opened the proceedings bv officially declaring the city of san bernardino in the state of california to be upon the trade union map of the united states and as far as he could see never to be effaced as an integral j part of the great army of labor of the world the mere coming together and forming unions and lodges of workingmen was not enough to do for those so engaged association was good for the participants it broadened men s views it inspired confidence it developed latent talent and taught all their supreme duty to the country their interdependence and their capacity of accomplishing great things by solidarity and united thought and effort the great labor movement was not a composition of theorists and idealists it was essentially a practical up to date every day concern of militant effort to secure for all who work who expend physical energy as well as mental exertion humanely directed every dollar and advantage accruing to them by reason of their labors trade unionism was not a sordid combination of erratic and half baked semi ignorant enthusiasts without aim of purpose on the contrary it was in the main composed of men whose range of thought was without limit and whose capacity to produce was unexampled in the world s history up to this time men ranking in the armv of ardent believers in its principles and aims have on innumerable occasions been the direct means of leading the inventor s thought to conclusions of benefit to himself and mankind thoughts committed to paper by men of zealous thought for man s emancipation in the ages past bespeak the spirit of organization as the most direct method of accomplishing their purposes the doctrine has been long taught and fostered by every known agency that the laborer in whatever branch of human effort was a favored creature when the right to work was given him the employer assumed all the airs of superiority and became fascinated with the idea so freelv and universally conceded to him that be was actually the philanthropist and big generous creature he was told he was the scales have fallen from the eyes of most men and now instead of looking upon the employer as the blessed creature he imagines himself he is classed among the robber class whose deeds though legalized are just as wrongful as the deeds of black bart dick turpin or claude duval trades unionists do not desire to upset thepresent industrial system at one fell swoop but they do purpose a radical change in it at once and shall insist in demanding labor s full recognition as the important factor in production and entitled without equivocation to its fair unstinted share in the profits of all and every enterprise for these and hundreds of other substantial reasons workingmen must organize they must organize or sink back into the slough of semi slavery from which they have not wholly emerged and all the labor and thought for emancipation be lost forever at the close of mr grow s speech which was roundly applauded he introduced ex mayor wixant of san bernardino who as a union man and member of the engineers union understood the value of organization and its advantages mr wixam gave a brief lucid exposition of trade unionism with telling effect epeneter business agent of the sheet metal workers union of eos ngeles earnestly appealed to all who had enrolled in labor s army to stand for the faith they had he particularly appealed to the men of his craft to strengthen their organization and assist in building all other unions that workingmen may enjoy the benefits which such action will give tn the absence of roberts general organizer of the brotherhood of carmen of america may was the next speaker mr may also urged the putting forth of every effort to increase solidify and extend labor unionism everywhere when organization shall have reached the limit of its activity then would they begin to enjoy in good earnest the full fruit of their labor ernest powelsen president of t os angeles lodge of machinists and a man of long standing and great activity in the general labor movement volunteered a few pithy suggestions to the newlyenrolled member of the machinists union of san bernardino attend your meetings regularly never get backward in the payment of your dues be always on the job as an organizer if you can t gather into the fold a member of your own craft get a member for some other union never be wild or unreasonable in what you say at the meetings of your union and always concede to the fellow who disagrees from you in a logical straight forward manner the same honestly of purpose as you claim above all things cut out everything likely to set men by the ears and cause disturbance leaving a train of distrust and inharmonv in its wake ending in a smashup and spoiling the work of the best workers for man s emancipation sullivan international organizer for the sheet metal workers hoped every man present was a member of some union he heartily concurred in the advice given by the previous speaker regarding it as the foundation rock upon which to build a strong permanent structure he did not believe in sporadic organization but wanted every man to understand labor organization was a serious purpose designed to accomplish serious ends frivolities had no place in its makeup all men following his craft with only an imperfect knowledge of his needs and how to gratify them must belong to his union and do all in his power to conserve its usefulness11 g green made an eloquent forceful and convincing argument in behalf of trade unionism james morrison organizer for the international association i of machinists spoke at considerable length on the past and present i struggles for labor s emancipation the past had been fraught with many failures from which the toilers had learned valuable lessons for future guidance at the same time many victories had crowned their efforts today not only the workingmen of america but those of all the world stood upon a higher plane than ever before in all the vicissitudes and changes of time the men who i preceded us in the struggle for improved and improving conditions j who had suffered through the malignity of the oppressed and j valiantly withstood persecution and neglect and to whose fortitude i perseverance and endurances we owe much of the benefits of various kinds we enjoy and to fpcertainty our vast systeip of intcrj national and national organization those who decry labor orj ganization and fought it at every turn who are now in a silent way still opposed to it and are ready to thwart it at every oppor tunity cannot fail to recognize in it the most powerful instrument at the disposal of the government when the emergency arises i demanding its active participation in the greatest war all time we must be up and from this moment henceforth while doing our full duty to our government and our country in its stupendous struggle to uphold democracy arid annihilate autocracy we must not forget to keep our ranks closed up in solid phalanx that when war is ended the fruit of the war and our own personal efforts will not be lost even for a moment during the period of readjustment mr grow concluded the proceeding by an earnest appeal to all to buy liberty bonds several other speakers were listed to address the great meeting but could not be present mr halter was at barstow organizing the boilermakers and mr dale was organizing the railway clerks and so called unskilled workers both were most successful in their efforts san bernardino will be heard from in the near future as i having a thoroughly militant metal trades council los angeles citizen note back of this interesting organizing work is a long story which started prior to the 18th annual convention of the state building trades council of california which met in visalia a recent visit of bowen president of the los angeles building trades council and gus uhl organizer of the brotheri hood of painters to san francisco and voluminous correspondence with washington by general president mccarthy editor ,0,0.7969759869023498
musical scoredid you ever hear of one union orchestra defating another union orchestra well it happened the new york philharmonic penguins defeated the american symphony orchestra in softball by 9 to 1 said musicians local 802 s allegro they fortified themselves with large draughts of geritola l glenn hunter s moving and storage co bay peninsula marin state wide 1881 37th ave san francisco 94122 641 2644 airkem bay area 1675 rollins rd ph 697 7872 burlingame 94010 westlake stationers commercial office supplies 327 so mayfair ave 755 6900 daly city 94015 jade s food market groceries beer wine 701 11th avenue 752 5005 san francisco 94118 pioneer tavern your host john and george 131 gough street phone £ lt 63 5024 open 12 noon to 2 san francisco 94102 technicolor corporation fine fast photo finishing 201 bth street 626 4200 son francisco 94103 jones art supply custom framing and art restoration 3929 california street san francisco 94118 phone 752 9008 res phone 561 2519 collins electric co of 1615 cortland avenue phone 285 6880 san francisco 94110 bennett marine utility inc sterilization chlorination pipe lines reservoirs ships tanks 123 holloway ave 587 0925 san francisco california 94112 reasonable rates phone 664 3095 typewriters adding machines ★ rentals sales trade ins repairs photocopying mimeographing see june wilson 1904 taraval st near 29th ave san francisco 94116 siegel s clothiers men s and boy s wear 2366 mission phone 421 6828 san francisco 94110rock of ages music lover says he went into a record store the other day and asked if they had any gilbert and sullivan albums and the younish clerk inquired ls that a new group some people get social security before they retire suppose you get hurt or sick and won t be able to work for a year or more your social security can start paying off after six months with a check every month until you can work again if you think social security helps when you retire you re right but it s also something you can depend on now whenever you need information contact any social security office social security pays four benefits survivors disability retirement and med care department of health education and welfare social security administrationhotel stanford rooms with or without bath 250 kearny street 421 7670 son francisco 94108 24 hour desk service electrical lighting plumbing paint supplies specialties peerless general supply company wholesale and retail 390 eddy st 775 5016 san francisco 94102 nanny s design in jewelry contemporary designs 370 sutter 392 4563 san francisco 94108 sandy s specialty shop ladies and misses apparel 2101 chestnut street 921 7788 son francisco 94123 flamingo cafe 1600 folsom san francisco 94103 061 9267 bayshore farmers market pang amp co 300 bayshore boulevard 647 1806 san francisco 94124m amp m foods and liquors 300 chenery st at miguel grocery beer and wine open 8 to 0 pit 585 9939 son francisco 04110 owl printing co an old friend of labor arnold helgeson president 49 green st 421 1439 san francisco 941 central mill and cabinet company 1595 fairfax avenue 824 7314 son francisco 94124 falk typography 1000 sansome st 781 0443 son francisco 94111 ocean shore iron works 1440 jerrold ave ml 7 5737 son francisco 94124 lombard launderette 1701 lombard street san francisco 94123 567 8042 the iron pot 639 montgomery street 392 2100 san francisco 94111 golden dragon restaurant serving from ii to 10 closed tuesday 425 ellis st san francisco 94102 valley pride market amp liquors 474 476 castro street 431 1292 san francisco 94114 colma body building co 406 a street 755 0636 colma 94015 new sanchez liquor and grocery 2 sanchez street phone 863 9190 san francisco 94114 bayshore engine rebuilders automotive repair 1176 potrero aye 447 9573 sa i francisco ca 94110 published since january imo owned and ooe ated by publishing company franz glen elec workers no 6 president potrick j ccnovon bricklayers i vice president joseoh mazzoia plumbers 38 treasurer james shotta milimen 42 director daniel dei carlo bldg trades council director jack liiiestoi morbie masons no 2s director official newspaper of the san francisco building amp construction trades council mail address 2401 mission street room 887 sen francisco cali ml 10 tcieohone 285 0333 editorial 452 7843 advertising 421 0445 felix rodriguez news editor gertrude bredsteen beoos office manoger marion reed director of circulation jack phillta superintendent of production louis g clifton advertising subscription rates individual subscriotiem ii 4 oer ear single coaies m cents each advertising rotas on aoafication ab coay must be in not later than tuesday noon receding the date a oublication second doss restage mno at oakland cali fern la published semi mom y ov oiymotc press 5823 occidental street oakland cofitorima mm 452 843 the editoriut ooikrv of this oooer is not reflected in any way tty the advar fisemen s or stgnea communications orinteo herein postmaster please send form 3579 change of addrest ® to bex 8397 oakland california 946084,0,0.8297810594297371
tile union s appeal in mastic case refusedtile layers local 19 was advised last week by atty herbert johnson that the state supreme court has turned down a petition for a hearing on the decision of the appellate court upholding a preliminary injunction against union efforts to restrict application of tile in showers and bathrooms with mastic instead of cement the union has such a provision in its contract with the peni insula tile contractors assn i but the courts have enjoined it against trying to get a similar clause with the northern california tile contractors assn the union contends that where there is dampness the regular wire and grout method will guarantee a proper job the mastic manufacturers also are in court trying to knock out the provision in the peninsula contract this case was argued before the court of appeals jan 14 and a decision is aw aited if the peninsula contract provision is sustained the union wull then be able to move to dissolve the preliminary injunction relating to the other contractors association vw tad xi i if r quality v if drivepins imark mive it for any make of powder actuated tool omorfc orfvr fr drlvepln or procliion mad of th hlghotl quality pedal alloy itaali haat traalad for moxlmum loughn and hordn nof brlttl not 10ft por uniform accural concral or tlaal fattening ut omorfc otlvt it drlvepint over jo fcypac aad ilni drive it for safety west coast industrial sales co ino 746 ellis street pr 5 6241 san francisco,0,0.7533226073679958
where labor reaps its full reward in previous chapters it has been shown how the owners of the columbia conserve company in their efforts to transform their business into a pure industrial democracy established a workers council and then enlarged it to include every employee how they relinquished to this council absolute authority established the principle of permanent employment with 52 pay checks a year for all members of the working force and how the workers themselves established the 45 hour week and the payment of salaries on the basis of needs ,0,0.7707137097530332
chattanooga tenn wiley haney strikebreaker and self advertised bad man from the west who shot up no town during lasttextile strike will forego terrorizing women and children for a spell he has been sentenced from one to five years for attempt to commit voluntary manslaughter and to six months and a $loo fine for asjault ,0,0.8578457361670042
building and construction trades councilvice president mad because the party hierarchy were so fearful jessie jackson would be the standard bearer they totally divorced themselves from any of his politics or programs but when jackson was talking people were listening and the democrats were winning a majority of the democratic party don t understand workers problems any more than they understand about winning elections in fact the l word was not the only word purged from their campaign the u union word was never spoken even to the point when dukakis was in san francisco the only meeting unions could have was privately called with no press allowed they don t understand the importance of well paying jobs with the good benefits if you asked most of our elected democrats in the bay area about what is good pay and benefits they would have a hell of a time giving a straight answer if asked how the labor laws are being administered and what they are doing to workers they would think some foreign language was being spoken if you asked those same elected democrats what is the purpose of unions they would probably answer to give us endorsements money and votes 1 guarantee the republicans know the purpose of labor unions theyknow labor unions are the only voice working people have and they know they must keep the unions weak and that can only be done with the continued ambivalence of the democrats the republicans know they must control the enforcement of the antilabor laws that masquerade as labor laws this country has not passed a pro worker labor law since roosevelt was president what makes me the maddest is there is no other party where the working people can go just the two republican parties it s partly our own fault for allowing this corrosion to happen it s time we get involved and bring the democratic party back to being the democratic party ,0,0.7337567914870462
building contractssan francisco county e 34th ave 150 n fulton twostory and basement frame dwelling owner mcclenahan cost $4ooo n ulloa 82 6 and 107 6 e 24th ave two one story and basement frame dwellings owner byrd ö smith cost $3ooo each w ninth ave 68 n noriega twostory and basement frame 2 flats owner harvey e harris and weintraub contractor vveintattb 437 7th ave cost s4soo e allison 125 and 150 n mission two one story and basement frame dwellings owner d primo contractor harry kallers cost $3ooo each ne france and vienna one story and basement frame church owner california nevada district mission board of lutheran synod of contractor national mill amp lumber co 318 market st cost $llb5 sw pico and ashton aves onestory and basement frame dwelling owner heleti mcqueeney contractor evans amp co 359 pacific bldg cost $5ooo no 4394 17th st concrete floor minor repairs for flats owner baker contractor lundquist 353 holloway ave cost $1331 se mason and post underpinning owner first congregational church contractor larsen 517 monadnock bldg cost $5ooo no 268 montgomery erect lath and plaster partitions plumbing electric work etc for barber shop and cigar store owner john and harriette baineson contractor presco 134 st anne st cost $l5oo no 600 602 capp st remodel for private garages owner mrs t simons contractor f amp j nielsen bros 2311 bryant st cost $looo e walter 192 s duboce ave twostory and basement frame 4 apartments owner roy larson cost $7500 n parnassus 235 5 w willard two story frame fraternity house owner delta sigma zeta fraternity contractor wm mclntosh 180 jessie st cost $20 000 e thirty third ave 100 125 150 s cabrillo three 2 story and basement frame flats 2 flats in each building owner oscar heyman amp bro cost $9ooo each e columbus 94 n vallejo twostory frame stores and flat owner vitalini contractor pasqualetti 2330 larkin st cost $15 000 nw portola 80 and 120 ne 14th ave e 28th ave 75 s lincoln way three 2 story and basement frame dwellings owner fernando nelson amp sons cost $7ooo each s geary 82 6 e 22nd ave onestory concrete market owner d sangiacomop contractor a sangiacomo cost $5ooo e brighton ave 250 n holloway one story and basement frame dwelling owner oscar lind cost $2boo e twenty eighth ave 100 n taraval one story and basement frame dwelling owner devan gelder contractor john a pereia 430 19th ave cost $3ooo s maynard 440 w craut onestory and basement frame dwelling owner patrick horgan cost $4ooo nw farragut and rae one story and basement frame dwelling owner e varni cost $3ooo w sixteenth ave 250 n judah two story and basement frame 2 flats owner elias vigen cost $6ooo w lee ave 200 n grafton onestory and basement frame dwelling owner meyer bros cost $3ooo s harriet 100 w folsom raise flats and remodel for private garage owner w mogclefsky cost $looo se wawona 36 6 and 61 6 w 15th ave two 1 storv and basement frame dwellings owner fernando nelson amp sons inc cost $4ooo each 431 eighth st erect water cooling tower owner consumer ice co contractor robt trost 26th and howard sis cost $2500 sw thirty fourth ave and balboa one story and basement frame storesowner john p sheehan contractor ed zinkand amp son 434 10th ave cost $5ooo s wilson 225 e rhine one story and basement frame dwelling owner charles gust cost $3ooo n farallones 200 e capitol onestory and basement frame dwelling owner john jaklitsch cost $3ooo nw dolores and 23rd sts twostory and basement frame 4 flats owner a bernhardt cost $9ooo e thirty fourth 225 s lincoln way two story and basement frame dwelling owner dr ryer contractor demarais amp son 732 page st cost s6 xx sw monterey and genessee onestory and basement frame 2 stores owner mcgary robson cost $5ooo e delano 120 n santa ynez onestory and basement frame dwelling owner peter h wulff cost $2500 ne nineteenth and taraval onestory frame 2 stores owner st george holden contractor wm l terry 90 allston way cost $2500 se stockton and vallejo sts remodel for bakery ovyner victoria pastry co contractor sintonelli 335 stockton st cost $2ooo s market 155 e eighth remodel for theater 399 seats owner marion realty co cost $5ooow guerrero 100 n 16th general alterations for can washing and storage plant owner national ice cream co contractor alfred s gough 10 washburn st cost $2500 n alamanada 180 e noe onestory and basement frame dwelling owner axel r larson cost $3ooo 163 second st new flooring elevator repairs glass and glazing painting and white washing for warehouse owner a block contractor chas coburn 180 jessie st cost $3ooo 317 319 harriet st wing addition for offices owner walter and harold simpton cost $looo n otis 66 w 12th three story concrete factory owner geo a clough and mckee contractor hjul 128 russ st cost $20 000 no 600 602 capp st remodel for private garages owner mrs t simons contractor f amp j nielsen bros 2311 bryant st cost $looo e walter 192 s duboce ave twostory and basement frame 4 apartments owner roy larson cost $7500 n parnassus 235 5 w willard two storv frame fraternity house owner delta sigma delta zeta fraternity contractor wm mclntosh 180 jessie street cost $20 000 e thirty third avenue 100 125 150 s cabrillo three 2 story and basement frame flats 2 flats in each building owner oscar heyman amp bro cost each $9ooo e columbus 94 n vallejo twostory frame stores and flat owner vitalini contractor pasqualetti 2230 larkin street cost $15 000 nw portola 80 and 120 nel4th avenue 1 28th avenue 75 s lincoln way three 2 story and basement frame dwellings owner fernando nelson amp sons cost each $7ooo w lane 25 sw wallace onestory and basement frame dwelling owner joseph ferri cost $3ooo e san bruno 100 s woolsey raise and remodel for residence owner j glover contractor m brueck 600 charter oak ave cost $lboo e forty second ave 100 n irving one story and basement frame dwelling owner martha l thaver cost $lboo peninsula 64 n bay shore ave one story and basement frame dwelling owner crocker eistate co cost $3300 se dorchester and ulloa onestory and basement frame dwelling owner bailey contractor kelley 168 hancock st cost $7ooo n maynard 329 8 e mission onestory and basement frame dwelling owner lindsay constr co cost $4500 s kirkham 30 e forty ninth ave one story and basement frame dwelling owner miss beazley contractor kempthorne 1642 great highway cost $2ooo w san leandro 286 s darien way two story and basement frame dwelling owner and heuter contractor boxton amp zwieg san leandro and darien way cost $6ooo w san leandro 200 and 240 s darien two 1 story and basement frame dwellings owner and hueter contractor boxton amp zwieg san leandro and darien way cost $6ooo each se tara 120 146 8 and 173 4 n mt ernon three 1 story and basement frame dwellings owner edith graff cost $4ooo each s stillman 450 e fourth twostory reinforced concrete building owner e schenck contractor buschke amp brown 604 mission st cost $booo n maynard 329 8 and 534 8 e mission two one story and basement frame dwellings owner lindsay construction co cost $4500 each n capp 160 s mission one storv concrete garage owner mrs neilson cost $7ooo 260 divisadero remodel store front owner max link contractor a gold 2431 fillmore street cost $2ooo v fortieth avenue 150 s cabrillo one story and basement frame dwelling owner ernest j olsen cost $3500 san andreas way 800 n santa c lara avenue two story and basement frame dwelling owner schnapp contractor john harder 870 thirty ninth avenue cost $6ooo hirty seventh avenue 225 n fulton two story and basement frame two flats owner john v stiefel cost $7500 sw harrison and twenty first rear one story steel frame corrugated iron covered factory storage shed owner ford motor co contractor schultz construction co 46 kearny street cost $5ooo 430 bay one story frame machine sl gt p owner frank moretti contractor b guastavino 400 bay street cost $looo n twenty sixth 105 w church twostory and basement frame two flats owner ward c brown cost $6ooo w pearl 125 n duboce ave ue two story and basement frame four flats owner o knight cost $7ooo 440 brannan raise and underpin present building about four feet install steel sash erect partitions construct windows and skylights build two dry rooms and boiler room owner perfection silk mills cost $3500 s athens 175 e naples onestory and basement frame dwelling owner william h grahn cost $3ooo n twenty sixth 132 6 w church two story and basement frame two flats owner wilbur c parker cost $6ooo e charter oak avenue 300 n augusta one story and basement frame dwelling owner j kurt cost $lboo 722 market street alterations for clothing store owner wallachs contractor mullen manufacturing co 60 80 bausch street cost $5ooo j sw mission and s grace streets three story and basement class c steel frame salesrooms owner don and herbst contractor siegrist co 604 williams building cost $13 966 e forty third avenue 25 50 75 and 100 n cabrillo f our one story and basement frame dwellings owner h wissman contractor meyer bros 603 first national bank building each $3ooo nw cabrillo and twentieth avenue three story and basement frame nine apartments owner thomas quistad cost $20 000 w twenty third avenue 160 185 210 260 n vermont four one story and basement frame dwellings owner andersen bros cost $3ooo each w thirty eighth avenue 25 50 and 75 s anza three two storv and basement frame dwellings owner nick hemminga cost $4ooo each del monte and ottawa $3500 sw del monte and mt vernon $3500 se del monte and mt vernon $3500 e del monte 25 50 75 and 100 n ottawa $3ooo each e del monte 25 50 75 76 2 100 125 and 175 s mt vernon $3ooo each s mt vqrnon 25 50 and 75 e del monte $3ooo each s mt vernon 25 w del monte $3000 n ottawa 75 e del monte $3000 n ottawa 150 e ellington twenty one one story and basement frame dwellings owner charles gibbs contractor john j binet co 336 church street cost as above s fifteenth 77 6 off park hill avenue one story frame cottage owner miss aurilla langstaff contractor frank sherry 1447 mckinnon avenue cost $2300 s bay 87 6 e polk tw o story and basement frame two flats owner niels schultz contracfor schultz construction co 46 kearny st cost $7ooo e roadway leading to statue on mt olympus two story and basement frame two flats cost $booo e charter oak 300 n augusta one story and basement frame dwelling cost $lboo x seventeenth 518 e douglass two story and basement frame four flats owner james e rickets cost $7ooo s ocean avenue 77 7 e capital two story and basement frame flat and store owner feddersen contractor peter m keogh 4235 caixrillo street cost $4500 n francisco 150 e divisadero two story and basement frame two flats owner mason amp pierce cost $booo n flood avenue 200 n genesee one story and basement frame dwelling owner gust john cost $4ooo s raymond avenue 226 w rutland one story and basement frame dwelling owner fred knack cost $lboo 142 powell street remodel for coffee shop owner b van dyke contractor coggins 1120 oak street cost $looo 712 geary street new store front owner p drakaa amp w balias contractor trigger amp hodges 985 folsom street cost $looo w webster 54 6 s green street three story and basement frame twelve apartments owner strand amp strand cost $20 000 n fourteenth 75 3 e noe street two story and basement frame two flats owner a erickson co cost $14 500 n francisco 118 9 and 143 9 w divisadero street two two story and basement frame flats two flats in each building owner john eldrup cost $booo each e forty third avenue 200 s clement 125 on forty third avenue x 120 all work for five bungalows owner w reid contractor henry s nelson 089 sixth avenue cost $4350 each alameda county 2924 russell street berkeley residence owner louie engler cost $b2oo 1529 1000 oaks boulevard berkeley dwelling owner dixon cost $2900 920 indian rock avenue berkeley dwelling owner clarence chase contractor cane cost $7500 1620 arch street berkeley dwelling owner mrs farras cost $5500 1326 russell street berkeley dwell n ff owner sylvester cost $2500 1150 sterling avenue berkeley one j family residence owner ham m3nd cost $3200 1117 addison street berkeley five dwellings owner mollie gentry contractor gcntrv cost $1250 each 1033 1039 spencer street oakland two one story five room dwellings owner the century builders contractor s kemp cost $2500 each 252 lakeshore boulevard oakland alterations owner swayne contractor thomas cost $1422 nw corner curran and montana street oakland one story eight room two family dwelling owner thomas cost $5ooo ne twenty fourth street 100 vy twenty third avenue oakland alterations and additions owner thos tello contractor hosttler cost $lboo 2727 sixty seventh avenue oakland one story four room dwelling owner guy r merrill cost $2500 2872 hopkins street oakland onestory four room dwelling owner robinson cost $3ooo 884 thirty eighth street oakland one story five room dwelling owner wm neary contractor peters cost s27jo lot 256 merriewood tract oakland one story three room dwelling owner hargreaves cost $lboo 2036 east twenty eighth street oakland one story five room dwelling owner nielsen cost $3500 2627 2733 sixty sixth avenue oakland two one story five room dwellings and garages owner samuel moe cost $3150 2445 scenic avenue oakland onestory six room dwelling and garage owner mattison cost $3boo liggett drive and estate drive montclair oakland one story fiveroom dwelling owner mrs donovan contractor joe boeddeker cost $14 075 s cavanaugh road 100 e trestle glen road oakland one story sixroom dwelling and garage owner samuel moe cost $6200 1109 mandana boulevard oakland one and onc half story seven room dwelling owner fisher cost $7ooo 5322 yuba avenue oakland 2851 and 2855 hirdsall avenue oakland three one story five room dwellings owner gray cost $3ooo each e walker avenue 65 n weldon street oakland three story twentyroom apartments owner n amp gillespie cost $lb ooo mv corner east fourteenth street and seventy second avenue oakland one story brick garage owner abrusci contractor james construction co cost $12 000 731 central avenue 1403 1407 1409 page street alameda four one story four room dwellings owner j frederic contractor david cost $3ooo each 735 central avenue alameda onestory four room dwelling owner j frederic contractor david cost $3400 1409 page street alameda onestory frame building owner j frederic contractor david cost si 000 2440 bartlett street oakland onestory five room dwelling owner ogden cost $4250 1215 thirty third avenue oakland one story fire house owner city of oakland contractor bertelsen cost $bbb7 2706 viola street oakland onestory five room dwelling owner t stringer cost $3150 e pinehaven road 600 n thornhill road oakland one story three room dwelling owner miss d fleck contractor geo a fleck cost $looo 1336 ninetieth avenue oakland one story five room dwelling owner chas h wilson cost $2boo xe corner hopkins street and woodruff oakland two story sixroom flats atjd stores owner j bertoldi amp h bisboi contractor joe bertoldi cost $6500 se corner eleventh and west streets oakland one story tile garage owner barry contractor power cost $2ooo e peralta avenue 175 and 212 n lynde street oakland two onestory five room dwellings owner ehrenffort cost $3ooo each 818 trestle glen road oakland two story 7 room dwelling owner ruth schrog contractor sommarstrom bros cost $7750 t 643 beck street oakland two stores and dwelling owner schumacher cost $6500  251 sixty sixth avenue oakland one story five room dwelling owner rogers cost $ 1375 1424 fifth street oakland alterations owner mathias contractor j santos cost $looo 1843 103rd avenue oakland one story four room dwelling owner sackett cost $3ooo 889 fifty third street oakland one story six room dwelling owner phillip crivello contractor geo van clack cost $5ooo 3432 sixty fifth avenue oakland one story five room dwelling owner jj p erhman cost $3ooo 1310 ninety fifth avenue oakland one story five room dwelling and ga rage owner early contractor griffith cost $2600 sixty eighth avenue 320 s flora street oakland one story five room dwelling and garage owner sullivan cost $3200 331 college avenue oakland twostory office and store room owner 18 f murray contractor harry lassen cost $l7oo y lockwood street 150 e seventy third avenue oakland one story 15 room dwelling and garage owner j°v leese cost $2950 715 pleasant street oakland one ► gt story four room dwelling owner nefcherly cost $2ooo 8539 lilanch street oakland onestory four room dwelling and store owner quintanalo contractor gomez amp azzarini cost $3500 3645 patterson avenue oakland one story four room dwelling and garage owner dayton smith contractor a anderson cost $2750 2165 forty seventh avenue oakland one story five room dwelling and garage owner jos a lapoint contractor patterson cost $4200 ne corner sixty seventh avenue and east fourteenth street oakland twoistory nine room apartments and stores owner conrad roth cost $b5oo 3770 park boulevard oakland three story 24 room apartments owner tomlinson cost $20 000 no 1032 san antonio avenue alameda one story 5 room dwelling owner julius groden cost $4ooo no 1036 san antonio avenue alameda one story 6 room dwelling owner julius groden cost $4ooo no 1820 lincoln avenue alameda one story 5 room dwelling owner west end building association contractor thiele cost $3ooo no 1601 lafayette street alameda one storv 5 room dwelling owner west end building association contractor thiele cost $3200 no 728 lincoln avenue alameda one story 5 room dwelling owner elsie and gottstein contractor charles falk cost $3500 no 2139 spaulding avenue berkeley one story 5 room dwelling owner m peel contractor roby amp son cost $3ooo no 2748 mathew street berkeley one story 6 room dwelling owner e grunewald cost $2950 no 1207 virginia street berkeley one storv 4 room dwelling owner miller cost $2ooo 120 ea t 33rd street rear oakland one story 4 room dwelling owner jos erickson cost $2500 se cor 49th avenue and e 12th st oakland alterations owner coast tire amp rubber co cost $l2oo 321 perkins street oakland onestory 6 room dwelling owner brett cost $4500 250 1 68th avenue oakland onestory 5 room dwelling and garage owner grady cost $3150 2300 auseon avenue oakland onestory 5 room dwelling owner murray cost $2500 704 east 18th street oakland alteration to apartments owner dyer cost $l5oo 8 celebrating our 25th year in business in san francisco with a special discount of 10 to 20 from our regular prices $5o to $75 on all made to order suits and overcoats select from our entire stock of foreign and domestic woolens the same high grade tailoring that has always characterised our work will also prevail kelleher amp browne the irish tailors 716 rtarl ft st near kearnyi labor news that is unbiased by bennett l williams uis daily column in 1 the san francisco bulletin is recognized as a reliable clearing house of information on happenings and ideas in which men who work are inter ested it is fact stuff free of personal opinion and propaganda look for it the bulletin by the month 60 cents boss reg pat orr °™road mian union made overalls workshirts use bass heuter paints and varnishes made in california since 1857 building papers zellerbach paper company 534 552 battery st at jackson san francisco cal telephone garfield 2300=furnish your home at the eastern =liberal credit terms eastern outfitting co 1017 market street home of tho occidental stoves we give and redeem american stamps,0,0.8532737541210909
reorganization of industry must carry throughthe reorganization of industry is certainly no easy task but it is a task which america must carry through we may easily have differences of opinion as to the efficacy of each particular measure employed in the achievement of this great goal but such differences of opinion do not constitute the american issue now the issue before us is whether we shall go on with that task or abandon it on the theory that no new deal is necessary edward a filene ,0,0.7301937612350171
work spreading saves jobs for 18 416 employeesthe work spreading program adopted four months ago in san francisco has kept 18 416 men and women on payrolls who otherwise would have been unemployed according to the report of powley executive vicechairman of the employment committee powley s summary revealed that 2215 of 2355 firms interviewed or 95 per cent reported to the committee these firms employ 142605 persons and since august 1 have added 2844 to the payrolls and retained 5571 who would otherwise have been ordered to lay off the total number of employes added or retained through job sharing since the plan was introduced is 18 416 equivalent to a 14 8 per cent increase in employment true to the tradition of san francisco this movement has been outstanding in accomplishment said powley there are now 1144 san francisco firms with job sharing in effect or 52 per cent of the employers reporting to the committee a total of 1476 firms have agreed to avoid layoffs by spreading work thus 67 per cent of the firms interviewed are coopearting under the plan ,0,0.8401251256458365
by bus rep carl sundahlfull employment or unemployment i am assuming there will be other accounts in this paper written of the conference on full employment held last saturday at san francisco state college the 450 500 people present ranged from famous names in union circles who were present as speakers and panel members to several california assemblymen to university of california experts on industrial relations to average people like you and me all these people were there to tackle the question what to do about unemployment we can t continue to ignore the gradually rising level of unemployment more youngsters and oldsters cut off from work automation and new trade techniques continuing at increasing speeds at this conference on full employment hundreds of people asked themselves what to do about it and many came up with many answers but usually the first answer was a shorter work week and the answer to this was usually that the shorter work week only compensated for some of the increased productivity of modern industry and failed to put more people to workthe next answer was almost always earlier retirement the idea being that earlier retirement of active workers will provide more jobs for the younger people flooding the labr market however many speakers ranging from dr carstens who is head of the institute of industrial relations of the university of california at los angeles to harry bridges of the international longshoremen and warehousemen s lnion agreed that a new requirement should go with the earlier retirement cure for unemployment proposals the requirement must be that retirement must be accompanied by a decent retirement income why probably 90 per cent of the present group of people retiring from work are retiring to a long life of poverty the average working man can look forward to 20 years of life on an income about equal to unemployment benefits in addition they generally lose the fringe benefits of their trade vacation pay fair heath and welfare benefits they retire to live on onefourth to one and one third of their previous income where does the consumer demand for production go when these thousands retiring each week drop from $5oo 900 a month to $5o to $250 a month income what are some of the questions or angles to consider one raising retirement payments social security sharply will raise consumer demand sharply and have a strong effect on unemployment two provide free comprehensive medical and hospital care to all retired people results a happier and healthier group of people who will have happier relatives and a big market for new clothes apartments hospitals doctors and nurses plus the schools and gear to train them more employment for the people people at the conference agreed that the retired person in our communities should be treated by society in a civilized manner should be well fed well clothed well housed medicared without any of theamerican medical association baloney about over 65 types of insurance there are as many retired people now in california as there are working union members and the number of retired persons is increasing as technological unemployment forces us to say all people want to retire early we are simply masking growing unemployment as early retirement the economics of our national daily life require greater consumer demand to provide work for the presently employed if we don t legislate nationally to give a sharp boost to consumer demand unemployment or early retirement is going to come to younger and younger people but to make it worse these younger people will find they are eligible only for temporary unemployment benefits but are too young for the povety of early retirement being too young to qualify for social security benefits this country can make a big start on this problem there are many things to do that must be done we can tame the universe police the world store more power in bombs than all the production needed would consume we must face the fact that unemployment or the poverty of early retirement is a national problem a menace to our national collective security a creeping enemy blotting our image before the world and as such should be given the generous attention and budget that other menaces to national security receive o holidays to all ,0,0.8227408916979234
rail firemen s union elects new leadercleveland john f mcnamara of boston was electee president of the international brotherhood of stationary firemen oilers and railway shop workers at their convention here h lt defeated timothy healy veteran leader of the union who hac served twenty four consecutive terms as head of the union tin vote was 74 for mcnamara and 66 for healy it came as a surprise as reports from the convention a short time before the election indicated that healy was expected to be elected to his twenty fifth term balloting was secret healy s outstanding action in the present convention was the advocacy of a six hour day for labor ,0,0.79696896441124
la committee appointed by the denver colorado trades and labor assembly to investigate the high cost of living found refrigerator cars loaded with hay and cement they also reported that 45 carloads of potatoes were left in the freight yard to freeze at one time while in another district of thestate a man with 10 acres of potatoes had to cover them with straw to prevent them from freezing because he could get no cars instances like these throw some light on the high cost of living which appears to be to some extent due to railroad mismanagement or lack of equipment and ability to meet the transportation needs of the nation pacific service light heat power pacific gas amp electric co san francisco district 445 sutter street san francisco the berger manufacturing co sheet metal products 1120 26 mission street san francisco phone market 2728 milwaukee brewery of san francisco golden state beer 468 480 tenth st xt support the state that supports you first in stylefirst in quality buy and wear the home industry hat made by union hands and sold in four lundström stores by union clerks hats the standard for thirty years 1126 market 26 third stores 2640 mission 605 kearny 2 $2 50 and $3 50 rolkin a sharp proprietors hotel atlanta anderson manager ratbs 75c per day and up special rates by week or month telephone market 426 private exchange connecting all rooms seventh at mission street opposite posteffice san francisco support home labor wieland s the home beer brewery s own bottling in your home jhlffllllllll the james h barry co the star press printers and publishers 1122 1124 mission street phones park 6380 6381 san francisco high costs are being reduced by the bargain offerings of pragers boys new norfolk suits with two pairs of pants for $3 95 $3 95 is a small price for even one pants suits but we are giving extra value always and so have taken this new lot of hoys plain norfolk and pinch hack suits all of them with two pairs of pants and will sell them out at $3 95 they re made of good serviceable fabrics in a choice of light and dark colors sizes 6 to 17 years fre hats tr qi a sts jones market store bargain the 7 5c tobaccos 6 for 25c this includes bull durham duke s mixture queen quality union leader blue navy mail pouch and dixie queen gt ,0,0.8154429701232229
an enemy of progressit would seem to be an attribute of human nature that it should admire the energetic the bold and the brave the men who are always willing to get out on the firing line and take the brunt of the battle no matter what the danger or how thick the shots are flying it is such as these who go away ahead and blaze the trails for the better civilization which is to follow comparatively few of them are ever fortunate enough to reap the benefits of the seed of which they have been the original planters the rocky mountains from alaska to the isthmus of panama are inhabited to a certain extent by men who are looking for a klondike or goldfield of their own many of them are bent with age and at times have had a good thing but could not be satisfied to let well enough alone this spirit of impetuosity seems to pervade all of the walks of life to a greater or less extent it was such a disposition as this that led the rural ist john mackey in northern new york on hearing of the disaster at the first battle of bull run to jump into the air with an oath and exclaim let s take hammers and handspikes and go down there and just slash out of them such men forget that it requires something more than main strength and awkwardness to win the great battles of life it was the training and experience given to the union forces under mcclellan and rosecrans that made possible the later victories of sheridan and thomas if grant had not been possessed of bulldog tenacity he would not have answered as lie did when importuned to change his tactics no i propose to fight it out im this line it it takes all summer it has always taken the rarest kind of fortitude and discipline to rest on one s arms and watch the enemy come close enough so that you can see the whites of their eyes it is then every shot goes straight to the mark all of this sort of strateg will apply with equal force to the labor movement for after all the conditions prevailing under our present civilization are literally speaking industrial war with an armed truce existingfor a considerable portion of the time it is only as one side develops strengtlj that it commands the respect of tlie other however if it would continue to hold that respect it must go all of the time with the proverbial chip on the shoulder shoulders are rather poor supports for chips anyway and they almost variably get up against something that causes them to fall with a dead thud the union that is organized hastily makes a big bluff and doesn t get called is in bad luck if they had gotten their fingers burned a little in their first attempt to play with the fire there would not be so maindisasters to record in the history of unionism the organizations that win real battles are like the armies of washington and of grant who can be patient enough to stand a winter at valley forge or to sleep for months in a southern swamp waiting for the opportune moment to arrive along with this policy must be a course of continual preparation for such conflicts as may from time to time occur there are many elements that enter into such a campaign but the most important are the enlistment of new recruits and the establishment of a good i commissary department i it has been said that an army is compelled to travel on its bell in i other words that if it has nothing in its belly it cannot travel in nearly all of the strikes of history the point where the lines begin to weaken first was where gaunt hunger stared its victims in the face few dollars like sheridan s famous ride from winchester would have saved the day it becomes all the more important therefore that the treasury should not only he built up but carefully conserved for the very purpose for which it was created beware of all temptations to place it where it would r perhaps earn a greater rate of interest but where perhaps it would be like the dutch man s anchor at home when he needed it to keep him from drifting onto a lee shore many a union has had to come down to a system of soup houses furnishing one meal a day to its members and by such methods lias finally won the strike no one who is not willing to undergo such conditions for the sake of unionism can hardly be called a seasoned veteran even at the present exorbitant prices charged by the beef trust $ 000 buys a lot of soup bones when a man is dead broke there is nothing like money in the bank and vice versa as long as one has money in the bank he doesn t have to submit to anybody s oppression the boss that has 100 men at work and knows that each man has an average of $5oo in gold coin that he can lay his hands on any minute is going to have a great deal more respect for them than he would if he knew that last month s groceries were still unpaid for if the individual that has enough to keep the wolf from the door for a year has a better job at more pay than the hobo that is dead broke so the members of an organization that can take care of its members for a while at least will have shorter hours more wages and better conditions generally than the socalled independent workman who imagines that he can build himself lip by making his employer believe that lie really likes to work the work that he likes best of all is to work somebody out and work himself in the average employer despises him and only uses him for a catspaw to pull his chestnuts out of the fire the real independent workingman is the union man whose organization has a full treasury and will protect him in securing his rights if it takes the last cent this is not to say however that the union is to fly the track at every petty grievance but that it should first find out if it is right and then fight it out on this line if it takes all summer as longfellow puts it let us then be up and doing with a heart for any fate still achieving still pursuing learn to labor and to wait by craig in union labor news ,0,0.8331466211991364
havenneb hits district setupa political monstrosity is the way congressman franck r havenner this week described the redistricting plan before the california state assembly havenner points out that the recognized way to reapportion congressional districts is to divide the total population into districts created the equitable average for the 30 districts that california will get should be 350 000 yet says havenner the assembly reapportionment bill makes a mockery of this principle under the proposal population varies from a low of 231 000 to a high of 451 000 this is a classic example of gerrymandering charges havenneralways a wide selection hen s women s and children s apparel selected fur coats electric appliances charge anil budget accounts always reliable in san francisco since 1885 now located 1111 market just above 7th cz rrrnr m mm iji doo ddo 1c nv ga ooooj plenty of power for production avd some of those who created it last year 368 new large industrial and commercial users were connected to and e lines including oil refineries steel fabrication chemical plants the very sinews of american industry their power needs were met with ample reserve to spare by summer our post war construction program will have doubled our 1945 capacity all this took planning ahead and prompt action by many people and as industry expands and e is ready and will continue to be ready with the power and at rates among the lowest in the nation pg^e pacific gas and eiictric company euler executive vice president in charge of and construction program it was mr euler and his staff who planned and supervised the numerous details of this construction program one of the largest and most swiftly executed in industrial history george s rose supe intendent of columbia steel s cold reduction plant at pittsburg california koss needs five giant electric motors to power columbia s 3500 ton monster that produces 450 tons of precious cold reduced steel every 8 hours to steel plants and ample electric power is vital 11 2 535 £2 ml hay 11 clarkson commercial photographer of stockton mr clarkson is one of the 170 000 stockholders who have invested some of their savings in and e sccurities through their investment we have been able to build the dams power plants and miles of transmission line it takes to provide ample pows for northern and central califoaia ,0,0.7232127431309772
not anxious about itfigures compiled by a life insurance company show that 50 000 000 americans carry life insurance on which they pay annual premiums amounting to $2 500 000 000 the policies have a valuation of $64 000 000 000 these are large figures particularly interesting now that the union labor life insurance company is to enter the field insuring workers and whoever else may want to be insured it would be interesting to have the figures about life insurance profits it doesn t appear that insurance companies are so anxious to make those figures public ,0,0.8264274426438836
san francisco receives recognition in the architectural forumsan francisco receives recognition as a center for talent in all fields of art in the publisher s letter appearing in the june issue of the architectural forum citing the city s union square garage as an example of architectural skill the publisher continues this city has more to claim your attention than its dramatic views it has more top people in all of the arts than any other city which comes to mind it not only has an abundance of top architects builders who can build anything and often do fine painters and sculptors a craft grbup led by the world s greatest weaver landsscape architects who know how and who know when to stop outstanding museum directors but even a chamber of commerce president who acts less like one than any other c of c prexy alive most of all san francisco appears to have more civilized people than other cities whether they thrive under the constellation of stars or whether the stars shine brighter in this sympathetic heaven is a chicken and egg argument vice or versa san francisco has what it takes and even more important san franciscans take what it s got ,0,0.7561058680089752
let them share our christmas cheer my matthew woll vice president american federation of labor and chairman american labor committee to aid british laborllns year as the christmas season of peace on earth good will toward men takes over again in our land the sharp contrast with the tragedy that has all europe in its grip strikes us and tempers our traditional joys and pleasures this year when we bring our gifts hoine for our loved ones when we think of the happiness with which children throughout our fortunate country open their christmas packages and greet their presents with unbounded delight we think also of the children in great britain whose parents are not with them and who do not live in the security of their own homes i as vou fathers and mothers in our country gather round vou the sons and daughters who have been spared the terrors of coventry the days and nights of horror that have been the portion of children in that war stricken land for several years now won t you give a thought to these little sufferers we think of them this christmas looking for their mothers and their fathers looking for a surprise package that does not come looking for a christmas gift which t ley may not receive 1 his year therefore as you prepare for christmas in your own homes open your hearts to the needy ones abroad the innocent victims of indiscriminate bombings the child sufferers who do not understand why they suffer when you buv for your own families and for your close friends make a contribution for some child in britain know that in addition to the happy christmas which you are preparing for your home you have helped to make a child happy in b uta n add one dollar to your christmas expenditures this vear tor their benefit it is fitting and proper that labor should join with i he british war relief society in this effort to send christinas i packages to those children victims of a war they do not understand inheritors of a world which their elders strive to keep free for the chddren of workers families are the ones who this year need our help i due dollar will send a christmas package containing toys candies and other things from america to delight a child s heart and each package will contain the name of a donor ^ c ha e been working all this year to help our brothers in great britam let us now bring these efforts to a fitting close by bringing a merry c hristmas to the homeless and the helpless child victims ot axis warfare in great britain when you finish reading this short notice put your dollar in an envelope and mail it to the american labor committee to aid british labor 9 east forty sixth street new y ork in addition if you can take up a collection on your job and m your union make this a mutually happy christmas between you and the homeless child victims of great britain in sending your contribution please write your name address and organization so that we may send you a proper acknowledgement aikl credit the contribution to your organization help bring some christmas cheer to the homeless child war victims of great britain act now ,0,0.7530655689937933
archie green lectures nationally on laborlorethis is a progress report on archie green last known hereabouts as a working carpenter member of carpenters local 2164 who was achieving growing renown as a collector of labor songs and folklore it s an announcement also of a new publication labor history published by the historians society new york which features in its first issue an article the death of mother jones this article on the woman who was known as the joan of arc of the american i coal miners is by none other jthan archie green which is another ay of breaking the news that brother green still a member of local 2164 but no longer a working carpenter is achieving national recognition as a foremost authority on labor history especially in the neglected area of labor s colorful traditions in the year or more that has elapsed since told of archie s extensive collection of labor books pamphlets and memorabilia and his researches into its traditions and folk songs he was in residence at the university of illinois as a research assistant in the institute of labor and industrial relations and acquired the degree of master of library science during this period he was busy researching and writing and his articles in the special field that he refers to as laborlore have appeared in western folklore labor history and caravan and have been accepted for publication in the journal of american folklore aflcio education news and kentucky folklore record he was a featured speaker at the 35th anniversary conference and commemoration of the school for workers of the university of wisconsin last november which was combined with the fall conference of aflcio educational directors and the natl institute of labor education currently he is on a lecturing tour in the east from feb 12 to march 12 in which he is giving laborlore lectures at roosevelt university chicago southern illinois university carbondale 111 indiana university bloomington ind ohio state university columbus o cornell university ithaca rutgers university brunswick and princeton university princeton the programs he is offering on this tour include images and traditions in american labor history a three part presentation illustrated by tape re corded industrial songs techniques in folksong collecting illustrated by a taped visit with aunt molly jackson miners millhands and militants the songs of american workers and similar laborlore programs archie expects to be back in san francisco in mid march and it is likely that the home folks will then be able to catch up with his progress and hear some of his programs ,0,0.6983584655619499
getting worseat the present time there are nearly 800 000 persons out of work in new york city and the unemployment situation is not improving edward c rybicki director of the city s free employment agency said recently ,0,0.7612079311031005
how contractors and builders may obtain financial aid under the federal housing administrationin obtaining loans for their building projects under the single mortgage system of the federal housing administration contractors and builders in smaller towns have occasionally encountered difficulties because there were no local financial institutions that had been approved as mortgagees under title ii of the national housing act or because the local lending institutions had already invested all funds they had available for mortgage loans in cases where a contractor or operative builder desirous of obtaining financing under the mutual mortgage insurance plan has received a local rebuff he may communicate with the local insuring office of the federal housing administration which will furnish him all available information to help him obtain financing from mortgagees in nearby cities or from the insurance companiés making loans throughout the country if the address of the local insurance office is not known it may easily be obtained from the federal housing administration in washington officials of the local office will be glad in addition to furnishing complete information in regard to possible sources of financing to discuss the proposed building project informally with the operative builder they will be able to give him a good idea as to whether or not a particular neighborhood or subdivision will be acceptable and also to indicate whether the proposed type of dwelling is generally acceptable under the property standards of the federal housing administration formal applications from an operative builder for the insurance of mortgages must be submitted through an approved mortgagee and it is only on receipt of such an application that the federal housing administration insurance office can issue a definite commitment to insure but it will render the operative builder every assistance possible after an operative builder has placed his application with an approved mortgagee willing to make the loan it is forwarded to the federal housing administration insuring office for final determination as to whether or not the loan is eligible for insurance if it is eligible a commitment is issued to insure the dwelling or dwellings upon completion the financial institution may then proceed to make a construction loan with the definite assurance that upon completion of the project the loan will be insurable an added impetus to the completion of such transactions is the liquidity of insured mortgages made possible by the willingness of the reconstruction finance corporation mortgage company to purchase such insured mortgages on property constructed after april 1 1935 ,0,0.8057418968656319
smil i mga tourist from the east stopped to change his tires in a desolate region of the far west 1 suppose he remarked to a native onlooker that even in these isolated parts the bare necessities of life have risen tremendously in price yer right stranger replied the native gloomily an it ain t worth drinkin when ye get it dietitian a few leaves of lettuce without oil a bran cracker and a glass of orange juice stick to that and your weight will come down woman well that s fine doctor now do i take that before or after meals union pacific magazine a boastful new yorker had been admitted to heaven and was descanting about niagara falls a little old man near by sniggered at him perhaps sir exclaimed the annoyed new yorker you don t thing eight million cubic feet a second is a lot of water might i ask your name certainly noah small boy pop what s those things on the cow s head pop those are the cow s horns cow woo small boy pop which horn did the cow blow brown was loaded up with parcels when his friend accosted him been doing a little shopping queried his friend yes brown assented i ve bought my wife a new hat two boxes of chocolates and a string of pearls good heavens man exclaimed his friend what an awful quarrel you must have had rogers where d you get that black eye old top pete that berth mark rogers oh i say now pete that s right i started to get into the wrong one teacher johnny if your father could save one dollar a week for four weeks what would he have modern child promptly a radio an electric refrigerator a new suit and a lot more furniture the new outlook ♦ mummy can all angels fly yes darling but the cook can t fly and daddy calls her his little angel no but she will fly dear nebelspalter zurich villager l like your preaching vicar i learn a lot from your sermons vicar very glad to hear that yes until i heard what you had to say on sunday i always thought sodom and gomorrah were man and wife tit bits have you seen norah s new evening frock no what does it look like well in many places its very like norah london evening news the time will come shouted the speaker when the women will get men s wages yes said the operator in the print shop next saturday noon ,0,0.7855113273510141
non union music at old homestead market on hayes streetnon union music was one of the chief features of the grand opening of the old homestead market corner of hayes and gough streets a short time ago all efforts to have union musicians employed failed a big front page advertisement in the district newspaper made the startling and sensational announcement that frank abinanti had started in business for himself in hayes valley nearly four years ago had made friends and had climbed to success in the business world etc possibly mr abinanti forgets that much of his success may be due to the patronage of union men and women who are located largely in that district and who may have enabled him to climb to that success in the business world the use of non union music at the opening celebration of the old homestead market in spite of every possible effort to induce the employment of union musicians simply showed an antagonism toward which should be given the most serious consideration by every union man and woman the non union attitude toward organized wage workers by the owners of this market deserves special attention for they are not entitled to the patronage of any self respecting union man or woman there are too many good markets both in that district and in other parts of this city which are entitled to the support of unionists add deserving of their patronage any house or employer who refuses to recognize organized workers is not entitled to any recognition by them by their acts must we know them and they should be treated as they deserve to be an injury to one is the concern of all if this is faithfully carried out employers of non unionists will soon realize the error of their way in the meantime be sure and patronize only those who are not antagonistic to us non union music at the old homestead market shows how that firm which has climbed to success in the business world stands in their attitude toward unionism one good turn deserves another9 a good place to trade courteous service broad assortments moderate prices market at fifth san francisco 1 well established for quality union house mead s restaurants and bakeries san francisco 159 third 117 third 241 kearny 14 east and 3 market 64 and 68 fourth 24 sixth street oakland 418 thirteenth street 2312 broadway 470 seventh street alameda 1427 park street 4 ♦ your best friend when in trouble or the time comes when you wish to engage in business there is no better friend you can turn to than a bank book start one now and allow us to add every six months 4j4 interest per annum to your deposits italian american bank sacramento and montgomery sts san francisco calif branch columbus ave and broadway st established in 1899 member of federal reserve system y ii a 4 the same old flavor the same old taste drink rainier s you cannot tell the difference 4everything for the home easy terms rurnitum company bunster amp saxe 1049 market street granada theater right opposite pompei macaroni factory inc manufacturers of high grade goods oakland branch 501 franklin st phone lakeside 1346 los angeles branch 105 court st 2987 89 folsom st near 26th phone mission 5744 san francisco phone hemlock 599 the hub restaurant nielsen bros proprietors 1680 market street market and haight branch of the 16th st restaurant 3027 16th street gt 1 1 coffee cake price s ye quality shoppe 828 clement street pacific 343 638 irving street sunset 4000 from canada to mexico tacoma brew best east or west meyer s soda water co distributor san rafael california,0,0.7954880082069476
salutes henning new zealand laborwhen ambassador john f henning arrived in wellington new zealand last month the laborers union of new zealand which has headquarters directly across the harbor from the embassy saluted him by flying the american flag from its office peter butler general secretary of the union said the flag was hoisted to honor the former undersecretary of labor as he assumed his new post ,0,0.7304062190387262
work comp bills backed by marksstate senator milton marks has introduced a series of workmen s compensation bills in the legislature on behalf of the california labor federation afl cio the seven bills by marks to expand benefits under the workmen s compensation program include sb 364 to liberalize benefits to beneficiaries of workers killed on the job sb 365 giving injured workers greater flexibility in choice of physicians ,0,0.8046401711614373
green to offer planks to democratic conventionchicago president william green presented the american federation of labor s platform recommendations to the resolutions committee of the democratic national convention here on july 18 the proposals identical with those submitted to the republican convention last month call for a three way security program reorganization of the department of labor and repeal of the connallysmith act ,0,0.7692270010594504
too many coal minesthere are too many soft coal mines according to the fact finding commission appointed by the president to investigate that industry how great is the present inflation of the industry cannot be stated exactly at this time the announcement reads but unquestionably the inflation is excessive estimates of the excess mine capacity range from 30 to fully 60 per cent above the country s normal demand which for the last live years has averaged about 510 000 000 tons a year it seems plain that the industry should not be further inflated by opening new mines the facts already presented furnish a valid argument against continuing to enlist new capital in the business thereby opening new mines that are worse than unneeded for they further spread and thus overtax car supply and shorten the possible working time of miners in the vicinity that are already well equipped to ship 50 to km per cent more coal than they ship now ,0,0.760096258749748
fifteenth annual conventionlong before the hour of ten o clock monday morning march 15th the assembly room corridors entrances and halls of the building trades temple were crowded with delegates and visitors who had come to attend the fifteenth annual convention of the state building trades council when general president mccarthy called the convention to order every available space in the big auditorium galleries and hallways was occupied addresses of welcome were made by grant hamilton special representative of the american federation of labor senator lawrence j flaherty representing governor johnson who as unable to attend the opening session of the convention supervisor charles a nelson who presented the key to the city and paul scharrenberg secre tary treasurer of the gt california state federation of labor president mccarti y responded in his usual able manner he expressed the appreciation of the convention to the speakers for their eloquent remarks upon the recommendation of the committee on credentials more than three hundred delegates were ordered seated and credentials for half a dozen delegates were held for further investigation the general executive officers rendered their annual reports monday afternoon and tuesday forenoon which were referred to the proper committees about twenty resolutions were presented and referred to the committees as guests of the state building trades council the delegates were given an automobile ride through golden gate park down the ocean boulevard and back through the presidio reservation and on wednesday afternoon and evening the delegates were entertained at the exposition where they joined with the irish societies in the celebration of st patrick s day friday afternoon the delegates will be given all excursion around san francisco bay and on the evening of the same day they will be tendered a grand ball at the temple auditorium by the san francisco building trades councilpresident mccarthy announced the appointment of the following committees committee on resolutions macdonald chairman stahl vickers donohue cazad committee on constitution and law james a gray chairman woods bowen edward brady mcfadden committee on adjustment thos graham chairman dwyer hendricks peter bennett eggerth committee on report of general president tom barker chairman connors burns harry banker harter committee on report of general secretary treasurer mathewson chairman ira markwith heckman gus uhl h hansen committee on report of general counsel lloyd chairman stuart chas f weber chas noonan burroughs committee on report of local councils john coefield chairman coffee dickerson joseph i creen adams committee on report of general executive board macdonald chairman thomas westoby michael sweeney georg r walters ^cook committee on press secretary treasurer and assistants committee on education bibbv chairman stevens dewar grogan flynn committee on economics 1 tondorf chairman chas h holmes melville kelley jones committee on organization usher chairman geo e wilson pepper martin iverson foley committee on ways and means gibbons chairman wisdom geo gardner white coyler 1 committee on memorial bradshaw chairman hunt harvey jas mcphedran a gustafson assistant secretaries gilson harry henry assistant sergeant at arms harvey messengers peter bielenberg j reilly ,0,0.8187529416922712
right to work for less beatencolorado labor has blocked an attempt by reactionary forces to put a referendum on the november 4 general election ballot outlawing the union shop in public employment the initiative followed the current right to work blueprint it called for immediate firing of any public worker who engaged in a strike slowdown or other public service interruption it would have made binding arbitration of wages hours and working conditions illegal the result colorado state afl cio president norman n pledger observed would have been to end collective bargaining and take whatever the boss gives you or quit where labor meets to eot f bruno scatena s deea 0 j westlake finest foikwest coastbruno scatena owner paul ferrari general manager pete cimino night manager wed thru sun chris michaels and salvatore cavallaro outstanding italian and american cuisine charcoal broiled steaks and chops open 7 days a week from 11 to 2 luncheon sen ed from lam,0,0.7388147172536074
arizona s governor defends union shopphoenix ariz governor hunt ridicules the claim of the worcester mass metal trades association which wrote him on the value of the non union shop which it refers to as open shop governor hunt replies i am in receipt of your letter and statistical report of the sth instant issued for the people who may believe that trade unions improve financial conditions the moral fiber or the general conditions of the workers i am one of those persons who do so believe and do still so believe in spite of your very convincing statistics your well intentioned society appears to be one of those organizations incapable of realizing that your community is reaping all the benefits of without sharing any of the responsibility in other words such a community is a parasite to a world fighting for democracy and claims such as you are putting forth are not only misleading but anarchistic i find nothing in your statistics to indicate the hours of labor or any other limitations prevailing in your city there is nothing to indicate what safegaurds are being placed around labor by women and children there is nothing to indicate that your community enjoys the beneficent effects of a minimum wage or any of the other laws that has stood for and which are doing so much to solve our industrial in arizona,0,0.8254144315758589
labor commissioner s report for aprilsan francisco bay industrial area plants employed 269 700 wage earners in april approximately the same number as in march 269 600 in april 1942 factory wage earners in the area numbered 157 100 for the first time since april 1941 employment in durable goods industries in the area failed to rise over the previous month the 220 400 wage earners in the durable goods group in april represent a decline of 1 200 below the total of 221 600 at work in march a year ago 107 900 factory operatives were employed in these industries reflecting increased worktime average weekly earnings in all manufacturing industries combined rose to $56 31 in april from $54 83 in march and $44 55 in april 1942 average hours per week reached a new peak of 44 4 in april 1943 compared with 43 5 in march and 41 5 a year ago hourly earnings in all manufacturing plants averaged $1 268 in april slightly above the average of $1 261 in march but nearly 20 cents an hour above the average of $1 074 in april 1942 ,0,0.7831606138803804
labor dept will train 25 women for social worksan francisco adult volunteers from the girl scouts and the camp fire girls wid train 25 san francisco women to be social service workers in a new job program launched by the department of labor here and in five other key ciites the pilot project will help meet the critical need for com munity agency workers it is aimed primarily at women over 35 at least a quarter of whom will lack formal educa tion necesary for social service work but will demonstrate the will and the aptitude to learn other ciites in the project are boston cleveland dallas denver and detroit twenty five trainees from each of the six cities will get ten weeks instruction followed by on the job experience courses will include social welfare community relations leadership youth guidance and administration on completion of the program after one year the women will be placed in administrative jobs that ordinarily call for more formal training the labor department is putting up $178 300 for the project traffic rate clerk my girlfriend is a twin os amp d clerk she is how can you tell them apart traffic rate clerk her brother is built differently ,0,0.8090894418720858
meetings galere at f conventionsan francisco will be the focal point of the american labor scene in late september and early october when the afl cio convention and several departmental meetings are held iathe city by the golden gate the afl cio convention is scheduled between october 2 and october 7 the building amp construction trades department will hold its sessions september 22 24 the metal trades department meets september 25 26 the union label amp service trades department meetings are september 29 30 the international labor press association con vent ion will be in session september 29 to october 1 the council of afl cio union of professional employees is scheduled october 1 and the aflcio national auxiliaries between october 1 and october 4,0,0.7394389896875506
contentsletters 2 union meetings 3 tile layers 19 4 milmen milestones 5 hammer amp leads 6 concrete evidence 6 bricklayers 7 6 looking up the hatch 7 minutes 11 short circuits 12 covering the floors 13 laborers 14,0,0.6048896177538878
value of shorter workdaywriting of the philosophy of the shorter workday samuel gompers editor of the american federation says in part as a matter of fact the entire history of the world demonstrates clearly that the workmen whose hours of daily labor are comparatively low are those who receive not only comparatively but actually higher wages and this is true as between the workers of any of the countries on the face of the globe this is equally true as between any two states or cities in any country it is true as between any two industries in any one city and it is even true as between two different establishments in any one industry in the same vicinity wherever the hours of daily labor are longest the wages are lowest wherever the hours of daily labor are shortest the wages are highest in truth the same economic law governs even in any one given large industrial establishment in such an establishment having in view of course only the wage earners we find that those who enter it earliest in the morning and leave it latest at night receive the lowest wages paid to employes in that stablishment while those who enter it latest and leave it earliest in the afternoon or evening receive the highest wages paid to any of the employes therein this is due to economic law and is founded in the philosophy that the wage earners whose hours of daily toil are long become physically enfeebled mentally dwarfed and stunted and have few wants apart from their bare necessities of life while on the other hand the wage earners whose hours of daily labor are shortest that is an eight hour or approximately eight hour workday demand and aspire to the highest and best standard of living whose luxury of yesterday is the necessity of to day and whose constant aspiration is for the better nobler and higher life,0,0.6880320644618695
court s ruling on travel pay in mines seen as precedentbasing its decision on the authority of a supreme court ruling in the tennessee coal and iron case the circuit court of appeals in richmond decided that there is no substantial difference between traveling to the working face of an iron mine and traveling to the face of a coal mine concluding that underground coal mines are entitled to the same underground travel pay benefits as are iron ore miners the court noted the established custom in the coal industry not to include travel time in the work week and the strong reason for thinking that congress did not intend to disturb collective bargaining agreements which established a face to face method of computing working time in bituminous coal mines nevertheless the court ruled in favor of the coal miners because the supreme court had based its decision on the ruling that long established custom and agreement were immaterial in any event big precedent the decision not only opens the way for the extension of the ruling to the coal industry but the unions similarly situated can also demand travel time in their negotiations with their employersfif the ownership management circulation etc leouiris by the acts of congress of august 24 1912 and required b march 3 1933 of published weekly at san francisco california for september 30 1944 the and that paper the of the l aforesaid sföifölaltrsafta iicliää äs srfcsäwsä ssclf s™ sks or stockholders oyniog o hold per also immediately ck if not owned by a corporation the names and addresses of cent or more of total owned by a firra company or other unincorporated conthe individual ° n lt ™ as those each individual member must be given cem its name and address bricklayers local unkm no 7 200 guerrero street organized lab or g guerrero street carpet and linoleum layers local no 1235 6 dz union ci no 4 e 91 ä äässsst l 100 or holding 1 per cent ormore of total amount of bonds mortgages or other securities are if there are none so state none para g rap hs next above giving the names of the owners stockholders and crliv holders if anycontain not only the list of stockholders as they appear upon the books of the company but also in cases where hie stockholder or security holder appears upon the books of the company as trustee or in any other fiduciary relation the name of the person or corporation for trustee is acting is given also that the said two paragraphs contain statements embracing affiant s full knowledge and belief as to the circumstances and conditions under wmch stock holder ancfsecurity holders who do not appear upon the books of the company as trustees hold stock and securities in a capacity other than that of a bona fide owner and this affiant has no reaso tobdieve that any other person association or corporation has any interest direct or indirect in the aid stork bonds or other securities than as so stated by him ~ ~ s that the average number of copies of each issue of this publication sold or distributed through the mails or otherwise to paid subscribes during the twelve months preceding the date shown above is this information is required from daily publications only elmer crenshaw secretary seal sworn to and subscribed before me this 30th day of september 1944 jessie d crowley my commission expires september 11 1946give thanks for joe this year ★ fj 5t ffix fie a ts t vi year in serious observance of the j thanksgiving season we can all give thanks for the youth the strength and courage of joe he may not share our peace and comfort with us this thanksgiving although he is fighting that we may have these blessings right now in the midst of holiday observance we can show our thanks to joe by buying war bonds the sixth war loan drive is on from november 20 to december 16 buy extra war bonds thanksgiving bonds give joe the weapons and the equipment he needs to finish the job in 45 9 and e pacific gas and electric company jab a jap with ii tl war bonds o wah loan ★ ★ ★4 issued weekly t ~ hor publishing company incorporated january 16 1900 by associated labor unions of san francisco office mi thirteenth street phone market 4797 at tmrlee ™ etween mission and howard notice to secretaries unions will please send weekly reports to this office of memders w tmhavec ha ng ed their address giving the old address as weu as the new correspondence correspondence to receive early attention must be in at the latest by tuesday subscription rates single subscriptions 1 60 per year six months l oo payable in advance single copies 6 cents each entered at the postofflce at san francisco calif on august 20 1901 as second class matter ,0,0.811496941335865
heat and frost asbestos vmon local 16 story secretary treasurer kin mcgrew business managernominations and elections remember there will be a nomination and election of a member of the executive board at our next regular meeting on september ii to fill the unexpired term of thurman johnson johnson has retired under the western states disability plan the executive board and membership of local 16 wish to thank thurmao for his dedication and service to local 16 apprenticeship school hie apprenticeship school will start its fall semester on september 5 a foam spraying class is scheduled for september 22 26 this will be a combination dass of fourth year apprentices and mwhanks if you want to attend these sessions contact art klimack at 8364787 or 536 5544 f lt workload the work load has dropped and i don t know why because every job i go on seems to be hurting for men we now have 33 men on the out of work list available for work local 5 contract boyd groat attended local meeting on voting to accept or reject their newly negotiated contract they voted to accept by to 1 margin 65 cents the first year august 1 1974 for negotiations on wages and fringes open august 1 1975 for the purpose of negotiating wages and fringes they were unable to negotiate hiring hall provisions suitable to ours they still have name hire provisions information we are having trouble with our contractors bidding small jobs and we need your help in checking jobs in your area i will be taking my other week s vacation the first week in september ,0,0.7400065908574589
business man shows why he uses union labelan opponent of the union label wrote a philadelphia business man protesting against the appearance of the label on the business man s printed matter and asked why the label was used and this was the business man s reply recollection of other days among other things the business man said i can remember when in my boyhood days little boys and girls from six years of age upward trudged through the snow and mud winter and summer to twelve hours of toil in the mills of lawrence lowell and fall river mass when women who were employed in the mills or factories were subjected to the grossest familiarity upon the part of sensual men when there were no private dressing rooms and practical ly no separation of the sexes in any of the toilet arrangements when all the influence of old and young were to promote immorality when there was no protections to employes at dangerous occupations for the safety of life and limb when there was no mining inspection or factory inspec tion and i have been associated in a practical way with the development of label legislation so called which has covered all the points referred to as well as to the system of sweatshops and the employment of mere babies under unhealthy conditions atlaborious toil making the very cradle a part of the mechanism of profit to the employer benefits of unionism i desire to say upon the evidence written in every line of remedial legislation that union labor has been the great instrumentality of reform i do not remember in my experience which has covered much legislation in several states that manufacturers associations or associations of employers in any industry of general reform organizations have been prominent in their demands for the application of remedies it has always been the labor unions that have knocked at the doors of legislative halls they have imperatively demanded recognition they have abolished to a great extent child labor they have protected the employes in every industry against injustice and brutality and have almost transformed labor conditions throughout the country exchange ,0,0.7813740050657119
wage policy and full employmentwhen representatives of labor say that full employment after the war must be based on a high general level of wages they are often accused of speaking in the interest of a single social group sometimes they are even told that the wages they are striving for would endanger the welfare of the working class itself for these reasons it is important to note that a number of experts on economic questions outside the labor movement endorse labor s wage policy this is shown by statements recently made by leading figures in the federal reserve board the country s central monetary authority one of these statements was made by the chairman of the board of governors of the federal reserve system mariner s eccles another by goldenweiser the board s economic advisor in the division of research and statisticsboth experts emphasize the need for a high level of consumption after the war as the basis of a full employment policy mr eccles insists that a high level of consumption will be needed primarily to insure full employment mr goldenweiser stresses the social aspects of high consumption as well and demands that there should be established a standard of living below which no person in this country need fall under any circumstances a minimum of food a minimum of clothing a minimum of shelter education and medical care and even of money that is the floor on which to start and below which no one should have to fall i think that is basic i think our minimum standard is too low and we have to find means of raising it how can we reach the high level of consumption which is required for full employment both mr eccles and mr goldenweiser think we must extend social security and establish a tax system which does not lay too great a burden on low income groups but most important of all they say is an adequate wage policy a high level of consumers expenditures is not possible without a large volume of wage and salary income mr eccles insists if our economy is to operate at full capacity average wage and salary incomes must be high enough at normal hours of work to give the people sufficient purchasing power to take the product off the market when after the war hours return to normal and overtime pay is discontinued total wage and salary income will decline sharply if we are to avoid sharply declining prices and loss of markets which discourage production and business expansion a gradual upward adjustment will be necessary in the wages and the salaries of the great mass of comparatively low paid workers this must be accomplished without increasing prices otherwise the desired increases in consumption would be absorbed by a rise in the cost of living increases in productivity should be passed on to the public largely in the form of higher wages and salaries mr goldenweiser recommends much the same postwar wage policy as mr eccles he is emphatic in demanding an upward adjustment of wages after the war in order to offset at least in part the loss of overtime payment and to correct injustices which have developed during the period of wartime controlsin order to secure a decent standard of living for low income groups one which would at the same time place a floor under consumption mr goldenweiser emphatically stresses the importance of better labor organization among the lowest income groups where we have effective organization we usually have better standards mr goldenweiser insists i think he continues that the best way in which standards can be obtained without too much government interference is by increased bargaining power and bargaining power means organization therefore what we need is better organization among the lower income groups this should be a broad objective of public policy ,0,0.771995706239561
south poor statesheading the list of states with the highest percentage of impoverished families is mississippi according to the welfare department median family income in mississippi was $1 260 in 1963 other states in the top 10 most impoverished were arkansas south carolina alabama tennessee north carolina kentucky georgia south dakota and l uisiana first man to second yeah i see you run things around your house like the dishwasher vacuum cleaner and washing machine ,0,0.856240481445085
year the worst record for the first half of a year was 1980 when there were 930 fewer dealerships followed by 1961 when the drop was 728 automotive news saidof employment either become members of the union or pay a service fee for the cost of union representation a no vote means you are opposed employees shall be given release time to vote it is important to remember that paying a serviee fee does not give anyone the right to vote within the union only members have that right and those who choose to save the couple of dollars difference per month still will have no voice in their own future anyone stupid enough to select this alternative is welcome to do so some supervisors on city jobs are not members and may feel that such an election should not interfere with their work schedules in the word of the famous commercial bull if your boss is reluctant to comply with the state requirement notify your shop steward or the union office at 826 4550 there is no provision for absentee ballots so if you are on vacation etc on the days of the election get to the polling place in some way reminder please do not forget to pay your dues on time under your constitution the monthly dues are due and payable on the first day of the month and unless paid on or before the last day of the following month members shall be considered in arrears and suspended without notice for members mailing in their dues they must be postmarked by the last day of the second month to be accepted there are no exceptions to this rule george ando sec treas ,0,0.824755424237735
my short career as a co operator4 i editor s note joe hustler is the pen name of a member itff pile drivers local 34 ih this article he tells a story with a hr ral aftd one that will have meaning for people in other crafts by joe hustler 1 watched a member of our union as he loaded his car with peevies hammers and a chain saw now everything begins to fit 1 haven t been working too steady and as you know if a guy lt ibesn t make his nut that is enough for his health amp welfareand unemployment insurance he is in a bit of trouble 1 eow know the answer the vt amp y to get on steady with one £ gt f these construction outfits is to be a utility man like a utility player on a ball club obviously the boss is in business to make money and if i can save him dough i ve got it made now i know fellows who go on the job with a welding helmet hanging on the back of their necks a pair of burning goggles in front plus a crescent wrench hammer a tape and rule and carpenters tools tbe gt e fellows work pretty steady obviously the boss likes these cooperative workers so i was attending a union meeting as i was out of work j don t normally go as i understand the employers don t care much for guys who read the tjock some old guy who is on ibis last legs got up and was kicking about some of the fellows buttering up the boss by pickup trucks on the 30b and toting around company tool sare going complete get the best i took the little woman out when i brought it home i ll admit she wasn t enthusiastic but of course if this was the way to make it she would go along the next job i hustle i know you re not supposed to solicit but when in rome the man catcher sees this new beauty and tells me hired everyone sure admires my new truck when i drive it on the job the next day brother it looks like in like flynn after a couple days when we had to move to another location the super suggested i put a few things in my pickup i didn t buy this and the boss got kinda sarcastic and said you have got it and you re here why not make some use of it now the last time tried to pull that gag got my face slapped and i lost a friend finally i got up nerve to tell the super i thought i ought to get 10 cents a mile like the other guys he said what other guys i told him what heard at the union well he said that he d see in the meantime the little woman is asking a lot of questions trouble is i don t know the answers after a couple of days the boss says that he can pay me 10 cents a mile on a contingency basis don t quite know what this means but anything is better than nothing he tells me to leave my pickup right on the job with the key in it and he d keep track of the mileage i was busy and when next i looked up i saw them putting a couple of barrels of stuff in my truck then the boss gets six guys in and takes off for the other job when quitting time came that night i got in the truck it sure did smell of creosote and it was plenty dirty the little woman blew her top and generally raised a fuss of course i told her about the 10 cents a mile and that cooled her the next day the boss loaded a small steam hammer in the truck and when i started home i noticed the truck was lopsided i found out later that a spring was broken i told the boss about it the next day and he gave me 60 cents for two trips 3 miles each round trip and said that he allowed he wouldnt need my truck anymore so in a real fix ithen i hear a man up front say that he had a pickup and he gets 10 cents a mile every time lie takes it on the job now as a member of the brotherhood i understand a union man is not allowed to rent equipment to the boss but this ten cents a mile gimmick puts a different light on it now i know what i ve got to do to get on steady buy a pickup truck  go home all full of idea brother those dollar signs looked big my better half has been working pretty steady lt couming unemployment at the canneries and sold her on the dea of getting a boat and motor so we could get out on weekends a car is no good for this any more mow i told her decided to trade in our car and get a picktup so we could haul a bigger boat brother she hit the roof she wanted to quit work and just take care of me i finally convinced her i didn t need that much care and also use the pickup on the job i explained to her the ten cents a mile bit well finally she bought the package so i go down and trade in our old car three years old just got it paid off for a beaut of a pickup for $2 000 difference of course i had everything on that pickup if youowe $2 000 on a broken down truck which my wife won t ride in sure like to quit but those payments finally i go to the union well paying dues and i ought to get some service when i tell the fellow in the office my story he said he d have to have charges preferred against me for furnishing equipment above and beyond the call of the union contract i started to ask him how about the members who take rain gear on the job also allen j wrenches and about hauling company tools in the back of j their cars not to mention a lot of other brown nosing items that fellows use for equalizers but no stoolpigeon this is the end now this office fellow s initials are don t know or care what the c stands for but i sure know what the s means but everyone to his own trade he draws a steady salary and i still have not made a hit with the boss and i ll be lucky to keep what i have i mean the wife but you can bet on a sure thing if you say not to do any more brown nosing and that my next car is not going to be a truck asking every co op erator to attend union meetings and support me i stand for nixon for president to hell with the water program let em drink beer but of course for aid for the aged getting old on my knees  ibew local 6 short circuits william reedy business manager,0,0.8096317764521046
look hard at the big guysthe increasing concentration of economic power in the hands of giant corporations and banks must be fully investigated to safeguard the nation s democratic institutions the afl cio told congress the answer is a full scale comprehensive investigation by congress of the structure of the economy and the role of the big corporations and their allies the executive council declared recalling the massive studies and reports of the new deal era which spotlighted the growing concentration of the 1920 s and 30s the council said the findings were now far out of date and a new deep and detailed examination is required it noted that ttie 500 biggest corporations now hold more than two thirds of all business income the top 111 manufacturing corporations hold more than half of all assets and get more than half of all profits in manufacturing the 50 biggest banks control more than half of all bank assets and hold leverage control stock in more than 5200 companies,0,0.7608618904971524
