articles,pred,confint
papa wouldn t mindafter being tucked in bed little madge begged her mother to stay with her until she got to sleep for she pleaded it is all dark and madge is so fwaid but there is nothing to be afraid of her mother assured her mama must go right downstairs for papa is there alone waiting for her now try to go to sleep and remember that the angels are right here with you and will take care of you oh but mama wailed the little voice rather have you please mama send the angels down with papa and you stay with madge delineatorcentral trust company of california corner market and sansome streets branches 3039 16th street 624 van ness ave capital $1 000 000 surplus $500 000 accounts of individuals firms corporations and societies solicited interest paid on savings accounts at the rate of 4 per annum drafts and letters of credit issued payable in all parts of the world chas f leege frederick tognassi president chas c moore manager gavin mcnab vice presidents i oresn amp mic at tti gt t viv it hptxnxi f mm i fn iin gt aam t wriif n ii hj to make selections of christmas gifts our stores give the best of opportunities as we have the largest and best stock in diamonds watches jewelry clocks cut glass silverware and optical goods a small deposit will secure any article now send for catalogue sorenson co inc 715 market st near call bldg 2593 mission st near 22nd st all watch repairing guaranteed 2 years,0,0.7726427513634957
boom the label d mcmahon s dabovich first class bar the rialto fifth and market sts phone kearny 2738 phone market 1949 the terrapin 52 seventh st opp first class restaurant and bar issued weekly by the publishing company incorporated january 16 1900 owned and controlled by the labor unions of san francisco attorney cleveland l dam editor tveitmoe business manager cress gannon4,0,0.6642839619636394
heat and frost asbestos union local 16 story secret y treasurerspecial reminder voting will take place at the apprenticeship school 1032 50th avenue in oakland for election to the following offices 1 president 2 vice president 3 financial secretary treasur er correspondence secretary 4 business agent and dispatcher 5 executive board 6 union trustees 7 sergeant at arms a letter will be sent out to the members prior to the election along with a map giving directions to the apprenticeship school regular meeting notice please note that there will be a regular union meeting december 12th fines fines for work report cards and non attendance of meetings will be going out immediately they were postponed until this late date due to the excessively high rate of unemployment our members have suffered this past year it is hoped that with the issuance of the vacation checks december ist our members will be better prepared to meet their obligation to pay fines pension i will be attending pension meetings in san diego next week and also the national foundation of health welfare and pension fund s annual education conference there are several things of importance on the agenda 1 we hope to be able to increase benefits for the retirees 2 now anyone according to our plan in order to have vested rights has to be age 50 with 15 years service or have 20 years service regardless of age in order to vest we hope to bring this down as low as 5 years if possible 3 we will be discussing early retirement 25 years of service and out 30 years of service and outwe still have not cleared up completely the problem with the employers in the arizona area but i am happy to report that they have signed a contract and are now paying the full amount to the pension and there is only one year in question they plan to take this matter into the courts what i mean by one year is one year of contributions at the rate of 20 cents due to the fact that we have the 20c to work with i think it is very feasible that we can increase benefits we will also be discussing ways and means to give a man credit for a pension year while working outside the western state conference and working in an area that has a pension program work load our work load is real bad at the present time we have 88 men on the out of work list and really there is no let up in sight thirty men are out on traveler we do not have at the present time any openings anywhere in the country but as soon as i hear of any area that is hiring men i will certainly notify our people in sympathy we regret to inform our members of the passing away of brother harry mcnally brother harry mcnally had just recently retired and had been a member of our local since june 1954 something to contemplate philippians 4 6 be careful for nothing but in everything by prayer and supplication with thanksgiving let your requests be made known unto god in trajedy s wake tough new mine safety laws have been called for by the annual idaho afl cio convention in the wake of the recent sunshine mine disaster at kellogg idaho delegates stood in silent tribute to the 91 miners killed in the tragedy ,0,0.8369231110701015
cossackism takes new forma state constabulary bill in the ohio legislature proposes that the cossacks shall not interfere in industrial disputes this clause means nothing it can be evaded by later declaring that any strike is an attack on government hostile employers and their political agents can evade this law by planting among strikers a few private detectives who will pose as revolutionists if any worker protests when the cossacks appear he can be silenced by threats of being classed as an agent of moscow cossacks are controlled by the state the people s direct power over police in various communities is taken from them this is the vicious principle behind all cossack proposals no trading or compromise can disguise this attempt to take control of the police from the people and place it in the hands of officials who can only be reached by round about methods ,0,0.6853410991861157
communists get aid from coal magnateswashington the contract breaking pittsburgh coal company has given financial aid to communists louis mcgrew editocof the pittsburgh labor world told the senate committee that is probing the coal strike the witness cited the save the union committee and the pennsylvania ohio miners relief committee as communist organizations don rose attorney for the pittsburgh coal company denied the statements and said mcgrew didn t believe them the labor editor was not awed by the attorney who was contemptuously referred to as a jury fixer listen here don retorted mcgrew you ve done rougher stuff than this not on trial snapped rose well i ll put you on trial replied mcgrew if 1 told all i know about you this ceiling would fall down and i ll come here in two weeks and do it you ve been a fixer ever since you became attorney for the pittsburgh coal company you can t deny that buttsy jones is your jury fixer mcgrew told the senators that a telephone call came to him erroneously to his office on march 10 last year asking for joe vitchenstain editor of the national labor tribune mcgrew quoted the caller as saying this is john brophy say joe the balance of that money is due today the witness said brophy and vitchenstain later met in the seventh avenue hotel in pittsburgh brophy is an active member of the save the union committee he together with the national labor tribune have been denounced by the united mine workers labor is the school of benevolence as well as justice william ellery channing ,0,0.7681829287207329
consumer group calls for rehearing on gift to pt amp tthe california farmer consumer information committee has filed a petition for rehearing before the public utilities commission of decision no 77984 which gives tlie pacific telephone company $1 billion in interest free working capital over the next ten yearsmrs borghild haugen director of consumer affairs for the cfcic and interested party in the $195 million amp t rate increase case petitioned the puc for a re hearing and stay of the order issued by a three to two vote of the five members of the commission dated november 24 and effective the same day puc chairman vukasin jr and members william symons and vernon sturgeon voted for the order opposing were thomas moran a governor reagan appointee and gatov the one remaining appointee of governor brown in his dissent commissioner moran said the majority decision is outrageous its interpretation of the law applicable would discredit a first year law student its summary of the alleged facts and the effect of this decision is no more than a collection of falsehoods the adoption of tlws decision is entirely contrary to the best interests of the people of california and may well generate a backlash which will ultimately prove it to be contrary also to the interests of the pacific telephone company which alone has urged the commission to adopt it moran went on to say the staff and other parties have not yet even completed their crossexamination on the issue of accelerated depreciation and have had no opportunity to put in their direct evidence on the subject commissioner gatov charged the decision by the commission as presently constituted deliberately ignored the public interest actually today s decision will discriminately favör pacific as compared to other california utilities the majority of all california utilities have taken advantage of the benefits of liberalized depreciation and flow such benefits through to their customers pacific and general telephone however have failed to do so and pacific has been found by us to be imprudent for such failure the cfcic stated we concur in the petition for rehearing and stay of interim order decision no 77984 city and county of san francisco and we concur in the dissents of commissioners thomas moran and gatov the decision means that t tit may take all federal income tax deductions available to it but retain the same for its own purposes garret shean of consumers arise now a member of cfcic board of directors also filed a petition for rehearing stating in part this order forecloses evidence which would serve as a basis for a proper adjustment by the commission to pacific s earnings occasioned by the willful refusal of pacific s management to comply with the expressed state policy found in california public utilities commisison decision no 74917 regarding the treatment of tax expense and the actions of the majority owner of pacific in attempting to frustrate the enforcement of a valid state regulatory practice this order therefore renders a decision without a full hearing and is a denial of due process of law ,0,0.7014691735869305
tale of a dogin a small eastern college town the following lost ad signed by a colored resident appeared on the village bulletin board recently lost or rund away all most black and w hite dog his tail cut off pretty dost to body any body find her keep it i belong to him,0,0.739922071178614
san francisco wage earners enjoy labor day celebrationthe labor day celebration last monday was one of the most enjoyable and successful labor day celebrations in the history of the local labor movement the labor day celebration this year was held at california park marin county where 20 000 local trade unionists and their families spent the day in having a good time with the exception of a brief but instructive and entertaining address by city attorney john toole there was no speechmaking everybody had the anticipated good time there were many expressions that this beats marching and standing around from the time the first train and ferry from san francisco reached california park about 10 in the morning until late in the evening there was something doing for the entertainment of everybody unusual interest attached to the athletic program the events conducted under the auspices of the pacific association of the amateur athletic union developed keen rivalry as the champions of various locals and crafts vied for the many prizes more than 300 entered the games which were hotly contested old times revived there was plenty of fun too for old times were revived with the fat man s race the egg race for girls and others of similar caliber one of the events that attracted big crowds and caused much laughter was a nail driving contest for women a lot of good nails iron and finger were ruthlessly hammered the big celebration was staged by the 140 unions affiliated with the san francisco labor council and the fifty two local units of the building trades council state senator thomas a maloney chairman of the day presided at the brief formal program at which the message of william green president of the american federation of labor was read john connell and thomas doyle secretaries of the two councils aided senator maloney in keeping the program going at high speed harry milton and joseph tuite received the crowd with smiles and the glad hand dancing and games the grand ball owed much of its success to the chairman of the ball committee anthony brenner president of machinists union no 58 the games were directed by frank brown and larry miskel watched the gate where numbered tickets were distributed and a drawing for handsome prizes later held colonel david hardy of the teachers federation directed the athletic arrangements while katchinski supervised the judging under rules the women were not forgotten in the distribution of honors on the committees anna brown sarah s hagen ella wunderlich laura molleda and mabel sutton being active in looking after the comfort and entertainment of the women and children scores of contests the musical program one of the most important because of the all day dancing and the concerts at the games was in charge of harry lowensteinscores of special contests were held the boys and girls indulged in a candy eating contest and the final reports were that it was a tie with no doctor necessary the pie eating contest drew so many entries big and little that it had to be called off as there were not enough pies among the officials and others who attended as special guests were mayor rolph city attorney john toole supervisor andrew j gallagher supervisor william p buck stanton who is also president of the san francisco labor council and simply could not miss the fun eddie bryant who collects the taxes and yet is popular walter matthewson state labor commissioner and such old timers as james hopkins michael casey and michael doyle prominent in labor circles these many years frank c mcdonald george kidwell anthony noriega paul scharrenberg and many others whose names are famous in labor were also on hand across the bay oakland berkeley and other alameda county cities joined in the observance of labor day at the university of california in an address at the greek theater will j french former president of the san francisco labor council and now director of the state department of industrial relations reviewed the history of in california enumerating its many successful efforts in raising the standards for the working men and women of the state ,0,0.6689299518608314
buyers go on strike in chicagoexecutives of chain groceries in the city of chicago were bewailing the spoilage of vast over supplies of fresh vegetables and fruits because chicago housewives had banded together on strike against high prices of same ,0,0.8072883167662953
must kave cossacksrock island 111 we must have cossacks if democracy is to survive was the essence of oratory unloosened at a meeting in this city by a party who is financed by illinois manufacturers the employers believe cossacks will keep labor in its place but this reason is too frank to secure results m amp the trademark that guaranteea your holiday suit or overcoat at reduced prices $55 $6o $65 others specijuly priced from $7o to $b5 leave your order today don t wait until the last moment overcoats ready to wear our own make $45 and upwards kelleher 0 4 vd browne the irish tailors 716 market st at third and kearnythe berger manufacturing co sheet metal products 1120 26 mission street san francisco phone market 2728 å i jqmd amp ats for men every time you buy a lundström you put money in your own pocket made in california by union men 1126 market 26 third 2640 mission 60s kearny rolkin bharp proprietor ben risher manager hotel atlanta rates 75c per day and up $3 00 a week and up telephone market 426 private exchange connecting all roome seventh at mission street opposite postoffice san francisco for twenty yeara we have leeued thle union stamp for uae under our voluntary arbitration contract workers union amp factory s our stamp insures peaceful fcollectlve bargaining pwblds both strikes and lockouta disputes settled by arbitration steady employment and skilled workmanprompt deliveries to dealers and pnmlc peace and success to workers and bnployers prosperity of shoe making communities as loyal union men and women wa aak you to demand shoes bearing the shape union stamp on sole insole or lining boot amp shoe workers union 246 summer street boston mass collls lovely oonoral president charles l balne general sec y treaa we close at six o clock every day including saturday summerfield amp haines the home of union made clothing and furnishing goook 997 market street comer sixth st every thursday is bargain day on mission street bet 16th and amy for sole strips on windows of those stores which are giving special reductions mu i ask for mission street merchants coupons,0,0.7849522989171392
power control urgedthe federal power commission in its annual report informs c ongress that if interstate transmission of power is to be controlled from the standpoint of the public interest it is necessary to place such control in another federal agency or broaden the powers of the power commission the report practically blames congress for conditions that have been revealed bv the feedral trade commission s probe of public utilities spend your union wages for union made goods ,0,0.7815442771516279
cannot harness thoughtthose who would shape and determine what human beings should think ought to realize by this time that a thinking human mind cannot be harnessed no matter what rules may be laid down in regard to what must be thought and believed the independent thinker thinks on and out of that thinking has conic practically all the progress we have made if those who think advanced thoughts are to be hounded and persecuted for their own honest beliefs they like their predecessors of old will in self defense go underground with their thinking they will still continue to think hut will not speak their thoughts to everybody lime was when death was the penal tv of independent thinking there are people who would like to chain the thoughts of men and women of our day as ruthlessly as was done during the most intolerant epochs of bygone periods however no matter how much these totalitarian may want to regulate thinking and beliefs it does not follow that they ever will realize their ambitions weak minds may surrender to accepting thinking forced on them hut strong minds never there was a time when over 90 per cent of the population of california were farmers today it is estimated that 7 per cent of our state s population belongs to the wage earning class which places the workers and their families in a position to take a dominant position in practically every election that may be held in california that a better and larger life for themselves and their families is the underlying purpose of the millions of workers who are associated together in labor unions would probably he generally accepted as correctly stating the chief aim of ,0,0.8070070702074261
cox assistant vice president american telephone telegraph cothe san francisco bank savings commercial incorporated february toth 1868 one of the oldest banks in california the assets of which have never been increased by mergers or consolidations with other banks member associated savings banks of san francisco 526 california street san francisco cal june 30th 1928 assets $118 615 481 57 capital reserve and contingent funds 5 000 000 00 pension fund over $610 000 00 standing on books at 1 00 mission branch mission and 21st streets park presidio branch clement st and 7th ave haight street branch haight and belvedere streets west portal branch west portal ave and ulloa st interest paid on deposits at the rate of four and one quarter 4 i per cent per annum computed monthly and compounded quarterly and may be withdrawn quarterlycftldm jlitc cloak and suit house newest fall dresses smartest models inspired by fifth avenue successes and worked out m gleaming satin sheer georgette and rich canton crepe see these at $15 75 ir iiiii 867 market opp powell san francisco 6 union made a friend of labor for 56 years eagleson s since 1872 the hlrts we ell ere union made right in oar own factory thus eliminating the middleman s profit it is the extra quality that we can put into our shirts because we ma them that has mads eagleson amp co famous for its fine shirts and enables us to guarantee every one unconditionally shirts at factory prices dress shirts guaranteed longwearing © fitting fast colored genuine wove madras shirt© 111 stylish new patterns three for ms each $2 15 other dress shirts $1 85 to 7 1 s work shirts eagleson s ex tra quality guaranteed shirts for work wear sport and outing comfortabl© long wearing patterns at $1 15 to $4 50 three san francisco stores store no 1 1118 market st store no 2 119 montgomery st store no 3 736 market st los angeles fresno sacramento lt tke james h barn co the star press printers and publishers 1122 1124 mission street san francisco books magazines newspapers church society and commercial printing phones park 6380 6381 good work fair prices r prioioni 45 turk street telephone prospect 8169 bay city grill oysterb steaks chops fish and poultry private dining rooms for ladies telephone frcnklln 3431 a vtvorio san francltco your credit is good here furnishings for every home on 259 273 post st ne ak stockton terms to suit famous for easy monthly payments your income cnf iii miim ihiuv cooking with a modern gas range gives speed cleanliness and sine baking with the modem gas ranges cooking is easier the oven heat is automatically maintained at any desired temperature by the oven heat control you know whether your oven is slow moderate or hot that makes the baking of meats pies and cakes simple the smooth cooking surface where one boils or frys food distributes heat evenly which means better frying it protects the burners from food that might boil over that makes the range itself so easy to keep clean how can you afford to be without a modem gas range with gas fuel so cheap and everyone liking good home cooking which you can do easily and quickly with a new gas range pacific gas and electric company owned operated managed by californians 241 928,0,0.8039937582609702
california will prove magnet to draw population of the united statesreports coming to the headquarters of californians inc indicate the unprecedented winter storms which marked the first half of march throughout the middle west and east havé proved a valuable adjunct to the advertising of california broadcasted by that organization hundreds of letters commenting on the severity of the winter have been received by californians inc during the past week from all over the united states railroad officials report also a great increase in inquiries about transportation to california the march campaign of californians inc advertising in newspapers and magazines coincide with the outbreak of blizzards in the middle west stated to be the most severe and disastrous in the last quarter century these advertisements were read by millions over a large area hit hardest by zero weather as it happened these advertisements stressed the pleasures of outdoor life in california at this season of the year the conditions existing where they were most widely read increased their effectiveness tenfold and increased the flood of inquiries about california a new series of advertisements written by nationally known men and women who have made california their home has been prepared as a supplement to the general campaign during the spring and summer months the first of this series why i live in california written by kathleen norris has been published another by irving s cobb will soon appear in this the famous author writes if i could so order my affairs as to be able to spend the rest of my life in that part of america which offers most in natural beauty and in the attractiveness of its people i should choose california i should live somewhere in that part of california which lies north of the dividing line that separates southern california from the rest of the state this series will be continued until every widely known author residing in central and northern california has told the world why in california life is better the interest in california created by the campaign of californians inc has been increased by a wide distribution of special editions of san francisco newspapers depicting the resources opportunities and attractions of the state and by effective large scale advertisements contributed to the campaign by railroads the standard oil company of california and the san francisco examiner the net result of the combined and intensive campaign to attract settlers and tourists has been the receipt of more than 90 000 inquiries by californians inc score of families have registered at its headquarters 140 mont gomerv street as permanent settlers attracted by its advertising reports from communities throughout the central and northern i part of the state record an unprecedented number of prospects investigating opportunities railroads predict a record breaking i traffic during the summer following the inauguration of special low i rates in june eastern agents of railroads banks and business houses report a widespread and intense interest in the state and its opportunities created by the three and a half months advertising campaign ,0,0.664793875818823
barbers membership drive gains 1 354 in one monthindianapolis ind the journeymen barbers international union of america added 1 354 to its membership during the last month shanessy president of the union declared our membership campaign is steadily pushing forward although there is nothing spectacular about it and no loud sounding of trumpets as we move toward our great ideal of complete organization mr shanessy said a never ending campaign is a part of our policy instead of having spurts and forward surges and then static for a time while we may be quiescent in some parts of our jurisdiction we are active in another we believe this keeping everlastingly at it will eventually prove its worth by results our union is wholeheartedly in accord with this plan and quietly working for better things and a larger and more militant membership we know that our campaign has acted as an inspiration to other trade unions and they have entered the lists ,0,0.7977540416681437
importance of paying good wagesevery intelligent american especially the very rich and prosperous that want to remain rich and prosperous is coming to realize the importance of paying good wages and giving men reasonable leisure for the enjoyment of life the prosperity of the few depends on the prosperity of the many the safety of the few depends on the contentment of the many arthur brisbane ,0,0.7395019520245065
senate graft probes don t hamper congresswashington the senate probesof graft and loot are not interfering with the regular proceedings in congress this is indicated by the following discussion page 5532 congressional record between senator robinson and senator smoot chairman of the senate committee on finance mr robinson then it is true that the investigations ordered by the senate have not delayed in any degree the consideration of the tax reduction bill mr sfnoot not in the committee i will say to the senator mr robinson well they have in the senate mr smoot not so far as i know ,0,0.7603703423772641
nationalscrub women in toledo ohio want $1 50 a day with two meals the chicago federation of labor has abolished its defense fund the limit of child labor has been raised to sixteen years in wisconsin the cigarmakers union has succeeded in unionizing another large factory in lancaster pa employees of the bottling works in wilkesbarre pa and vicinity have asked for an increase in wages chicago laundry owners have raised their prices so as to recover their losses during the recent strike the fourth biennial convention of the trunk and bag workers is in session in new york city this week there are over 400 unions affiliated with the chicago federation of labor and 240 000 labor unionists in chicago the international brotherhood of stationary firemen has increased its membership in the past two years from 7 000 to 32 000 the members of the p reight handlers union of new orleans la about 550 in number went on strike on september ist for 40 cents an hour the pennsylvania railroad company in order to curtail expenses laid off 5 000 employees one day last month on its lines east of pittsburg and erie five hundred men in the nelson morris packing plant at st joseph mo are on strike because the foreman discriminated against union men a baker s wife has taken out a license as a stationary engineer in washington being the first of her sex to make such an application there the american smelting and refining company the smelting trust threatens to remove its western business to mexico where labor is cheaper the tin workers of sharon pa have compromised the trouble with the united states steel corporation over the reduction of the output and returned to work seven trunk factories in chicago employing several hundred men closed their doors last week rather than pay a minimum scale of $2 25 a day for nine hours work the textile mills o philadelphia pa and vicinity are still tied up owing to the refusal of the dyers to return to work the dyers demand $l3 for a fifty five hour week the sheet metal workers union of philadelphia pa has accepted a compromise scale of wages and hours the men will receive 37vfc cents an hour and an eight hour day machinists settled six strikes in the country during august tailors in cleveland are about to submit a new bill of prices there are four thousand more orj ganized workers in detroit than there i were a year ago an eight hour ordinance was recently passed at ogden utah building laborers in minneapolis have ended their strike having gained the points they contested for detroit typographical union will es tablisk a club for its members of whom there are about four hundred and fifty joseph schmidt of cleveland ohio has taken the editorial chair of the bakers journal official organ of the bakers and confectioners internaj tional union two hundred machinists working in four shops in marinette and menominee mich are on strike pending the signing of a new agreement the mobile central trades council which has been an independent organization has decided to affiliate with the of l engineers and firemen secured the eight hour day without reduction in pay and all union men are to be reinstated at columbus ohio one thousand candy makers employed by sixteen factories struck on september oth to enforce a nine hour day without reduction of wages the labor council of canton 0 lias passed resolutions objecting to the granting of any more franchises or donation of city property to corporations in the recent arbitration of differences between operators and miners in pennsylvania every point of vital importance to the miners was decided against them by umpire carroll d wright by the stopping o fwork of the union bricklayers at minneapolis minn because they were not supplied with union helpers building operations involving more than $2 ooo have been tied up the international union of flour and cereal mill employees started in minneapolis about a year ago is making rapid progress in the eastlarge unions have recently been organized in buffalo rochester and toronto levi rofowich a prominent business man of pottsville pa has been held by justice shaw charged with placing a counterfeit of the union label upon clothing which he sold eighteen out of the twenty one installment houses in chicago have signed the scale of the solicitors and canvassers union under it commissions are increased from 20 to 25 per cent many of the trade agreements between the united garment workers and their employers expire in december and the union has put four organizers in the field to increase their membership it is reported that there will be practically a cessation of general building operations in 1004 on account of the unsettled condition of the labor market about $180 000 000 of capital will be withdrawn the big express companies of the united states have refused to confer or make wage agreements with the brotherhood of railway expressmen a strike is threatened for next week which will affect 00 000 employees mar youn a chinaman thoroughly americanized and a member of federal labor union no 8105 of falion 111 is organizing the chinese laundrymen of st louis in a union which will apply for an of l charter the bids for the memphis labor temple ranged from $73 000 up the building will cost $100 m gt 0 and will be up to date in all respects the corner stone was laid on labor day and it is expected to complete the building without delay the gain in membership of st louis labor unions according to the annual report of state labor commissioner anderson during the year 1002 is 607 g the increase in the most prominent cities of missouri was over 10 000 one thousand of colorado s militia have been distributed to the various mines for the purpose of protecting the scabs if any be secured to take the place of the western federation miners on strike for improved conditions a national union of team owners is to be formed shortly according to a statement of the associated teaming interests it is said that now the teamsters of the country were united in one union it became necessary for the team owners to follow in their footsteps the report of financier metcalf ofthe iron molders union of north america shows the membership of the organization to be 76 41 g the increase has been about 12 000 in the last six months nearly $loo ooo in sick benefits were paid by the organization during the past six months according to the labor commissioner of michigan there has been an increase in the membership of trade unions in the past year of over 400 per cent wages have been increased over 14 cents a day and 40 per cent of the unions have shortened the hours of work president frank buchanan of the international bridge and structural iron workers has announced that he has annulled the charter of local no 2 of the housesmiths and bridgemen s union of new york city the organization of which sam parks was business agent the union is suspended because of crookedness among some of its officers the ruling made by father ward the catholic priest of beloit wis to the effect that the rite of absolution would not be performed for printers who have taken the oath causes very little comment in union circles the opinion of all who have read his ruling is that there is nothing objectionable in the oath and that he is making a mountain out of a mole hill greenawalt president of the pennsylvania state feleration of labor who has been making a tour of the state is gathering statistics on the condition of child labor which will be used in pushing legislation for the amelioration of working children farm laborers in illinois have formed a union and will demand a minimum wage of $35 a month and board eligible to the union are threshers corn buskers plowmen binders stock laborers and in fact all men employed about farms a strike insurance company growing out of the discussions at the recent meeting of the manufacturers association in new orleans has been organized at louisville ky nones of the latter city has been named attorney and general manager dolan jr secretary of the dredge engineers and cranemen s union says that all dredging companies on the great lakes with the exception of the stark dredging and dock company at milwaukee and edwards brothers at the soo have agreed to the union wage scalesteps are being taken to bring about an amalgamation of the various unions of railway clerks which may result in the formation of a strong national organization of the men in that line of work at the present time there are three national unions of railway clerks in the field each one more or les antagonistic to the other conferences are being held between the national officers of the amalgamated association of glass workers the officers of the pittsburg plate glass company members of the metropolitan district of mirror manufacturers and a committee representing the 1 200 glass workers of this city who have been on strike for the past three months ,0,0.7256263047839817
committee organized to promote tourist travel road developmentnorthern and central california has a new group dedicated to he purpose of promoting motor tourist travel to this section of i he state by securing development and improvement of western laighways particularly motor routes leading to this territory it is he highway advisory committee of the california state automobile association organized by highway leaders from various ommunitics called in a conference by brunnier president of the motorists organization brunnier pointed out that attempts to guide motor tourist travel to northern and central california will be of no avail unless imj proved motor routes are provided the best invitation to motor tourists he said is to offer good road on which to travel the basic step in turning the tide of motor tourist dollars to communities of northern and central california is development of the highways that lead to this territory california s highway development and tourist direction problems are not confined within the state s borders it has long been the policy of the automobile association to look upon the highway problems of the west as ours as much as those within the stateat the organization meeting or the committee attention was directed especially to victory highway since its final completion a year ago this transcontinental route has carried a tremendous amount of traffic with the result that the gravel surface in nevada is breaking down to secure federal assistance in maintaining this cross nation artery particularly in states of sparse population such as nevada the highway advisory committee went on record in favor of legislation for a form of federal aid that could be applied to road maintenance in public land states the meeting also favored federal construction of main routes across public lands of the government turning to problems within the state the conference went on record in support of the state parks bond issue which will be before the voters at the november election the meeting also adopted a resolution offering to cooperate with state agencies in developing some method for the removal of fire hazards from along state high ways development of public camp grounds where fire hazards can be eliminated and cultivation of highway rights of way were among the suggestions advanced ,0,0.7194656439357017
safety at sea law ignored shipowners are protectedwashington section 13 of the seamen s act which provides for examination of seamen and assures safety at sea is ignored according to a memorandum on this subject by andrew furuseth president international seamen s union the law provides that a certificate as able seaman shall be issued by any board of local inspectors upon proof being made to said board by affidavit and examination under rules approved by the secretary of commerce no attempt is made to examine the applicant whose affidavit is accepted at its face value said mr furuseth affidavits are forged sold and stolen the shipowner has no interest in these proceedings he is interested in cheap labor rather than skilled seamen he cares nothing for safety at sea and his liability to travelers and shippers has been practically abolished through limitation of liability his vessel and cargo are insured the cost is covered in overhead expense which is passed on to the shipper and traveler the shipowner has ceased to have any but a sentimental interest in safety and hence in the skill of the men employed the shipowner mr furuseth points out secures the cheapest men available competency is not considered applicants for certificates will swear to anything the average inspector accepts the affidavit and asks no questions and the shipowner is not interested in how the man secured his certificate men are shipped regardless of nationality or race with or without previous experience and with or without knowledge of the language of officers who issue orders the prompt execution of which all safety depends ,0,0.750884185917351
injunction suit dismissed for want of equity union building trades artisans gain another decisive victory over the citizens allianceas was being printed last week we received the good news that the honorable george e church of fresno sitting for judge melvin in the superior court of alameda county department no 2 itad dismissed the injunction suit brought by the pacific coast lumber and milling company versus the building trades council of alameda county its affiliated unions and members the hearing of this case commenced monday june 22d and was stub bornly fought by the attorneys for the citizens alliance and ably defended for the defendant organizations bv clo land l dam general counsel for the state building trades council of california assisted by george appell it was a case of more than ordinary importance to union labor not only of california but of the entire country and the decisive victory gained by the uhions is therefore consequently hailed by unusual rejoicing because of the fact that it comes at a time when an endeavor is being made through court procedures to bind the organized wage workers hand andfoot and thus curtail the few rights which they are still enjoying under the constitution of the united states the citizens alliance attorney for the plaintiff corporation came armed with all the law and court decisions rendered against labor and he had subpoenaed not less than forty witnesses but it all availed him very little because the attorneys for the unions were even better prepared and fully as well equipped to protect the rights and interests of their clients it has been demonstrated time and again that union labor has nothing to fear when defended by such counsel as cleveland l dam before a fair and capable judge and in this instance judge george e church displayed not only a dignified attitude absolutely free from any bias but he also rendered a decision which for knowledge of the law and sound reasoning stands out prominently like a model in the flood of recent court decisions handed down by the various courts of the country from the voluminous evidence introduced by the plaintiff s attorneys the court finds that the defendant organization had committed no wrong and that there were no grounds upon which an injunction could issue the case grew out of an effort made by a kendall proprietor and manager of the pacific coast lumber and milling company to force the members of the millmen s union in oakland to violate the laws of their organizations mr kendall was supported by the citizens alliance in his attempt to crush the council and its affiliated unions and when the men quit work because they did not and could not work with non union men the excited mill owner immediately resorted to tile injunction remedy the building 1 rades council of alameda county its affiliated unions and members were to be restrained according to the complaint and petition °f plaintiff from exercising any of their legal rights such as striking picketing and peacefully seeking to better their conditions through collective bargaining under the trade union system but the union wrecking plaintiffs were as usual up against the wrong institution and this time also the right kind of a judge an able jurist and a good citizen who considers it to be his highest judicial duty to preserve the rights of the people under the law and in accordance with facts as the court finds them we print the decision of the court in this case fully as we consider it one of the most concise clear and ablest opinions pronounced from the bench in this or any other state to the trade unionist of california and of the united states it is a most valuable document and one that every union man should not only read but study carefully it states plainly and without any equivocation or unnecessary legal phraseology exactly what rights the union men have and it also points out that the union men who carry the state building trades council s card in alameda county have violated no law and further that there was no necessity for mr kendall to seek such drastic measures as an injunction in order to protect his rights congratulates first of all the citizens of california for having among its judiciary such a judge as the honorable george e church of fresno next our congratulations are due to attorney cleveland l dam and his assistant george appell and last but not least we extend congratulations to the alameda county building trades council its affiliated unions and their members and their able officers and business agents among whom none is entitled to a more prominent place than that veteran business agent and trade union war hqrse bowen the following is attorney cleveland l dam s motion and the decision of the court motion mr dam now may it please the court i will move a dismissal of this action for want of equity as to these defendants there has been no conspiracy shown no unlawful act shown of any character and no threats shown to continue any unlawful acts which is an essential element of a proceeding for injunction motion is argued and submitted opinion of the court ihe court gentlemen as to this motion which has been made and argued i have given it some consideration in a matter of this kind the court hesitates to act very hastily and wants to be sure that all parties have a fair and full hearing that the court may be as fully informed as to the facts and circumstances as possible before it passes upon the merits of the controversy for that reason i hesitated more than probably 1 should otherwise have done i am of the conviction that in order to justify a court of equity in granting the extraordinary writ of injunction there should be a very plain showing not only of the injury of the acts to justify it but also a very plain showing that those acts would continue that they are threatened and that there is a probability at least that the threats if such are made to continue the injury will be carried out in other words the protection of property is a primary object of our law the court can not be expected to interfere ill every controversy that may arise between parties to interpose a writ of injunction in every controversy there must be a clear and satisfactory showing of the absolute necessity of it before the court would be justified in doing it now in this case here was the plaintiff carrying on the business of a lumber mill or whatever you might call it employing a large number of men in the conduct of that business perhaps 135 men of course a large business in which many were interested directly and indirectly the defendants either persons or associations of persons are united together for continued on page 4 ,0,0.7096764546363666
employers contest accident benefitseverett wash the eclipse mill company and the sultan railway amp timber company have started suit against the state department of labor and industries to contest the validity of issessments collected by the department under the workmen s compensation act for industrial insurance and medical aid in log booming the companies claim that log booming is a maritime occupaion the department claims it is not it is apparent that the jompanies are not disposed to pay for workers compensation and medical aid as decreed by the state legislature and are endeavoring by court procedure to divert some of the compensation assessments into profits ,0,0.73324726652894
french jobless growparis growing unemployment alarms the french government and authorities fear that this nation will become involved in the economic crisis so general in europe during the past year it was the boast of france that there was no unemployment in this country ,0,0.7345175581787038
behind the oakiand riots the student boycott of oakland s schools scheduled for october 19 21 is a reaction to the defiant segregationist policies of the oakland board of education and its superintendent said marshall axelrod president of cft afl cio only the intervention of the state board of education halted a previously scheduled school boycott promises to end segregation made by the administrators of oakland schools were quickly forgotten when the emergency ended ignoring community tensions the lessons of the riots in san francisco and watts oakland continues to lock negroes in separate and unequal ghetto schools segregation has increased during the past years ghetto,0,0.8212139827313161
by florens folsomi have learned from the brooks from the trees from sunlight and breeze lessons silently said sermons shone never read and my horse is a preacher of worth diplomaed with wisdom of earth as i sit at her back looking down o er her body of undulant brown i watch how her all parts conspire to steadfastly mount to climb higher straight ahead aimed and sped is her strength to one side nothing flows not so much as a glance of her goes from the road but with muscle and will one pointed she tackles the hill as the will of my horse to her hill so is l mine to my day to fulfil its demands on me ill i have paid the uttermost farthing and made that day as fine steadfast and true as i know how to do disencumbered of yesterday s loss defeat shame despair like my horse i climb today s hill not in fear of tomorrow still steeper more sheer but bent on today focused all on the road just ahead not toward stall nor manger desire from me scatters it is fixed on the one thing that matters the road right ahead upon foot as on head upon garment as flesh upon tracery mesh of wrinkle or fold nippon s sculptors have scrolled their artistry true no half work will do no shirking no scamping each part of their work has their heart nerve muscle and will as my horse climbs her hill as the japanese trace foot garment or face upon ivory l live each day or i try to live each day so this is life s way i know nautilus,0,0.8080543888423557
complete home furnishers on credit headquarters for occidental stoves l deduck newmanftj 1 iv complcteho aefuiwishers as j gt oufhc4 t cyrner th gnjjmtssiffn stt from canada to mexico tacoma brew best east or west meyer s soda water go distributor san rafael california herman s hats union made 2386 mission street at twentieth heiman 835 howard street candies and novelties distributor barbara lois brittle we carry an extensive assortment of union made clothing and furnishings including the best in union made work gloves dress pants work pants overalls and corduroys absolutely guaranteed to give sati^taction johnson s 2554 56 mission street next to new mission theaterphone market 1721 united states laundry ll4b harrison street san francisco b shoé 5 $5 00 $8 50 $7 50 this new easter style is neat trim and dressy and is only one of many new douglas styles just received a union store with every pair of shoes union made french 2611 mission street at twenty second street adjoining the owl drug co rwtlcrf 2244 mission st 6 ido geary stpompeii macaroni factory inc manufacturers of high grade goods oakland branch 501 franklin st i ffcone i ak pide 1246 los angeles branch 105 court st 2987 89 folsom st near 26th phone mission 5744 san francisco + whitthorne amp swan the mission s big department store we can sell clean staple merchandise at right prices at all times and we do do it our six big department store buying power is the reason mission st near 22nd mmmm iwinuk 10 buildings 3b floors furnish your home now we offer spring furnishing opportunities of outstanding value giving in furniture rugs draperies ranges all representative of lachman bros policy of your money s worth and a hit more for every dollar expended liberal terms exchange your old furniture for new,0,0.8098280762881253
by business representative carl sundehlthe contestants stan young and willie young who represented the tilelayers joint apprentice and training committee at the 1970 california brick and tilelaving contest will have a chance to tell you what and where it happened come to the next union meeting may 8 at 1485 bavshore blvd 4th floor 8 let me say right now without letting out any secrets that the contest was characterized by fine workmanship come on and hear the rest from the participants the jatc committee will report on the results of the apprenticeship applicant test held may 2 the slump in residential construction caused by the high interest rates has focused a lot of attention that used to go on planning of fishing trips and such vacations the attention of union members on high finance goes beyond figuring the number of day s work lost so far and what shape the bills are in many union members are being urged to invest speculate union funds in construction loans to promote jobs and many union members who are trustees on pension funds have along with management trustees on the same funds been studying the ups and downs of high finance pension trustees are especially out in the open as targets for advocates of high return investing because pension funds have to accumulate for some time after a plan is started to build enough money to pay the heavy drain that takes place years after a plan begins operation because the money accumulates for years trustees are charged with the duty of increasing the money by investments but with prudence for years later many pensions will depend on the increase in the money by interest or dividends in recent years many pension fund trustees have taken to speculation on the stock market by working through financial consultants and through mutual funds not many years ago no working man trustee would have thought of putting pension funds your future and his future pension onto the stock market times change a few years back the stock market began a long rise that seemed capable of control as part of the economy that was manageable now and was safe for long term investment but mutual funds are not long term investments they are shares in a paper total of the sale value at any given time of day of the total of stocks held by a company which is buying and selling stocks with money turned over to it by people and institutions now with the stock market in a steady decline for many a long moon falling 30 40 per cent in value and with other forms of speculation or investment going up in apparent value what is the working man to think a recent advertisement in the co op news published by the consumers co operative of berkeley is titled a penny saved is a penny earned the ad was put in the paper by the twin pines federal savings and loan association i am not a member or stockbroker of twin pines however the article spells out many of the simple and difficult things about high finance for the little money holder for instance what happens to the small money holder if he has to make a quick use of his money sickness etc does he get all his money does he get the market value less brokers charges does he get what is in his passbook plus interest a penny saved is a penny earned you hope a recent survey of the condition of commonly used savings and or investment media during 1969 a year of severe economic shakeups gives a gloomy view of what s been happening to the american saver s dollar but with one outstandingly cheerful exception consider these figures if you had put $lo ooo in savings into one of the following media on january 1 1969 but then had needed to cash in your investment on december 31 of the same year this is how your penny saved would have fared common stocks dow jones your $lo ooo would cash in at a disappointing average of $7 694 but presumably you were prepared both financially and mentally for the market s valleys as welt as its peaks aaa corporate bonds highest quality if you had invested in what most brokers would tell you is the safest area of investment in private enterprise your $lo ooo would have dropped to an average $8 611 cash in value in one year mutual funds for most people mutual fund investment is psychologically equivalent thanks to promotion pitches to plain old fashioned saving but if you d had to withdraw those savings your $lo ooo would have shrunk to an average $8 438 reflecting declines in the stock market if your shares had earned you 2 or 3 per cent you d still be stuck with a less than 90c dollar and remember in stocks bonds and most mutual funds each of the averages cited would be further reduced by brokerage fees for buying and selling treasury issues here too a general drop in cash in value from $lo ooo to $b blb average savings amp loan your $lo ooo put into savings at twin pines federal would have grown to $10 513 and $513 in one year as much more comfortable than a decline of $2oo or worse on one s hard earned carefully shepherded bucks one word of caution even savings and loan associations can get into trouble that s why the $20 000 account insurance remember the bart lytton bubble and the apartments lytton blew money through down mt view way and on the subject of studying of high finance many members are feeling guilty to some extent and feel that our wage increases of recent years have most to do with our employment prospects don t feel that way a very reasonable group the kaiser committee on urban housing did a study on housing costs it concluded that if wages went up 20 per cent for all men employed on site at a house the effect would be to increase the actual house costs by 1 per cent in 1949 labor on the jobsite ran about 33 per cent of the sale price in 1969 labor onsite ran 18 per cent of sale price guilty6,0,0.8026992034394609
roosevelt plans aid to small businessesit was announced at the white house that methods were being considered to protect small business concerns from alleged handicaps under the fair competition codes established by the president under the national industrial recovery act it was suggested that it might be found advisable to create a board to receive complaints and act upon them in the manner now applied by the national labor board in adjusting disputes between employers and employees ,0,0.72205739589189
kefauver due at san mateofirst face to face clash between senator estes kel auver democratic presidential candidate and edmund g pat brown attorney general of california who is heading a democratic uninstructed presidential delegation will take place at the jefferson jackson dinner to be held friday evening may 23 at the san mateo county fiesta building scheduled first as a campaign fund raising event the dinner will become the first major battleground in a series of crucial debates to capture the all important democratic delegation to the national convention featured speakers will be kefauver brown and congressman clinton d mckinnon democratic candidate for united states senator from california ,0,0.8355816892757035
millmen s union no 423san francisco dec 26 1905 the regular weekly meeting of millmen s union no 423 was held at unity hall 927 mission street on the above date the meeting was called to order at 8 10 by president black the minutes of the previous meeting held december 19 were approved as read several communications were read and disposed of in the usual manner sick committee made a favorable report on two brothers who were granted accident benefits shop stewards rendered their weekly reports ijase ball committee made a favorable report and the brothers will please take notice that the benefit of bro beatty will be next sunday at recreation park a committee from local union no 1082 addressed the meeting in reference to one of their sick brothers the union made a small donation for said brother adjourned at the usual hour daley press committee,0,0.8505962825845632
dry your tears mr spanglers l avery of montgomery ward has been called a lot of things lately since his union busting revolt against uncle sam ^ but even he must have raised his eyebrows at being called an unarmed storekeeper by chairman harrison spangler of the republican national committee avery s little store includes nine mail order plants 649 retail establishments and has $178 000 000 in net assets when he is not behind this storecounter avery also functions as chairman of the $80 000 000 gypsum company and director of steel pullman inc armour amp company people gas company pure oil company and the northern trust company spangler s reference to the unarmed storekeeper is only a side crack in the course of a long attack on the rights of members to engage in political activity but it is indicative of what he means by the little businessmen who he says are so eager to engage in political activity against president roosevelt don t be so jittery mr spangler little businessmen like sewell avery and other heads of the biggest corporations are engaging in plenty of political activity and spending plenty of money on it thomas l stokes scripps howard correspondent reported estimates of half a million dollars spent by corporate interests in one primary campaign alone to defeat senator hill in alabama many devious ways were easily found to get around the law even within the law affecting corporation political contributions little businessmen like the duponts and other friends of mr spangler have such large families and so many friends by the time all the duponts their wives and their relatives and their subordinate executives have contributed the limit of $5 000 each for instance the total amounts to quite a substantial anti new deal kitty then there are those other little businessmen and storekeepers the owners of the newspaper chains and metropolitan dailies there s nothing to prevent the millionaire press from continuing to campaign against president roosevelt against labor and against progressive policies no mr spangler you really shouldn t lose any sleep at the idea of union members farmers and real little businessmen trying to pit their pennies against the millions of dollars of big business money available for your friends you ve still got the edge on this and then some,0,0.7475982569149247
hotel strike may be settled next weekin the laps of the owners rested this week the decision as to whether the hotel strike which started may 1 would be concluded their decision on counter union proposals regarding wages and hours appeared to he the crucial point owners had suggested arbitration of the entire matter of wages and hours providing it could not he settled by negotiation unions turned it down and suggested that wages alone be arbitrated and demanded a forty hour week for all unions except the hotel clerks the matter was to be submitted to the owners by the labor council advisory committee for decision in practically all other matters the unions and hotels were in agreement owners had consented to recognition preferential hiring submission of disputes to an adjustment board return of non striking union employees to their tasks permission for business agents to visit workers on the job and a contract extending to june 30 1941 should the terms he rejected by the owners fears were expressed bv union leaders that some of the hotels would attempt to reopen j with scabs meanwhile picket lines remained strong with strikers insistent that only a fair settlement be approved i possibility of foul play in the death of a woman strikebreaker i who plunged from the fourth floor of the mark hopkins last week was being investigated by the unions at the inquest set for next week plans were made to have as many of the scabs working in tin hotel present to testify if possible striking friends of the dead woman were also ready to take the witness stand and deny as alleged by one of her relatives that she was not afflicted with heart attacks the dead woman mrs rebecca broder 57 had visited a woman companion in her home a short time previous to her death and told of her plans to take her life the united brotherhood of carpenters and joiners of america has issued charters to fifty five new local unions during the last month according to information made public by the officers of the i brotherhood following is the list of the locals valsitz ore kirkland lake out westfield mass dothan ala everett wash noti ore johnstown pa santa ava alif berea ky west palm beach ida long beach alil st t lairsville o lakeview ore tuscaloosa ala 1 oledo ore lyons ore klickitat wash tigerton wis norman ont owensboro ky santa monica calif shiocton wis bonham lex muscatine iowa cincinnati ohio 2 auburn calif chico calif areata calif sterling city alif tuolumne city calif monticello ind ketchikan alaska algoma wis memphis i enn marshall texas nashville i enn albany ore peru ind weippe ida missoula mont beechgrove ala bessemer ala toledo ohio carthage duluth minn bandon ore hayward calif charlottsville a goldendale wash lake harles la appleton wis birmingham ala pittsburgh richmond ind ,0,0.7921093193386266
quitters never winour world is filled with people who are natural born quitters and our labor unions get their full share of this doomed to lose in advance type of individuals even when conditions are most favorable for making genuine progress these fellows are so dead sure it can t be done that they won t even make the attempt and if they are jarred loose in spite of their natural inclinations they are always on the verge of getting cold feet and running for cover at the very time their presence and assistance are most needed quitters are strong on letting the other fellow do it and miserably weak on helping to do it themselves they always have some alibi for their own failure hut never seem to realize that their own willingness to quit at every turn of the road is one of the principal causes not only of their own failures but also for the failures of those who are unfortunate enough to be associated with them practically every strike that has been lost has been thrown by quitters stampeding back to work before the strike was ended in every move forward that labor has ever made this same quitter has been one of the most trying and discouraging obstacles again and again he has been chiefly responsible for defeat but it is very seldom that he is willing to admit it fortunately all people are not quitters had they been they would in all likelihood still be traveling in the footsteps of their ancestors who eked out such existence as they could in the most primitive way quitters invariably lose it does not seem to he in them to stay with anything until success has been attained unfortunately a labor union has no choice it must take into its membership those men and women who happen to be on the job no matter what their staying qualities may be if employers are willing to employ them there is not anything else left open for the union to do than to take them in not infrequently a natural born quitter is converted into a pretty fair stayer as a result of becoming associated with red blooded union men who don t recognize such a condition as permanent defeat once in the union stay with it ,0,0.7505813893773662
injunction writ against kansas battery strikers denied by judge wrightkansas city mo officials of the national battery company here lost their fight for a permanent injunction against their employees who had been on strike for three weeks the strike was declared when the company officials discharged six of the oldest employees for trade union activities judge wright originally issued a temporary restraining order upon affidavits submitted by the manager of the company without testimony by the striking workers the order prohibited the workers from picketing the plant hen the hearing was held to consider a permanent injunction both sides of the dispute presented their cases the strikers being represented by clif langsdale kansas city s well known labor attorney at the conclusion of the arguments judge wright refused to issue j the permanent injunction and the workers resumed their picketing activities determined to carry on the strike until their just demands i are met ,0,0.7360802281491776
a spoiled scenee h sothern once found his wit fail him in time of need it was in the fourth act of the lady of lyons sothern played claude melnotte and virginia harned was cast as pauline beausant the villain was pursuing pauline and she cried loudly for help claude is supposed to dash to her rescue and catch the fainting pauline in his arms sothern dashed on to the stage but slipped and slid sitting down near the footlights losing his presence of mind he declaimed the line look up pauline there is no danger as virginia harned was standing this was of an impossibility by this time the audience was in an uproar and when arthur lawrence who played beausant scornfully said you are beneath me the amusement of the audience knew no bounds patronize home industry wear lundström hats made here li7s market st 64 market st 60s kearny st 1600 fillmore street 2640 mission st the temple saloon 14th and guerrero streets sunnybrook whiskie union made cigars wm g schroeder prop boom the label cjöiweh overalls a pants union made argonmji shirts this label $ trade councils is placed on all our printing porter ft white 7 ndertakers and embalmer 1214 eddy street farwerty of 44s gemee gato atwm phone west 770 bennett brothers 1034 mission st also 541 545 haight st full stock of hardware tools and supplies formerly of 35 sixth st zellerbach paper co importen sod dealer is paper 405 407 jackson st h bon phone market 2430 88 mcallister st bon bros phone market 269 it v bon 14th amp guerrero bt3 souvenir programs invitations badges banners and lapel buttons all union made the finest and most reasonable walter n brunt co 391 jessie st at fifth opposite mint and emporium we print everything patronize our advertisers mcdonough bros opposite new hall of justice straight ooods 920 market st and 45 eddy st phone temporary 1483 phone douglas 875 a in a nut or xnr £u ut alquiiktu ohi folata st clothier hatter and furnisher 9 11 fourth st near market st ,0,0.7231276271424505
do not be deceived vote yes on proposition no 2san francisco is confronted with a serious situation the united states government demands that san francisco abide by its contract with regard to hetch hetchy power the common people constituting the vast majority of the citizens of san francisco are honest they want to keep faith with the federal government they appreciate their obligation to the federal government for the splendid assistance it rendered to the people of san francisco in making available hetch hetchy water and power for san francisco the power monopoly does not want the people to keep faith it is concerned only about profits it wants to continue to gouge excessive profits from the people driven to desperation by the demands of the federal government and the manifest desire of the people to keep faith the power monopoly and its hirelings now seek to mislead the people above all the working men must not be deceived nor mislead by so called labor radio programs or by cunningly worded advertisements that are published for the purpose of confusing and misleading the working people every loyal working man every member of every union should vote yes on proposition no 2 a vote of yes on proposition no 2 is more than a vote of $55 000 000 for bonds it is a vote to free san francisco from the shackles of the power monopoly the power monopoly for years has made tremendous profits on the investment made by the people of san francisco in constructing the hetch hetchy water system and its power houses the labor unions of san francisco are unanimous in their endorsement of proposition no 2 they believe that the electric power which is the product of the publicly owned hetch hetchy water system should be owned and distributed by the people of san francisco once and for all let justice be done let every citizen unite with labor in the determination to free san francisco from the shackles of the power monopoly let every man and woman in san francisco turn out on election day to vote es on propostion no 2 and thereby free san francisco from the domination of the power monopoly ,0,0.8528971742605088
western union mechanics vote additional wage demands to carry ballin january 1944 the submitted wage proposals in behalf of western union plant employees to the company these proposals called for wage increases ranging from 5 to 20 cents per hour above wage rates in effect at that time in behalf of all plant workers in the pacific division the company did not agree these proposals were submitted to the war labor board under dispute case no 111 8012 d subsequently the wlb postponed the case pending outcome of a national election to determine whether the of l unions or the would be certified as the proper collective bargaining agency the wage proposals were to have become effective as of february 1 1944 the proposal also called for a four year apprentice program on november 9 at a meeting of plant men held in san francisco a resolution demanding increases ranging from 5 to 20 cents per hour in addition to the demands already submitted was presented these new demands were based on the rise in the cost of living and other factors which warrant new increases over and above the original demands also the resolution calls for a three year appren ticeship period other of l unions in particular the commercial telegraphers union recognize these demands as typical of the aims of the of l in behalf of employees and various of l union leaders have commended the and pacific division plant employees for the progress made in laying the foundation during previous negotiations which have made these demands possible members in turn express gratification that the of l unions have come out strongly for definite wage scales and definite classifications it has been pointed out that the position on this issue has been and still is remarkably weak the of l unions have drawn up a definite program to advance the welfare of all western union employees this program will be set in motion immediately after the of l wins the election ,0,0.7724741723728249
former union busting detective agency employees join unionwashington lpa want any protection mister employees of the wiliam j burns international detective agency noted former union busting firm are protected by a union of l private property protectors local 273 at the direction of nlrb after a called election it took two years of hard fighting says charles shank in the building service employee but now the laborhating burns agency workers have won not only pay raises but paid vacations protection pays ,0,0.772096796428267
menace of the hinduin the annual report of a caminetti commissioner general of immigration the following reference to immigrants from the far east is made i believe it is quite generally conceded that immigration from the far east is detrimental to the welfare of the uqited states not because it has heretofore been so extensive in nurnbers but because of its peculiar effect upon the economic conditions and the possibilities of an almost unlimited increase in volume if left unregulated and unchecked our oriental immigration problem arising more than a quarter of a century ago has never been satisfactorily solved the exclusion laws need many amendments not in purpose but in prescribed method the hindu propaganda as yet in its infancy is calculated to give much trouble unless promptly met with measures based upon and modeled to take advantage of our past experience in trying to arrange practicable and thorough but at the same time unobjectionable plans for the protection of the country against an influx of aliens who cannot be readily and healthfully assimilated by our body politic ,0,0.5419133187844931
afl seamen s pacts include wage boosts hiring hall formulanew york a hiring hall formula worked out july 1 was incorporated in 2 year agreements signed here august 11 and 13 between the seafarers inti union afl and ten east and gulf coast companies employing 11 000 seamen the contract also provides monthly wage increases of $25 for boatswains and $12 50 for other workers discussions on w ages had continued for more than a month after agreement was reached on the phrasing of the hiring hall provision under this clause the companies agree to secure all unlicensed personnel through the hiring halls of the union to assure maximum harmonious relations and in order to obtain the best qualified employes while accepting the hiring hall principle the operators retain the right to reject any man considered unfit thus conforming with the anti closed shop provision of the taft hartley law ,0,0.7532426456768208
special meeting aug 29th 1901special meeting of the union took place on the above date president schmitz in the chair president stated that the meeting was called for the purpose of taking action on the question as to whether this union should send delegates to the convention of the union labor party on motion it was resolved that delegates be sent to the convention on motion resolved that the president appoint the delegates the following being appointed p fredrick c abbiati t walsh j garrod and j wenzel adjourned,0,0.7653957278713666
change labor laws plea in report to governora number of important changes in the labor laws of california are to be recommended to governor richardson and the 1925 legislature in the biennial report of the state bureau of labor statistics now in preparation by state labor commissioner walter g mathewson the principal recommendation will be for an amendment to the present law governing the collection of overdue wages by the labor commissioner that will give the agricultural wage earner a right to obtain a lien on crops such as the mechanics liens that now protect wage workers in the building industry contractor frauds according to mathewson scores of harvest laborers arej annually defrauded by crop contractors who depart from the harvest districts without paying off their employes at present fruit pickers and other harvest workers are unable to attach crops to compel payment of overdue wages several of the proposed amendments deal with the state s child labor laws one is designed to enforce the school attendance of the children of the migratory form workers and another to regulate and limit the employment of children in theatrical enterprises stage children permits the latter proposes that a charge be established for the issuance of working permits for children employed on the stage the charge sought would be sufficient to establish an inspection service that would maintain supervision over the conditions in which children engaged in theatrical performances work mathewson s report will also show that his office collected $504 000 in overdue wages for complaining employes during 1924 which is more tfian double the amount collected in 1922 the year mathewson took office ,0,0.5721095919269088
concord to have new parochial schoolqueen of all saints parish in concord contra costa county is erecting a parochial school building consisting of 8 classrooms kindergarten cafeteria gymnasium and an auditorium construction will be of reinforced concrete cost $loo ooo felciano 4010 montecito blvd santa rosa is the architect$130 000 new synagogue to be builtartchiects hyman amp appleton 68 post street are accepting contractors bids to january 6 for construction of a $130 000 synagogue in san jose california to be known as temple bickur cholini the new edifice will be located on university avenue near myrtle stree construction will be frame and stucco gifford g sobey 69 south first street san jose is assistant architect plans are obtainable from mr sobey ,0,0.7982991504406467
berle resigns from lawyers guild charges it follows communist line berle jr assistant secretary of state resigned from the national lawyers guild and from the district of columbia chapter of the guild because he said the guild is not prepared to take any stand which conflicts with the communist party line the resignation was submitted on june 3 to john hitknecht president of the national lawyers guild and merle d vincent president of the district of columbia chapter mr berle in his letter said i hereby resign from the national lawyers guild and also from the district of columbia chapter resignation to take effect at once the national lawyers guild was formed in the hope that expression might be given to the liberal sentiment in the american bar it is now obvious that the present management of the guild is not prepared to take any stand which conflicts with the communist party line under these circumstances and in company i think with most progressive american lawyers i have no further interest in it the resignation of berle jr from the national lawyers guild followed those of attorney general robert h jackson and nathan margold solicitor of the interior department ,0,0.7850488868133118
edward d vandeleur secretary of the california state federation of labor is seriously illafter learning of the illness of edward d vandeleur secretary of the california state federation of labor and personally ascertaining the facts president haggerty announces with the deepest regret that secretary vandeleur was taken suddenly ill several days ago and is now seeking to recover in the hospital that his condition is serious can no longer be denied and it will be months before he is able to return to the office where he so ably directed the affairs of the california state federation of labor which will miss him indescribably upon learning the facts president haggerty immediately took over the direction of the federation s office pending a meeting of the executive council of the federation which he called for sunday november 22 as a result of the deluge of flowers and messages of condolences that have poured in mrs vandeleur who with other members of the family have kept a constant vigil at the stricken secretary s bedside finds it impossible to acknowledge personally her own and her husband s appreciation of the kindness and consideration demonstrated by the various individuals and unions and wishes to take this opportuinty to make her acknowledgments to the many friends who have been so very thoughtful and kind that no more serious blow could have been dealt the labor movement is generally recognized but president haggerty wishes to stress this one important fact the best way to show appreciation for secretary vandeleur s sterling services and leadership of the federation is to continue to build up the federation with redoubled vigor and strength i know that is the way ed would like to have it haggerty stated ,0,0.803615096047879
wagner fights for shorter week new york senator will seek to curtail working period on all government projects says something must be donethe campaign launched by the cincinnati convention of the american federation of labor for a shorter working day and week will make its appearance at this session of congress and will be fought out to a conclusion announcement to that effect was made this week by senator robert f wagner democrat of new york author of the provision of the garner wagner relief act stipulating that workers employed on construction financed by the reconstruction finance corporation loans shall work only 30 hours a week indorsing the of l program for the five day week and the six hour day senator wagner said i shall offer the 30 hour week provision to all public works legislation brought before congress this winter we adopted this provision in the act not only to help absorb unemployment but to demonstrate the feasibility of the 30hour week in private industry we have got to do something to relieve unemployment we are getting nowhere the 30 hour week will be of immense benefit it should be adopted generally senator wagner insists that some employer must take the lead in bringing about the reform and that uncle sam is cut out for that role will endeavor to induce congress to adopt the shorter working periods for all government workers while the railroad unions will continue agitation for the six hour day in the transportation industry ,0,0.7868430865421531
a half hour spent vainly searching for a special recipe leads to the conclusion some better method of keeping track of recipes not yet transferred to file cards is neededdon t we all have such a collection recipes cut from a newspaper or magazine a recipe written in a letter by a friend the quickly jotted down recipes on everything from match books to the back of a grocery list we are always going to copy them off for filing but it seems something that rarely gets done with this in mind the preparation of a large scrapbook seems a good idea titled recipes to try it could be prepared by young hands as a useful i christmas present some means ofdividing the book into categories would be needed tabs could be used or the pages simply numbered with an index in the front of the book indicating on which page each category starts a pot of library paste or some double stick tape would be a useful addition if the book is so constructed that pages may be added it could go on giving service for years unlikely as it seems christmas will soon be upon us this is the time to begin thoughtful planning the first tentative listing of presents the looking out and studying of your favorite fruit cake recipe since many need to be baked weeks ahead to allow for proper aging it is not too early to send off orders for christmas merchandise such early ordering eliminates anxious worrying over whether the article will arrive in time and avoids the disappointment of getting a sold out report at the last minute if plants are to be part of your christmas giving they should be slipped and started in time to be at full perfection for the season the tiny red christmas peppers are easy to grow and a cheerful addition to holiday decorations use styrofoam cups for little pots which can be left white or covered with foil a goodly amount of coarse gravel should go into the bottom of each both for drainage and to weight the pot use a very rich potting soil and recommend that the plant be transplanted into a larger container when it becomes crowded making an early start on the collection of wrapping materials by choosing something on each weekly shopping trip eases the strain on holiday budgets and means one less thing to shop for on the already lengthy list christmas in november certainly and a very good thing too,0,0.7309925640441319
state federation ot labor meets in ninth annual convention and endorses political program of parent bodythe california state federation of labor convened in ninth annual session last monday at san jose the committee on credentials reported one hundred and fifty five delegates entitled to seats of whom one hundred and thirty three were present and responded to roll call when the federation met iti annual convention last january it changed tile time of meeting to october this action accounts for the fact that the state federation is holding two conventions in the year 1908 and the reason for the change was stated to be that a number of bills and labor measures might be prepared and passed upon and ready to submit to the state legislature when it meets next january the legislative committee of the organization has prepared a large number of bills covering all kinds of questions from child labor to employers liability which have occupied the attention of the gathering in san jose however the most important work of the ninth annual convention undoubtedly is the endorsement given the political program of the american federation of labor as outlined by president gompers and his associate members of the executive council this matter came up last wednesday on a report of the committee on resolutions submitted by its chairman thompson of oakland according to press reports it caused considerable stir and discussion but was finally adopted by an overwhelming majority vote as follows the california state federation of labor in ninth convention assembled unequivocally indorses the political policy of its parent body the american federation of labor the california state federation of labor desires to direct the attention of the working men and women of this state to the following facts that by a recent decision of the united states supreme court the sherman anti trust law has been made to apply to trades and labor unions that the sherman anti trust law so interpreted makes it possible for an employer who claims to be financially injured as a result of a controversy with a trade union to bring suit against said union and recover treble the damages he may allege to have suffered if the treasury of the union is not sufficient to pay the award suit may be brought against each and every individual member that the laboring people are now and have been for several years denied the right of trial by jury by the action of federal judges in issuing injunctions in labor disputes at the present time the honored president of the american federation of labor samuel gompers the secretary frank morrison and vice president john mitchell are in dtanger of being imprisoned as a result of an alleged violation of a mandate issued by a federal judge that the present congress has not only refused to adopt legislation remedying these injustices to the working people but has openly insulted the duly accredited representatives of labor that the national convention of the republican party refused to insert a plank in its platform promising labor relief from the injunction abuses and the provisions of the sherman anti trust law gt that the national convention of the democratic party did insert the planks requested by the american federation of labor in view of these facts the california state federation of labor earnestly requests the working people of this state to use every honorable means to defeat its enemies and reward its friends 4 interest on savings this bank was examined by representatives of and their report made editorially on august 15th have you read this report open saturday evenings from 5 3° 9 o clock state savings and commercial bank 1019 fillmore st bet mcallister and golden gate ,0,0.6580685532459922
black silks modishsuch was the craze for taffeta last summer that rumor said it had had its day for once rumor was wrong however and taffeta will be worn all winter upon all occasions black taffeta vies with black velvet and black moire for dressy wear and is relifeved by vivid touches of color in sash lining or embroidery there is a fancy for black in all materials especially for the street,0,0.8476157700220373
committee to defeat housing amendment opens officegovernor brown s blue ribbon committee appointed to carry on the fight against the realtor s segregation amende ment has opened a northern california office and appointed a staff the committee called californians for fair housing is located at 583 market street san francisco the telephone number is yu 6 5968 staff members of the committee are under the direction of a northern california steering committee headed by san francisco attorney gerald d marcus melvin ury a prominent marin county businessman is treasurer some of the other members of the steering committee are dellums a longtime leader of the brotherhood of sleeping car porters and thomas saunders industrial accident commissioner a number of prominent labor leaders are on the blue ribbon committee rodney larson and john hansen are working as field workers for the committee on a full time basis they will be helping to organize local branches to fight the initiative local groups that want assistance can call the office of the committee for literature and field workers ,0,0.8709166863435027
textiles in south will be organizednew york representatives of the regular united textile workers will organize the southern textile industry this was voted at a meeting of the executive council of that organization the council declared for the forty eight hour week standardization of wages and abolition of night work for women and children we are not opposed to modern methods of manufacturing to reduce costs said president mcmahon the union sees the importance of reducing costs proven to be unnecessarily high as a result of waste or inefficiency on the part of management or labor but it is opposed to the imposition of any plan applying only to labor and without consultation with the workers or their representatives they believe any plan tending to reduce costs should also be applied to the management end of industry attention is called to the stretch out system that efficiency experts have installed the stretch out calls for the operation of additional looms and reduced wages ,0,0.7562368972973055
trade union principles are american principlesto belong to a union means to help maintain standards of living the shorter work day an american wage and labor representation in code making and collective bargaining to be a trade unionist is to be a self respecting american citizen who carries over into industry and group relations the principle of representation as the basis for just dealing that is why the greatest figures in american history presidents judges clergymen priests and rabbis great educators believed so strongly in trade unionism five million american men and women are trade union members because they believe men and women workers should steadily raise their standard of living and have greater security against emergencies because they have learned that unions have increased wages shortened hours reduced accidents lengthened life increased educational opportunities all of which resulted in benefits to themselves to the industry to their employers and to the country bf an american join your trade union ,0,0.7073522815753164
office union delegateminnette fitzgerald business representative of office employees union no 3 will represent her union at the national meeting of the office employees international union in chicago during march san francisco all maritime and waterfront unions on the pacific atlantic and gulf coasts have been called upon to name delegates to a conference sponsored by the committee for maritime unity in new york march 15 the conference will discuss joint contract action antilabor legislation and other matters the average new york worker spends four and a quarter hours a month in the subways ,0,0.8704764941501861
north dakota defies wall street a valiant fight is begun against the money trust by a sovereign state seeking justice for its farmers and city workersthe industrial commission of north dakota has issued the following stirring appeal to the people of the country to the liberty loving people of america north dakota is struggling for self government and democracy in the course of that struggle the people of the sovereign state by repeated referendum vote by legislative enactment and with the unanimous approval of the supreme court of the united states have established a state owned bank mills and elevators a home building association and enacted certain measures for the protection of labor to properly finance these laws and institutions that state has issued its bonds backed by the faith and credit of the entire state but here we have encountered the mailed fist of the financial autocrats of america with an effrontery unparalleled in our history they have demanded that we give up our program as the price we must pay for their financial support in selling our bonds to this astounding demand our people in whom the blood of 76 still surges have replied to the last man to the last dollar and till the last field lies fallow no never democracy may perish in america but it shall not be betrayed or delivered into the hands of the financial barons by the people of north dakota so the bankers of the country will not handle our bonds therefore we turn to you and to the people of the country to acquaint you with the facts and to ask you to buy these bonds of the state of north dakota we ask no favor contribution or gift we offer you an opportunity for an investment in human welfare and progress with both interest and principal absolutely guaranteed and with this in view we seek your co operation to the end that the laws and institutions of a free people may not be overthrown and the right of self government and democracy destroyed yours for the people of north dakota the industrial commission of north dakota lynn j frazier governor of the state william lemke attorney general john n hagan commissioner of agriculture and labor the industrial program of the state of north dakota consists of the following enterprises the bank of north dakota a state bank owned and controlled by the state for the purpose of promoting agriculture commerce and industry a state terminal elevator with a capacity of 1 659 500 bushelsa state mill with a capacity of 3 000 barrels of flour per day a rural credits program for furnishing cheaper money to farmers a home building plan to erect homes for industrial workers at cost on long time payments this is not a radical program many other states have similar state owned enterprises to finance these undertakings $6 000 000 is needed and with the active and earnest co operation of farmers and workers it should be subscribed within sixty or ninety days farmers are especially urged to invest in the mill and elevator series as work on the big state plant has been suspended because the financiers refused to purchase the bonds the sooner these bonds are sold the sooner will this great project be carried to completion these bonds are backed bv the faith and credit of the state of north dakota with its population of 650 000 and $1 f oo xxt xx worth of taxable private property the state itself owns property valued at $80 000 000 in 1920 we raised $225 000 000 worth of crops and animal products the public is urged to beware of unauthorized agents pay no cash but make checks drafts and money orders payable only i to the bank of north dakota anyone wishing to purchase state of north dakota bonds j should write for further information to the bank of north dakota bond department bismarck north dakota ,0,0.6831758442625704
have we so soon forgotten pearl harborhave the american people forgotten the treacherous attack by the japs on hawaii on december 7 1941 have we forgotten guam and wake island and midway the bombing of manila the battles of bataan and corregidor asks the washington teamster the japs who were so carefully rounded up in pacific coast states and placed in concentration camps after pearl harbor are being filtered out and set to work in the beet fields the potato sheds and in industrial plants in the middle west and east why how many americans know that this is happening and why the amazing cloak of secrecy with which the scheme is covered if there ever was a reason for putting these japs in concentration camps that reason still exists the war is not over the japs have not been crushed we of the pacific states learned a long time ago that the japs must be excluded we passed laws prohibiting them from owning land despite the protest of selfish eastern interests these alien enemies now are being set to work in industry they are being paid wages while our boys are out there fighting the jap army and navy yes we know why the selfish interests want jap labor its cheap it demands less in wages food and working conditions than american labor that s what the beet growers are after that s why selfish industrialists want japs in pittsburgh even though the attempt to put them to work there nearly caused a riot what about all these japs who have been taken from concentration camps and sent to our universities while american boys are leaving the universities by thousands to go out to fight the japs where does such a policy make sense labor knows why the japs were brought into this country it was to break down the wage scales of americans it s what the japs have always done it s what they will always do senator happy chandler of kentucky after a study of the situation declares that at least sixty per cent of the japs are still loyal to their homeland in the pacific area many thousands were armed and ready to help an invading jap army on december 7 1941 thousands of guns radio sets cameras and even large stocks of dynamite were found by federal agents who rounded up japs after pearl harbor there was danger of sabotage then and there is danger of sabotage now ask the army ask the coast guard congress should wake up does congress know what is going on is it willing to see the japs set at liberty again a real investigation should be made and the american people should be given all the facts while american soldiers fight japs shall selfish interests and emotional theorists set our enemies free within our own borders the selfish are saying japs are costing us money the taxpayers are feeding them set them to work in the fields and factories well it was that kind of selfishness that caused this war cost us guam and wake and the phillipines those who bleed easily for the taxpayers prevented adequate defense of our islands prevented the building of an adequate navy and army prevented the construction of enough airplanes they didn t want to pay the taxes now what is it costing us both in taxes and in the blood of our sons let us not forget the cold blooded butchery by the japs of thousands of allied soldiers who fell into their hands let us remember the savage treatment meted out to thousands of american civilians who were in jap prison camps after nippon attacked let us remember that when japan stabbed us in the back her ambassadors were still in washington talking peace let us never forget the men who died then and who are dying in the islands of the south pacific right now to forget is to court disaster ,0,0.6000225576518421
i am trappedi am trapped in a fire in a great building thousands of others are trapped like me our only exit is barred by massive doors the doors are locked my feeble hands cannot push them open neither can yours nor yours nor yours but here lies a great beam i cannot even lift it alone but together we can swing it aloft and use it as a battering ram to break our way to freedom take hold there be quick about it the air is full of smoke it is hard to breathe i don t know you you don t know me but both want to get out i don t care if your breath stinks and your clothes offend the eye i don t inquire into your ancestry nor your moral character i don t ask you about your religion nor your opinions i don t look at the color of your skin nor care what gibberish you talk i may loathe your entire person but i must have air i want to get out so do you take hold with me heave to hit hard that is the why of organization join the ranks line up with your fellow workers help batter down the door industrial democrat ,0,0.7800871034432917
new liberal weekly startedyork pa publisher gilt of the york gazette and daily announced here that he will publish a weekly newspaper the national gazette an independent liberal weekly objectively reporting and reviewing the major news events the first issue will be out in a few weeks he added leading figures in the new venture are cedric belfrage editor james aronson managing editor melville bernstein art director peter hodgson business manager belfrage has been a newspaperman here and abroad for many years he is the author of several books the last of which abide with me was published in may aronson until recently was a member of the sunday staff of the new york times previously he worked for the new york post new york herald tribune and edited frontpage magazine of the newspaper guild of new york the new publicatiop according to belfrage will carry no editorials selling for 10 cents a copy it will have specialized coverage in all parts of the world and throughout the ,0,0.8421552371682827
criminal complaints have been filed by kern county district attorney albert m leddy against the united states borax amp chemical corporation and five of the company s supervisory personnelthe complaints were filed in bakersfield municipal court the complaints in the case issued by deputy district attorneys resulted from investigation of the deaths of three employees at the company s plant at boron kern county charged in one employee death were united states borax and its supervisory personnel merlin gene bruner and allen james king sr killed was company employee john morris lovett who according to the complaint was allowed to work in an area where machinery could be energized this failure to lockout the electrical controls for an ore bucket elevator led to the death bruner king and united states borax we each charged with one count of violating section 6425 of the state labor code for failure to observe minimum stan dards for workplace safety and health and resulting in injury or death to workers conviction can carry a fine of up to $lo ooo and up to six months imprisonment the deaths of two other employees were the basis of additional charges against united states borax and three other company supervisory personnel merlin francis hamilton henry clay mabe and alford kendall jewett the deaths of company employees brent richmond black and willie edward dodderer according to the district attorney s complaint resulted from failure to advise the employees of hazards in a confined space failure to purge the confined space of a gas before entry was permitted and failure to require that the employees use safety belts and lifelines2,0,0.7849875984792353
afl union establishes scholarshipsnew york officials of the aft building service employes and columbia university participate m local 32b s first annual scholarship day marking establishment of 16 four year scholarships worth $4 800 each to columbia and barnard colleges for union members and their children l to r afl vice president william l mcfetridge president building service employes president david sullivan of local 328 associate dean of barnard college lorna f mcguire and retiring doan of columbia college harry j carman ,0,0.8205438866022106
patterson to speak on social securitylieutenant governor ellis e patterson will speak before the downtown forum in the first congregational methodist temple at post and mason streets eight o clock tuesday evening january 23 the subject for discussion is should our legislature adopt the administration plan for social security this meeting will be open to the public and there will be an hour of questions from the audience speaking six days before the legislature convenes mr patterson will give a last minute survey of the socalled governor s plan as it will be presented to our lawmakers in sacramento ile will examine thoroughly the provision for relief pensions self help cooperatives and taxation and he will also analyze the alignment of forces for and against the measure ,0,0.723089131937816
when a fellow is out of a joball nature is sick from her heels to her hair w en a feller is out of a job he is all out of kilter and out of repair w en a feller is out of a job ain t no juice in the earth and no salt in the sea ain t no ginger in life in this land of the free °vw the universe ain t what it s cracked up to be ie en a feller is out of a job for cly ats the good of blue skies an of blossomin trees en a feller is out of a job ictor your boy has patches on both of his knees rd $65 and a feller is out of a job s suttthe patches i say look so big to your eye p iat et out the lan scape an cover the sky m tv an the sun can t shine through em the best it can try en a feller is out of a job c sli en a man has no part in the work of the earth en a feller is out of a job he feels the whole blund rin mistake of his birth en a feller is out of a job he feels he s no share in the whole of the plan that he s gotten the mitten from nature s own han vi tv he rejected and left over man en a fel er is out a job fcor you ve just lost your hold with the rest of the crowd w en a feller is out of a job an you feel like a dead man with narry a shroud w en a felwris out of a job you are crawlin around but yer out of the game you may bustle about but yer dead just the same j yer dead with no tombstone to puff up yer name w en a feller is out of a job i sam walter foss ,0,0.8185814519141544
plunderbund tricks advocate peace oppose seaman s bill and use corrupt press to hoodwink peoplethere never has been anything happen in the last generation that has so annoyed the plunderbund as the fact that labor has at last recognition by the national government chairman walsh of the industrial commission has become the target of the publicity bureau erroneously called newspapers throughout the east but chairman walsh need not be at all downhearted because he is not ace high with the organs of plutocracy he gains a hundred friends throughout the country every time he gains an opponent among the editorial cossacks among the plutocratic pen pushing mercenaries while john d rockefeller sr has undoubtedly added to his ill gotten gains by the result of the labor dispute in colorado he also shortened his career as a dictator of american business several years his class of business is being shown up so completely that it takes considerable effrontery for any one to stand up and apologize for it nowadays and every time one of his whitewashers attempts to put a coat of sufficient thickness to cover up the leopard spots it only succeeds in making more transparent the animal nature beneath the varnish when the elder rockefeller shuffles off and his simpering son takes up the burden of responsibility of maintaining the earning power of the world s greatest fortune it is more than likely that the rockefeller class of business will be thoroughly classified and blacklisted by the moral weight of the country john d sr is onlv important as the exponent of a type his fortune and his individual destiny is of no consequence one way or another in the future of the race once the exploiting power of monopolistic control of industry is removed once the public are aroused to the point where they see the nigger in the wood pile and free industry from exploitation the sissy boy simpleton who inherits the rockefeller millions will spend his time patronizing sundayschools endowing colleges and paying for newspaper space in order to keep himself in the limelight the greed of the plunderbund has helped to hasten the day of their undoing they were caught napping when labor received recognition in high places and their stupid politics brought about by their silly over confidence in public miscreants who overplayed their hands has made it impossible for them to ever again elect a traitor in the public interests plunderbund support is now enough of itself to destroy the last vestige of hope of a presidential candidate there could be nothing more ridiculous and inconsistent than the campaign now being waged for the repeal of the lafollette seaman s bill ijt is in effect based upon the assumption that in order to operate successfully it is necessary to make slaves of sea workmen and pay them much less than a living wage but the war upon such a just measure as is the seaman s bill offers an interesting study both to members of labor unions and outside public and the effect of the law on business of shipping interests of the country should be watched closely by doing so it will be an educational campaign worth much more to labor as a whole than just the material effect upon seamen employed by commercial shipping interests to compete for workmen which of course will better living conditions among the workers and raise wages one of the most important gains from close scrutiny of thg people who are boldly championing the cause of repeal will be the knowledge of the class of people who can be depended upon to oppose morally and financially other just as necessary measures the power of our large monopolistic employing classes i say large in the sense of the power which they yield not large in number they are in fact very small numerically and are distinctly separate in purpose from many of those who are under the impression that they must surrender to the monopolistic influences is so great and their purpose to hold every trench to the last ditch against the effort of labor to increase its power so unfaltering that after a bill is made a law if its effect is such that labor gains independence thereby these powerful people will still continue the fight very often labor unions have made the mistake in the past of lying down to sleep after the passage of a piece of congressional legislation in favor of justice this is a very serious mistake on the part of those who oppose the schemes of our money mad monopolists eternal vigilance is the price of liberty said jefferson and this is just as true today as it was in his time in order to free labor from the oppression of a commercial despotism it is necessary to be alert and always fighting one of the most tiresome and blatant defenders of dishonest privilege in this country is an illustrated weekly known as leslie s weekly this contemptible sneet is nothing but the spokesman for men who have only been able to save themselves from imprisonment by the use of tens of thousands of dollars and the employment of the best legal talent in the united states whenever an attempt is made to correct glaring business abuses the editor of this sheet admonishes caution his leather lungs and hoarse voice are raised every time an investigation seems to be reaching deep enough to expose any and all of those who dictate the words he puts into black and white but such papers as serve a good purpose unconsciously whenever they oppose anything vehemently you can be sure there is something virtuous about the thing it is fighting because the time has long since elapsed when such as they have had any prestige with the initiated their whole appeal is to the credulous i have questioned at least a dozen people around barber shops where leslie s circulates most freely and have yet to find a man wdio could not see through the policy of its news accounts and editorials if it were not for the pictures and illustrations leslie s would create about as much smoke as a molder of public opinion as a bunch of firecrackers in front of warsaw its appeal is to the past not the present and its transparency is so thinly veiled that even the unsophisticated are beginning to tumble to the fact it is only an advertising effort to uphold bad economic policies the plunderbund are fast losing ability to play the newspaper end of their campaign successfully they would do much better if they were more conservative in their language concerning those who advocate reforms of which they are the enemies it is only those who seem to fall in line with public opinion that in the end are formidable because when they oppose a reform many people are led to believe it is because the reform is impracticable but when leslie s weekly opposes this only signifies that the plunderbund is afraid of the proposed measure because they know it will be effective if i was in doubt about the efficacy of a proposed remedy the first thing i would do would be to find how leslie s weekly regarded the measure and if it was fighting the measure that would be enough for me to form an opinion regarding the motive of the bill and the worth of it as a measure of reform what the rockefellers consummated in colorado should give the public a good idea of what they would do in every state in the union if a large standing army was organized and they succeeded in naming the president and cabinet of the united states but they wish to go even further if allowed the plunderbund expect to name the nominations of both parties if possible and then select the one which suits them best and change the form of voting in the meantime if the rockefellers are successful at the next election in electing their presidential candidate as they so often have been in the past both union and will be removed from any representation on the boards of authority the appointment of walsh as chairman of the industrial commission was a body blow to the plunderbund s purpose of keeping labor fnjrn gaining any prestige in high places the howl of the editorial scavengers of the plutocratic press provesthis but there is one great satisfaction to be gained by the knowledge that without a tool of monopolistic piracy in the white house and in the cabinet plutocracy cannot be arrogant there was never a greater fallacy than the belief current among a great many people that monopoly had the government and the people at its mercy the plunderbund exist solely by sufference and because there is yet a considerable number of people mistakenly wedded to the opinion that the government has to comply with the wishes of the plutocrats in order to keep the big business pirates from starving the country into submission monopoly never shows any spunk except when the white house is occupied with a man who falls in line with its purpose it is down on its knees begging and mud slinging behind the cover of plutocratic publicity bureaus labor needs to watch closely at the next election to see that it is not seduced into the support of some one who receives the plutocratic approval whoever the pirates recommend through the newspapers as a safe candidate for the people will be one who has granted them a promise of immunity for past crimes and a guarantee of non interference for others being hatched the league to enforce peace american branch the new peace organization started at independence hall philadelphia has the support of too many people who still think war the only practical solution of settlement of great questions arising between nations there really could be nothing more absurd than a league to enforce peace because whenever a dispute between several nations occurred the press of the different nations would take up the cry that the peace court was manned by enemies of justice was partial to one side or the other and that force was the only solution each nation would take sides as in the present war and the governments still desiring something that did not belong to them would raise the cry we are being attacked by an enemy who desires to destroy us in looking over the prominent names mentioned in the new league to enforce peace i see the well known people who wished to bust the trusts by appointing trust attorneys to enforce the law who wished to regulate the tariff downward by appointing men to a commission who wanted higher tariffs who loved the laborer as long as he was quiet contented and satisfied with a weekly skinning who are in favor of justice in spots and under certain conditions and are probably in favor of peace if it does not interfere with the profits of war munition manufacturers peace is a long way off and it will only come permanently when irresponsible governments are replaced by democratic ones when poverty hunger and misery have taught the credulous victims of monarchies and despotisms that their enemies are within their own frontiers and when they hurl royalty from power the friends of war are the rich aristocratic and arrogant and we have them right here in the united states as well as anywhere else they have a fellow feeling they profess hope in future peace but are not ready to believe in it now they talk arbitration but they think 42 centimeters and submarines they do not wish american intervention in mexico provided the mexicans behave themselves and if we are forced to send an army there they will be in favor of its withdrawal at a time when the mexicans are fitted for self government which they hope will be a long distance in the future they are willing to promise anything to say anything but to do nothing but skim the cream off the profits of industry and coo the producer into a state of slumber with pretty phrases and sweet lullabys of hope for reward beyond the grave as long as the beneficiaries of injustice are placed where they can continue it we will get empty promises and excess verbiage but no action the fat the smug and the contented never want a change improvement comes from the efforts of the serious the oppressed and the militant the man who has gained a swag from preying upon industry does not feel any necessity of changing the order of things he wants to let well enough alone he is more than willing to stand pat when the victims of oppression have gained sufficient self respect to discard all his wishes and laugh at his preachments there will be a new deal all around it is to be hoped that the destitution starvation bankruptcy and beggardom that is the certain aftermath of the present world convulsion will be sufficiently impressive to wake up the people of europe to see through the scum of benighted hero worship that has befogged their vision and that they will turn upon their oppressors the men who have ruled them from within and drag them from power and into oblivion and any real movement for permanent peace will not come in the united states through the efforts of men who sympathize and stand close to our large monopolistic property interests without force the latter would be certain to go down the money mad plutocrats of the united states will give no real encouragement to any movement that would make impossible the creation of a large standing army because it is only a standing army that could prevent the people from becoming masters of the wealth they have created monopoly militarism and autocratic government are all the same in purpose the oppression of the producing class and the suppression of the latter by force after persuasion fails there is no way that it can continue without force because education and enlightenment are menacing the predatory classes with overthrow by the ballot the american monopolists intend to remove the ballot if they can because if they do not they are doomed no sincere effort for a continuance of our present state of non compulsory military service will come from those who believe in the present economic injustices practiced by our multi million aire bandits of industry and finance ,0,0.6517922218099456
plumber goods will be amplethat union plumbers won t have to worry too much during 1951 about lack of jobs due to material shortages is indicated by a report this week from the plumbing and heating industries bureau except in case of all out war it is claimed manufacturers expect to turn out as many lavatories toilets laundrytrays urinals and drinking fountains as they did last year while there will be some curtailment of these articles for home use installations in government building will more than offset it it is believed ,0,0.653391606486531
by sen james d phelanwashington jan 23 the refusal of the governor of california to hear a committee of citizens qii the japanese question is a gross abandonment of his duty and an insult to the patriotic associations that are engaged in this work i am well pleased however that the governor has been smoked out we at last know his opinion publicly expressed on the japanese invasion of california as governor of a great commonwealth and my native state he refuses to raise a hand to save it if the question were less than the destruction of the white population of california which involves our american institutions i would pity the ignorance and the incompetency of the administration of governor stephens but californians cannot afford to wait now on governor stephens they must run over him by passing the needed legislation by the initiative which was put into the constitution for the very purpose of meeting conditions of this kind way shown clearly what is it that holds him back the japanese association of america has thanked him in a letter for having blocked legislation the association is a government within a government backed by the power of japan to defeat the will of the people of california and he by his acquiescence is co operating with it and has received its thanks governor stephens says the legislature must enact lawsbringing temporary relief but will not avail to establish an effective permanent solution the anti japanese associations the american legion the native sons of the golden west have shown him what relief the legislature can grant and what is necessary to make effective the land law of 1913 which was passed in the administration of his distinguished predecessor governor now senator hiram w johnson can amend laws what a contrast there is between these men one burning with a zeal for the public welfare the other indifferent to it the legislature can enlarge the powers of the land settlement board by which japanese owned lands can be condemned under eminent domain and provide therefore a revolving fund the legislature can amend the guardianship laws by which japanese cannot use the names of their children for the purpose of defeating the statutes of california the three year lease which becomes practically a perpetual lease by renewals can be abolished hope in new bill there is now pending a new immigration bill which i believe i can greatly strengthen as the disposition in congress is ripe against the further invasion of the pacific coast i urge the people of california to at once initiate the necessary legislation we have won one victory by cutting off the picture brides and we can win another victory by preventing the further absorption of the soil and perhaps recover what we have lost ,1,0.6351247272337432
striking against the governmentthere is a prevailing idea in our land that no worker has any right to strike against the government under any circumstances this conception has been largely observed in this country when strikes have tied up vital industries there have been a number of cases where the government has taken over those industries and in practically every case the workers have returned to work while differences were ironed out by direct or indirect negotiations but what if we some day should have a strike against the government which the stand taken by the switchmen comes very close to being to have a clear cut test of this issue however such a strike would hardly be a fair test to have that the union should be taking the initiative in the final analysis the day may come when it will be recognized that workers have as much right to strike against the government as they have to strike against any other employer in norway it has long since been recognized that the workers have the right to strike against the government and when that government tried to abolish strikes by compulsory arbitration it did not work any better than prohibition worked when they tried that hence both of these plans have been abolished ,0,0.7980159368484101
curbing profiteeringthere is considerable talk about the necessity that exists for curbing profiteering and every now and then those in charge of putting curbs into effect talk as if they had intentions of doing something about it however up to the present time such proposed activities have not gotten out of the talk stage no price curb that begins and ends with mere talk ever gets anywhere nor can it possibly amount to anything what appears so painfully obvious is that there seems to be very little disposition to really curb high prices to do that it would require powerful rollbacks of present day inflated prices as long as those in authority content themselves with merely talking hut do little or no performing our people continue to be bled out of everything they earn or have to live on the time has long since passed when further talk does a particle of good only concrete action can mean anything now this run away inflation in prices is too real to be treated as a joke either the agencies our government has set up to curb profiteering ami control prices better get on the job and get going on doing what they were set up for or they might as well confess they either can t or don t want to function there is a lot of curbing of present profiteering badly needed what people are interested in is whether it is going to be done or not action alone can convince us ,0,0.7456564375643484
ijacltman bros om amrricm i lsrgtti hnm f urwishtn there is no luxury tax on home furnishings extensive assortments at lachman bros and a year to pay the lachman wayprotect your valuables safe deposit boxes of all sizes available at the bank of california national association mission branch cor 16th street and julian avenue member federel depotit inturemce cor petition,0,0.8287678925867514
capitalists on strike organized capitalists through their subsidized press says president perkins of the cigar makers international union have made a strong effort to put labor in the light of being a slacker they howled all last spring and summer that labor is not producing they were horrified at the sight of a straw man of their own construction and prophesied dire calamity for the nation playing all the time to make labor the scapegoat we now find that labor was producing as it always does more than was being consumed at the prices charged for its product what happens now factories close their doors and employers absolutely refuse to produce no attention is paid to the thousands of idle men and women who are dependent on their day s pay for the next day s bread the press is strangely silent on criticising the employer who refuses to produce labor is told it must expect a reduction in wages before we can hope to reach normalcy it is to be hoped that we never reach normalcy for that does not meap progress but we are going to reach a point some day where labor will not be the football of capitalists we are going to reach a point where big business will not be allowed to make billions by selling goods produced under low wage conditions at war time prices and then close the factory door in the face of labor rather than suffer the loss of a single penny when readjustment comes ,0,0.5704830056562482
trade hr shirts^ at johnson s 2558 mission stadvance fall styles we are showing a special line of suitings for fall wear at $25 00 and $30 00 that cannot be duplicated in the city for the price union u un made in our own shop kelleher amp browne the irish tailors 716 market street at 3d and kearny2,0,0.7896496586365012
political advertisementhughes and wilson on labor on the one side we have mr wilson an open and avowed enemy of the labor unions before he went into politics and suddenly changing his tune when votes began to be of consequence to him on the other we have mr hughes while governor of new york making so signal a record as the energetic and achieving friend of labor that he was hailed by the new york federation of labor at the end of his service the greatest friend of labor laws that ever occupied the governor s chair at albanywho said this i am a fierce partisan of the open stfop the usual standard of the laborer in our day is to give as little as he may for his wages the class formed by the labor organizations and leaders is a formidable enemy to equality and betterment of opportunity tmf amp äu amp dä i labor unions drag the highest man to the level of the lowest the chinese were more to be desired as workmen than most of the coarse crew that came crowding in at the eastern ports it was woodrow wilson now president of the united states but not then in politics it was what he thought and taught for years not what he wanted others to think he taughthughes wrote eight hour law for women and as a judge on the supreme court mr hughes pursued his same friendly attitude towards labor the california eight hour law for women was upheld by the supreme court and justice hughes wrote the opinion that made it a law the pure food law of illinois prohibiting the sale of food preservatives containing adulteration was upheld by the supreme court with justice hughes writing the opinion the labor contract law of alabama which made the failure to perform contracts of labor a crime was held unconstitutional by the supreme court justice hughes writing the opinion declaring that the thirteenth amendment was not limited to negro slaves but was a charter of universal freedom for all persons of whatever race the illinois child labor law was upheld by the supreme court and justice hughes wrote the opinion the lowa law prohibiting railroads from making contracts with their employees limiting the right tö recover damages in advance of the in juries received was upheld by the supreme court and justice hughes wrote that opinion all these measures represent the conviction of hughes before he was a candidate for the office of president going further he has said on the stump i uphold the principle of the eight hour work day the general principle of the eighthour work day limiting labor promotes health happiness and efficiency the adamson bill is a serious blow to labor it substitutes legislation for collective bargaining is labor prepared to give up collective bargaining and to have its wages fixed by law if wages can be increased by law they can be decreased by law the principle of arbitration of labor has been betrayed the views of the two candidates are interesting in 1907 hughes said i recommend to your careful consideration the important subject of child labor children under the age of sixteen should have an eighthour day i also recommend that in order to protect children from dangerous employments there should be a more precise prohibition specifying the occupations in which children under sixteen should be employed and because governor hughes persisted in these convictions two laws dealing with child labor were placed on the statute books of new york the real wilson now take the real wilson when not running for office two years after hughes had enacted the child labor law s wilson held that federal legislationwho said this some regard as a source of strife and menace of difficulty i regard it as a fine opportunity for the improving of the condition of the working man the mission of labor organizations is one of the finest that any association of men could guard it was charles evans hughes not then seeking office he was the greatest friend of labor laws that ever occupied the governor s chair he signed 56 labor laws including among them the best ever enacted in this or any other state of 162 labor laws enacted in this state since 1777 one third exceeding in quality all the others have been enacted and signed during governor hughes term with such a record it is easy to believe that human rights will have a steadfast and sympathetic upholder it was the legislative labor news union labor s official organ speaking of charles e hughes governor of new york after he had retired from politics to be elevated to the united states supreme court along these lines to be absolutely unconstitutional in 1911 he characterized such measures as obviously absurd extravagances and carried the power of government beyond the utmost boundaries of reasonable and honest inference that was wilson before he was seeking the office of president what can it be that has so suddenly caused this change is it molasses to catch flies the danbury hat case those who are antagonistic to mr hughes bring up the danbury hatters case the danbury hatters case was decided three years before hughes was appointed to the supreme bench it was decided in 1908 while hughes was governor of new york a democrat chief justice fuller wrote the opinion hughes was appointed in 1911 in 1914 when hughes was a member of the court it was held that the trial court was right in granting a jury trial that was demanded by labor and that the trial in the lower court was in accordance with law the decision was unanimous several democratic members were on the bench and concurred so did justice mcßeynolds who was attorney general of the united states under president wilson and a democratic justice of the supreme court if the decision was not just and inaccordance with existing law why did justice mcßeynolds concur wilson vetoes important labor measure president wilson in the 63rd congress vetoed the burnett immigration bill this measure was endorsed by the conventions and officials of the american federation of labor and very important to the best interests of the workers of this country protective tariff a labor measure and last of all does the laboring man want a democratic low tariff w hich forces him to competition with the low paid labor of europe and japan does the laboring man want to return to the conditions of 1913 before the european war gave us spotted and stained business increase the republican protective tariff is the chief defense of the american worker that defense will be needed more than ever after the great war we shall be obliged to meet a europe organized as never before and desperate to recover lost markets and lost billions the republican protective tariff is the greatest labor law in the world protect yourself against idle shops low wages and hard times after the war by voting on november 7th for charles evans hughes the berger manufacturing co sheet metal products 1120 26 mission street san francisco phone market 2728 milwaukee brewery of san francisco golden state beer 468 480 tenth st 3 gt lt s gt lt ^ lt gt lt s gt lt e gt lt s gt lt s gt lt s gt lt s gt s gt lt e gt lt s gt lt ^kjys gt lt s gt lt i gt lt gt lt s gt ^^ a support the state that supports you first in style first in quality buy and wear the home industry hat made in our factory by union hands and sold in four lundström stores by union clerks hats is the standard for thirty years usozd 13 50 1126 market 26 third stores factory lll4 mission 2640 mission 605 kearny lt i ittttttt rolkin a sharp proprietors anderbon manager hotel atlanta rates 75c per day and up special rates by week or month telephone market 42s private exchange connecting all rooms seventh at mission street opposite postoffice ban francisco hrtnrtxrnrttt^rrrr nnnnn mum mi rrrirrtttittitt t ifti t patronize home industry,0,0.639019767769397
federal council of churches opposes entrance on armaments racethe executive committee of the federal council of the churches of christ in america registered its disapproval of the proposed armament program as submitted to congress last friday any lurther increase of naval and military expenditures beyond lie budget already submitted for the current fiscal year was described gt y the federal council s committee as unwarranted by any evi lcnce thus far presented and calculated in the present world situation io stimulate the spirit of fear and unrest which is the parent of war the statement of the inter church body was made public by x osw ell p barnes associate secretary of the council s department if international justice and goodwill the president of the council vho presided at the meeting at which this action was taken is dr edgar dewitt jones prominent detroit pastor in commenting on the action taken by the federal council dr barnes explained that the members of the council s committee had minted to the fact that there had not been forthcoming from govrnment sources an adequate explanation of the need tor additional laval and air forces the full text of the council s statement follows the executive committee of the federal council of the churches if christ in america registers its disapproval of the proposed inrease of naval and military expenditures beyond the budget already übmitted for the fiscal year 1938 1939 as unwarranted by any evilence thus far presented and calculated in the present world situation to stimulate the spirit of fear and unrest which is the parent of war ,0,0.8016206519009683
growthgrowth is life every live union is growing in as many ways as possible there are a number of important ways growth in number of members wage increases shorter hours developing leadership development of members the last is a key to all the others the capacity of hs members is the real measure of the effectiveness of the union foremost among union responsibilities is that of affording opportunities for education and development to its members like every associated activity unions need to guard against individuals who are more concerned for personal advancement than advancement for the whole group personally ambitious people are more anxious to use the union than to contribute to group progress members ambitious to serve the union gain in proportion as they render service there is still a more dangerous type of union member the individual who instead of finding his own opportunity tries to advance himself by discrediting someone that he may fill the vacant place such tactics may advance an individual but not the group each union member should add to the sum total of union effectiveness and subtract nothing if any member is not living up to union ideals help him to a more constructive attitude put the problem of making progress on a higher level and merge personal progress in the larger purpose of union progress political rivalry between individual union members should not be allowed to create union factions or to degenerate into personal attacks the issue which concerns the union is always to be stated in terms of union growth the larger issues of human welfare and progress always command loyalty and service that union is surest to make progress which keeps its activities on the highest levels ,0,0.8266630813472464
oklahoma city minister tells the open shoppers just where they get offoklahoma city okla labor unionists and liberals of this city are pointing with pride to a local minister rev homer lewis shelter of the first unitarian church whose dashes with the open shoppers in the southwest have won their unqualified admiration sheffer recently preached a sermon entitled the blood on coal based on an investigation he made of the recent disaster at mcalester okla in which 61 men lost their lives the minister spent a week at mcalester where he talked to miners operators public officials and other citizens and even went down a mine and loaded a car of coal the sum of his interviews led him to recommend 1 laws compelling installation of safety devices and the rock dusting of dangerous mines 2 amendment of the state constitution to permit workmen s compensation awards in death cases although large payments for total disability are permitted the state strangely compels damage suits in death cases 3 better protection including protection for the inspector who recommends safety installations when the operator does not want to spend the money 4 reorganization of the miners union on the latter point sheffer laid much stress he had never lived in a mining field and the ex union miners with whom he talked at mcalester were probably the first he had ever seen but he caught their arguments at once safety conditions despite all the laws and inspection will not materially improve as long as there is no pit committee to demand them miners with whom i talked told of shot firing when men were at work of rock falls being ignored of poorly insulated electric cables and unprotected wiring on cutting machines yet they could not complain to the boss about it or safely speak to the inspector they would have lost their jobs immediately had they done so when sheffer came here from massachusetts he found an open shop group in control of his church they tried to throttle him when he began investigating the wages paid girls in the five and ten chain stores and when he boldly attacked the open shop policies of the local chamber of commerce a break came but in stead of sheffer losing his job he found the majority with him and the open shop group withdrew the leader of the group oppos ing the minister is the biggest open shop printer in the state theology doesn t interest this minister and religion to him means the application of the humanitarian beliefs of jesus and other great teachers of life ,0,0.5825777416040832
beware the double gate is dangerous to your welfarein many strike situations it is difficult for the local union members to know what to do about helping most of them know that a good union member honors a picket line and does not cross it and most are very loyal about physically being on the picket line since the picket lines have been such an effective tool by getting jobs stopped and hurting the contractors in the pocketbooks the contractors devised a very tricky however legal system to stop and or confuse the membersthis system is called the double gate or reserve gate system in this system the contractor opens up two gates the first gate is for the exclusive use of the problem contractor the one who is non union or is causing the work problems for the unions the second gate is for the use of the other contractors who are using union members to do the work by having two gates the contractors are forcing the unions to picket only the gate that the non union contractor uses the unions are by law prohibited from picketing the other gate because they have no problems with these contractors another result of the two gate system is that it forces union members to work side by side with non union people which needless to say is another unhealthy situation since the contractors are intelligent businessmen ,0,0.7698195475907603
chance for economy in revenue bureau htdetroit mich hundreds of millions in taxes properly due the government are not collected but if a postoffice clrek takes a bunch of asparagus from the parcel post he will go to jail said senator couzens in an address to the rotary club here the speaker said that in some of these tax cases the refunds cancellations and failure to collect were due to improper influence and favoritism no other government bureau is so inefficient as the bureau of internal revenue of the treasury department mr couzens said even the oil scandals would not compare in losses to the government and if the public knew the whole truth they would demand the abolition of the income and corporation taxes and the substitution of a new form of taxation that would not be manipulated in the interests of a few ihe government he charged has been compromising with fraudulent taxpayers by settling with them for a sum less than the taxes due and without any penalty my contention is that those who attempt fraud upon the government should have their record made public declared mr couzens why should taxpayers who fail to get away with an attempt to defraud the government not have public condemnation of their conduct and be held up to public gaze the same as any other violator of the law who is caught dallas texas moving picture operators in this city have secured a two year contract there will be no change in rates the first year but substantial gains are provided for the second year the san francisco bank savings commercial incorporated february 10th 1868 one of the oldest banks in california the assets of which have never been increased by mergers or consolidations with other banks member associated savings banks of san francisco 526 california street san francisco cal june 30th 1925 assets $102 232 604 33 capital reserve and contingent funds 4 100 000 00 employees pension fund 479 081 25 mission branch mission and 21st streets park presidio branch clement st and 7th ave haight street branch haight and belvedere streets west portal branch west portal ave and ulloa st interest paid on deposits at the rate of four and one quarter per cent per annum computed monthly and compounded quarterly and may be withdrawn quarterly we welcome you to the new golden gate cloak and suit house at our new location 867 market street adjoining the emporium ♦ o ♦ afmmkfcto 259t0273 p05t st stssfiwn san francisco furniture rugs and carpets a bargain btore for all year round where your credit goee ae far as your eash and your word is good for credit compare our prlcee with others we will be eatlsfled with the reeult we welcome you whether you are buying or just looking give ue a chance to prove itunion made shirts a friend of labor for 52 yean eagleson s since 1872 at factory prices the shlrta we sell re un 1 made right in our own factory thus eliminating the middleman s profit it is the extra quality that we can put into our shirts because we make them that has made bagleson a co famous for its fine shirts and enables us to guarantee every one unconditionally dress shirts work shirts guaranteed longwearing fine fitting fast colored genuine woven madras shirts in stylish new patterns 3 for 36 each eagleson s ex tra quality guaranteed shirts for work wear sport and outing comfortable long wearing patterns at $2 15 other dress shirts $1 85 to $7 85 $1 15 to $4 50 1118 market st and 129 montgomery st san francisco sacramento los angeles fresno james h barr co the star press printers and publishers 1122 1124 mission street san francisco books magazines newspapers church society and commercial printing phones park 6380 6381 good work fair prices your jeweler 715 market street bet 3rd and 4th r prigioni 46 turk street telephone prospect 8169 bay city grill oysters steaks chops fish and poultry private dfnlng rooms for ladles telephone franklin 3431 a vivorio san francisco mmm a warning eye strain headache dizziness nausea nervousness cataract double vision floating apots poor memory astigmatism cross eyes styes discharging or watery eyes swollen or crusty eyelids itchy or inflamed eyes farsightedness and nearsightedness these symptoms should receive immadutta car and sttantion we advise that you consult george mayerle optometrist 30 years exclusive optical practice 960 market street san francisco,0,0.857577491593202
injustice has wrecked nations green pleads for higher idealsboston the fall of nations and races that are now only recalled by name can be traced to their disregard for justice said william green president of l in an address delivered at historic trinity church throughout the ages he said leaders and teachers of religion have denounced human exploitation and oppression moses pleaded the cause of the oppressed israelites at the court of pharoah and christ was most eloquent in denunciation of the hypocrisy and greed of scribes and pharisees righteousness in human relations is the theme of all religious philosophies and justice is the base of all law human and divine the wrongs which have been imposed upon workers in all ages said president green are not due to a lack of understanding of the elemental principles of justice decay entered into the body politic of nations which are now remembered in name only when they substituted might for right despotism for liberty injustice for justice and grinding oppression of the masses by the favored few modern life and modern industrial processes have intensified social and economic ills from which humanity has ever suffered industrial methods have changed mass methods and mass employment have been substituted for individual skill and personal relationship out of this has grown a condition of sordid materialism and sacrilegious psychology which constitute a menace to the nation s spiritual and cultural life the tragic economic and social conditions prevailing in the coal communities of pennsylvania west virginia ohio kentucky and elsewhere bear testimony to this fact the accumulation of great fortunes out of the earnings of industry and the abject poverty in some centers of population tends to depreciate intangible human values it is in this extended industrial and economic field where the organizations of labor stand and serve president green said the church can make no effective appeal to those who feel the pangs of hunger poverty crime sin and hate he said seem to be the counterparts of each other while good citizenship spiritual vision religion and morality are found among those whose economic and li ing standards are pitched upon a high level ,0,0.837797376841404
evolution not revolutionin an extemperaneous address at an exhibition in connection with the federal subsistence homestead projects mr roosevelt answered various critics of his administration with the declaration that the new deal is a program of evolution not revolution praising the homestead system as one of the administration s foremost achievements in helping depression stricken families to gain a fresh start in life mr roosevelt denied charges that the program contemplated regimentation of great numbers of people there is no regimentation the president said we are not going to take people by force from one community and put them in another in the long run he said the subsistence homesteads will cost the government less than it would cost to keep these families on direct relief we will work out a system for those families brain trust or otherwise in an effort to discover new things for communities to do he said ,0,0.8556013803520505
seamen ask judges to expedite casesnew york at the annual convention of the international seamen s union it was agreed to petition federal and state judges to adopt rules that will permit a preference to meritorious cases of seamen upon the calendars of their respective courts the request was made because witnesses in seamen s cases frequently disappear when cases are set for a distant date the convention indorsed the position of the union s committee on legislation who oppose changes in the federal immigration law that will again tie foreign seamen to their ships when in american ports ,0,0.6575754256655819
alameda county union directory building trades council meet every tuesday night at eleventh and broadway in the new hall of kohler amp chase federated trades council meet every thursday night at 459 eleventh street bricklayers meet on second wednesday evening in the month at 459 eleventh street carpenters no 36 meet every monday night at 459 eleventh street cement workers meet second and fourtih tuesdays in the month at 459 eleventh street laborers meet on first and third wednesdays of the month at 459 eleventh street lathers meet on first and third wednesdays of the month at 459 eleventh street millmen meet fridays at 459 eleventh street musicians mutual protective union branch of san francisco local no 6 american federation of musicians office kohler amp chase music store painters and decorators meet every thursday night at 459 eleventh street plumbers and gasfltters meet every second and fourth wednesday night at 459 eleventh street plasterers meet first and third tuesday nights of the month at 459 eleventh street shinglers meet tuesdays at 469 eleventh street typrographical meets last saturday night in the month at 459 eleventh eleventh streetdealers in l shirts amp i men s furnishing goods ♦ j $ examiner building cor market and third phone main 351 san francisco john c neubauer union stamp no 163 custom made shoes 22 ninth st rade watch makers jewelers and opticians amp alarm clocks reduced to 55c james a sorensen co 103 sixth st below mission $14 15 saved each month will buy 10 acres rich fruit or vine land in santa clara valley rich spanish grant now offered planted to vine it will produce after 3 years more than a competency it s worth your while to think of this and call or send for catalogue wooster whit ton amp montgomery the athenian 311 bush st wines liquors and lunch feht amp ahlerb props opposite builders exchange trade jn b mark 6ive home production the preference union made outing dress and workingmen sjohn horrtuah pre burnt sea j st nicholas laundry co 17th ami folsom telephone mission 278 hitrh grade work a specialty bough edge on collar and cuffs removed washing called for and delivered to aitiu of the city free of charge p all whitley from original barrels pa lmgarden henry frustuck union label cigars 921 market street san franci oe6,0,0.7857972401566812
no meat strike herethe nation wide meat packing workers strike called for march 16 likely will not affect san francisco and northern california of l butcher s union international vicepresident milton s maxwell said yesterday he said workers in this area will remain on the job ,0,0.8401103867747817
nine tenths of highway dollar goes to laborlabor gets $9lo or about ninetenths of every $looo received by the contractor in building a concrete pavement according to a statement issued by thomas h macdonald chief of the united states bureau of public roads in testifying recently at the hearings of the senate committee on appropriations this statement resulting from an extensive study of all the costs of building concrete pavement was a part of mr macdonald s testimony showing the value of road building in providing jobs for the unemployed materials used few mr macdonald explained the fact that so much of the road dollar from 85 to 90 per cent goes into labor either directly or indirectly is due to the fact that there are no intrinsically valuable materials used in road building the data presented by mr macdonald show that of the $looo given to the contractor for building concrete pavements $l4l is spent directly by him for labor on the job an additional $44 70 is spent for labor by him in getting on the job and for other miscellaneous items also benefit by paving the contractor pays mills and quarries $675 which along with $139 50 spent by the contractor through other agencies is distributed so that labor eventually receives another $724 30 making a total of $9lo received by labor from each $looo this money is expended for wages in mills and in quarries in transportation of materials and equipment in the production of fuel in the manufacture of supplies and equipment and so on in commenting on the fact that labor receives such a large portion of money required for concrete pavement building road builders point out that labor benefits as much in high type pavement building with extensive use of machinery as in the construction of low type roads where comparatively little machinery is used ,0,0.7719133664813163
mussolini thinks for italy duce s control is absolutenew york mussolini s whole program is a sorry compliment to the intelligence of the italian people it has been decided that above all things they must not think this indictment of the duce his ideals and his methods is john calder s summary of a recent visit to italy by the american management mission mr calder writes in the iron age the duce has cast the die and the tightening of absolutist control is growing apace writes mr calder bills to abolish proportional representation in parliament to render the chamber of deputies innocuous and to reform the senate by making its members the nominees of the fascist syndicates or unions of workers and employers respectively are ready for presentation to a subdued legislature to obtain legal recognition unions of employers or workmen or professionals must not only look after the economic and moral interests of their members they must also assist and instruct them and promote their moral and national education and the leaders must guarantee the firm national faith and good political conduct from the national point of view workers and employers can thus be excluded at the will of the government fi om the dominant union of their particular body for purely private and political reasons the duce and his administrators become all in all for the first qualifying tenths may be sifted and delayed in admission until they are precisely of the composition either of employers or of workers best suited to the designs of the duce all union or syndicate presidents or secretaries of worker or employer bodies must be names approved by the central government and the managing board of any of them may be suspended for not more than one year at the will of the prefect during which time all labor or employer affairs are transacted by the permanent officials originally approved by him and the government employers naturally did not yield gracefully to what is practically compulsory arbitration on every issue neither did the craft unions even the most conservative relish the denial of their right to make their own mistakes about anything relating to their economic interests and to appoint arbitrators by agreement the result however is that the employers general confederation of italian industry has become the fascist confederation of industry with one seat in the grand council the highest body in the duce s hierarchy the corresponding labor body the confederation of labor while it still exists can make no decisions hold no conferences express no opinions nor make criticisms thus the last shadow of democracy passes out of the picture of italian labor and employing interests and there may be fireworks when the omniscience of the duce fails him at a critical industrial juncture ,0,0.8113171742282743
family budget costs rise 10washington the average urban family of four last fall needed about 10 per cent more dollars than the year before just to stay even the bureau of labor statistics reported over the year from autumn 1972 to autumn 1973 a hypothetical family maintaining a moderate standard of living needed $12 626 to make ends meet $l lbo more than in the previous year the family budget for a lower standard of living rose $795 to $b lbl over the same period while a higher level budget required $18 201 or $1 643 more and then provided for few luxuries bls s latest series of typical family budgets is pegged to prices prevailing last october since then inflation has driven prices even higher wildcat operator the texas oilman went in to see his dentist and when asked which tooth was bothering him replied oh just drill anywhere doc i feel lucky today,0,0.7832083188906447
mfe 5 ju constantly growing qie convenience of flits friendly instrumentevery day this company is extending its lines to more people increasing the speed and accuracy of its service it is part of the telephone ideal that anyone anywhere shall be able to talk quickly and at reasonable cost with anyone anywhere else the habit of turning naturally to the telephone for every sort of business and social errand is growing among pacific coast residents even faster than population much of this is due to the constant improvements in telephone service continually hhlng to the convenience of this friendly instrument,0,0.7661993111157045
supervisors get pat on the back for freeway actionthe san francisco board of supervisors for a change is going to hear from a group of satisfied constituents namely the san francisco building amp construction trades council the building trades body will commend the supervisors for their action rejecting six elevated freeway routes contained inthe state master plan for freeways sec daniel del carlo brought up at the last meeting of the council the matter of the supervisors action seeking an expression from the delegates of how they felt about it a lengthy and vigorous discussion made it plain that they felt quite strongly about it one reaction strongly in evidence was resentment that the state engineers should feel free to make their own decisions as to how the big concrete structures should criss cross san francisco there was resentment also at the high handedness of state sen randolph collier who threatened that san francisco would lose most of its share of state gas tax funds if it nixed the state s freeway plans collier later backed away from that position some of the delegates were concerned about the peoplewhose homes are ruthlessly torn down to make way for the space eating freeway ramps and interchanges true there is compensation at fair market value but sometimes it was pointed out that is a rough jolt for people who may have paid off a small older home in which they had hoped to spend the rest of their years their cash settlement usually won t buy a newer home in another neighborhood and they face the expensive choices of becoming renters or binding themselves to another long spell of mortgage payments san francisco building trades labor traditionally supports worthwhile construction projects but it will tell the board of supervisors that in the matter of elevated freeways it is right in insisting that san francisco should act only at its own pace and on the basis of its own needs ,0,0.739420584454036
one out of three a labor mansan francisco and detroit have done the best jobs in getting labor men on local war price and rationing boards one out of every three members on local boards in both these cities is a member of ,0,0.7849796512537972
such a contrast laura allani was waiting to be served at a restaurant table when an attractive young woman and year old boy took the opposite chairs while i was giving my order the mother fussed with the child to the extent of arousing his impatience then she glanced over the menu card smiled at her son and said what are you going to have harold to me the scene at once acquired interest year old was about to choose his own luncheon well he wasted no time about it emphasizing his demand with a bang of his knife handle upon the table he declared in no uncertain terms i want doughnuts with syrup on them and fried egg the young woman had perhaps noted my surprise at the proceedings for her attitude changed in what was almost a pleading tone she suggested hot soup would be very nice this chilly day see i am going to have some and so is this lady the boy looked from his mother s face across to mine entirely unconvinced he refused the soup placed before him and again demanded doughnuts i tried to help by commenting upon the excellence of the soup so hot and delicious and led on to another subject the mother took up the cue delightfully and we ignored the boy who continued to make a nuisance of himself i thought that his hunger would presently force him to capitulate but he was overfed so that bit of strategem failed the mother calmly ordered a vegetable salad for both which the boy scorned i kept up a merry chatter as i saw that she was weakening under the strain of his noisy demands but when i indicated a dessert on the menu she smiled and ordered it harold was so captivated with the rosy baked apple and its whirl of snowy whipped cream topped by a red cherry that he seized his spoon and began an onslaught he even accepted a crisp cookie with his tiny glass of orange juice we elders exchanged triumphant smiles and our visiting cards it was evident that the mother s manner was a new experience to the child he watched her with puzzled eyes and submitted to his outdoor garments without a word she whispered in goodby your surprised look was a revelation and your sympathy and tact are inspiring i mean to persevere that evening it chanced that i dined at a home where the 3 year old boy is the only child he had his own chair and low table near his mother s place and was served in courses like the grown ups but with special food his milk tomato soup was followed by a poached egg on toast which he managed dextrously then a dish of stewed prunes with an oatmeal cookie and a small cup of properly cooked cocoa a spoonful of strawberry ice cream was a festive finish he was quiet during dinner and polite to the maid one scarcely knew he was present before getting ready for dinner he had had a merry romp in the hall with his father and after dinner his mother told him his regular goodnight story then he went to bed happily it was all so restful so altogether satisfactory ,0,0.7805179216461258
architect taking bids on general contract selected list to close oct 16 2 processing plant $200 000 san francisco evans amp phelps owner torre amp sons 103 bay st architect riddell 333 kearny st structural engineer thos f chance 268 market st mechanical engineer j marion thomas 333 kearney st one story 300 000 structural steel and protected metal exterior steel sash concrete floor bidders on general contract partial carrico amp gautier 365 ocean ave swinerton amp walberg 225 bush st barrett amp hilp 918 harrison st note change in closing date a $60 000 candy factory is being built at lomita park san mateo county calif ,0,0.7532177294887795
hoover fbi head praises afl for eliminating redswashington edgar hoover head of the federal bureau of investigation praised the american federation of labor for its successful efforts in preventing communist infiltration in his testimony before the house committee on un american affairs i am convinced hoover said that the great masses of union men and women are patriotic american citizens interested chiefly in security for themselves and their families they have no use for communists in those instances where communists have taken control of unions it is because too many union men and women have been outmaneuvered and out waited by communists the communists have long viewed with envy the of l they admit they play a very small role with only a handful of communists active in of l locals if more union members took an active role in the affairs of their unions it would become increasingly difficult for communists to gain control union members can easily spot red sympathizers and party members in conventions and meetings because they invariably drive to establish the party line instead of serving the best interests of the union and the country hoover and other witnesses told the committee the best safeguard against reds and fronts is what woodrow wilson used to call pitiless publicity and that it would be unwise to make martyrs of them by outlawing the communist party ,0,0.7742922265842556
war bonds are a safe buywashington and the country are being thrilled by a grand galaxy of movie stars selling war bonds ann rutherford greer garson irene dunne hedy lamarr walter abel and virginia gilmore are certainly good to look at as a purely business matter the war bonds issued by the government are absolutely secure investments they will not earn fat interest but when the years roll by and whenever you want to use your money the bonds can be converted into cash other kinds of investments may yield bigger profits or let you down flat should there be a millennium in which everything goes to pot the government will be last of all to fall if the unbelievable should happen to impair the safety of the government then everything else would go down with it this isn t pep talk this is just common ordinary horse sense©©©©©©© to the men and women defense i should war come home they reßeadyf this war will be won by the spirit of the american people this spirit is in the young men of our armed forces it is the spirit of 1 clean living clear eyed hard hitting american youth it is also in the spirit of unselfish sacrifice of personal time and energy by all who must remain on the home front in tribute to the latter we salute the men and women of civilian defense who are these men and women they are your friends and neighbors whose days are active and whose nights are given to the half hundred activities of civilian defense in this work it is natural that many employees of this company take active part as workers in public utility service they have special adaptabilities valuable to vital branches of civilian defense likewise there are many men who through long years of experience have developed special skills essential in keeping the output of gas and electricity flowing at top speed so that plant production may run ahead of schedule already more than 1 200 of the young men of this company are in the armed forces each month this total grows in civilian defense are more than 4000 company employees nearly forty per cent of the total number in the mountain regions close by the great power plants hundreds of these men and women are airplane observers men and equipment of this company are enlisted m demlition and clearance crews bomb squads auxiliary fireolition and clearance crews bomb squads auxiliary firemen feeding and housing rescue squads road repair crews air raid wardens and many other activities we are proud to be part of this army at home it is the people s army sober serious trained and ready for public service pg l pacific cas and electric company 101 © © © © © ©4 issued weekly bt th publishing company incorporated jwjmjwy oo by ownedand controlled by associated labor unions of san francisco office 238 thirteenth street phone market 47 7 between mission and howard notice to secretaries secretaries of unions will please send weekly repotts o thls offlce ° m ® berawbobato changed their address glrlng tbe old address as well as the new correspondence correspondence to receive early attention must be in at thu latest by tuesday subscription rates single subscriptions per year six months l oo payable in advance single copies oents each catered at the postofllce at ban francisco calif on august 10 1901 as mond cltu matter cress cannon,0,0.8339128572740391
portland to lose 87 000 ship workersa war manpower commission officiai in portland disclosed yesterday that the 112 000 shipyard workers in that area will be reduced to 25 000 by next january but officials here said they would not predict any similar reduction in the san francisco area failure of the united states maritime commission to award new contracts to the portland area yards was assigned as the reason for the expected drop after july 30 the decline will be at the rate of 20 000 workers monthly there except for marinship all of the maritime commission yards in the bay area were also skipped when new contracts were awarded last month on the basis of the anticipated portland experience it would appear a sharp reduction in workers can be expected here too sees no reduction however a regional maritime commission spokesman said a decline cannot be predicted he pointed out that the maritime commission may yet award more contracts or convert yards to ship repair work he also pointed out that there are in this area two huge navy yards and several other strictly repair yards under navy or war shipping administration which sorely needed man power such yards can be expected to absorb up to a point the workmen leaving the maritime commission yards this situation does not exist in portland because that area has no navy yard and no repair yards of consequence he said he also said that declining shipyard employment does not lessen the general man power need as expressed in the current man the battle stations campaign while new ship construction declines the shift in war needs brings increases in other types of war industry employmentdownward trend the trend downward declining employment in new ship construction is illustrated by the fact that the maritime commission yards of this area have fallen from a peak of 157 786 in august 1943 to a figure of 115 396 today at the same time total pacific coast employment in maritime commission yards has fallen from 316 759 to 264 368 the drop by yards in the bay region moore dry dock company 35 786 in july 1943 19 931 today richmond ards 1 and 2 62 126 in march 1943 43 919 today richmond yard 3 25 305 in november 1943 19619 today richmond yard 4 5 394 in november 1943 4 216 today marinship 17 454 in june 1943 13 967 today western pipe and steel 10 111 in march 1943 7 979 today bethlehem alameda 6 604 in may 1944 5 771 today ,0,0.7890328868099987
senate ok s works bill ford vetowashington ignoring warnings of a probable veto the senate approved a $5 3 billion public works jobs bill last week to replace the one that president ford rejected earlier this year the senate approved the measure 54 to 28 and sent it to the house demos win the action came after senate democrats succeeded on a 48 to 32 vote in boosting the price tag of the bill from the $2 5 billion scaled down version sent to the floor this came despite warnings by republican leaders that the bill is almost certain to be vetoed again mr ford vetoed the earlier $6 1 billion measure on february 13 calling it little more than an election year pork barrel lost by 3 the house voted 319 to 98 to override the veto but the senate failed to do so by three votes  big money shuns brownlos angeles five influential california democrats told that they will support jimmy carter for the democratic presidential nomination claiming governor brown is a standin for hubert humphrey the five including millionaire max palevsky who has poured hundreds of thousands of dollars into support of liberal candidates said the race is between carter and humphrey for jerry to go around the state campaigning as if anyone expected him to get the presidential nomination is an insult he said he s been governor for a year he hasn t had another serious job in his life ,0,0.7238935850900308
human rights secondary is dollar guardians creedopposition to the sheppard towner maternity and infancy bill again shows what little value certain elements in this countryplace on human life this bill is intended to lessen the annual deaths of twenty thousand mothers in child birth and 250 000 babies less than one year old the plan is educational with not a single element of compulsion where states accept the act the federal government will match every dollar these states appropriate for this purpose in arguments against the bill opponents talk of the constitution states rights sacredness of the home and the entering wedge for bolshevism but they offer no counter plan to rescue this country from its position of having the highest maternity and infant mortality of any civilized nation in the world the bill has passed the senate however and is now being considered by the house if congress refused to stop a waste of property equal to the annual economic loss of twenty thousand mothers and 250 000 babies opponents of the maternity bill would tear down the sky no one objects to the government maintaining agents known as consuls in every part of the world to inform business men what to offer for sale in these countries how to pack and ship goods credit regulations and other trade information but good order and the constitution are threatened if the government imparts information to young women in the most crucial period of their lives opponents of the maternity bill are always defending the constitution when human life is involved but they would scrap this document in the interest of trade this mental attitude is not confined to opponents of the maternity bill it is seen in the cry for greater production which never includes protection of wage earners lives and their working conditions it is in the back of the heads of those who urge wage reductions to them cheap production justifies the coolie standard of living opponents of child labor laws are blind to everything but low production costs though the coming generation be stunted they would rescue the constitution from those who would put children in school the injunction judge has the same mentai attitude protection of property though the injunction writ as originally intended be outraged and every guarantee in the bill of rights annulled this mental attitude is the cannon fodder concept of wageearners secretly it is as stoutly maintained today by industrial autocrats as it was openly advocated in the days of feudalism and ancient rome the great work of is to change this mental attitude this can be done by intelligence and unity because it possesses this power and is exercising it industrial autocrats hate and fear trade unionism agitate educate organize ,0,0.7793668943828994
enchanted hills for blind child opens camp june lienchanted hills camp for blind children and adults will open its 15th annual camping season on tuesday june 16th applications to attend enchanted hills located 12 miles from napa california are now being accepted at the san francisco lighthouse for the blind 1097howard street san francisco california 94103 enchanted hills is the only camp in the west planned especially for the benefit of blind persons campers come to enchanted hills from all the western states and from as far away as texas the only qualification is proof of legal blindness those campers unable to pay all or part of their expenses are aided by a special campership fund which is maintained through public contributions by the san francisco lighthouse a regional non profit public service agency for the blind headquartered in san francisco no camper is ever refused admission to enchanted hills due to inability to pay cost of three week teen age encampment $150 00 regular two week child adult encampment $loo oo because of the processing of application and medical forms prospective campers are urged to apply early contributions to the campership fund are also being sought by enchanted hills persons desiring additional information should write directly to enchanted hills 1097 howard st san francisco calif 94103 ,0,0.8171043831422237
boom the labelhale s home savings banks worth $l oo ° sell for 35c buy one for the children s good many a time opportunity comes to a man but for lack of a little stake he must turn it down that s why the man with the money saving habit succeeds where others fail encourage your children to save their pennies nickels and dimes the habit once formed will stick through life and the money saved will be an advantage in grasping opportunities ahead san francisco store market and sixth streets good goods an eye tonic gt ry murine eye remed for red weak weary watery eyes and granulated eyelids murine doesn t smart soothes eye pain yik fou owinb uhwatt stotb me coob ones to pdmmze bennett brothers 62 third street 541 haight street brittain amp company market and mason street 1206 10 polk st cor sutter oakland 908 910 broadwuj chas brown amp sons 871 market sl hickman 3282 mission st ed jones 1180 market st united builders supply company 687 mission st williams hardware co 974 market stcamp stoves 1 burner blue flame oil stov a $3 00 also wood and alcohol stoves all sizes full line camp cooking utensils crockery and hardware at hickman s mission street at 29th eagleson amp co pacific shirt co and wilson co reliable shirts and men s furnishing goods large stock popular prices 1453 fillmore st near o farrell 1158 market st near jones also los angeles and sacramento golden gate cloak and suit house market st near jones newest style garments at absolutely low prices tailor suita 910 00 to $50 00 len coats 3 95 to 35 00 skirts 2 50 to 20j0 waists 1 00 to 15 00 fun at lowest market prices,0,0.7692426702762264
the man of toilit is time to build a monument for the man whom monumentmakers have overlooked i speak of the man of toil i speak of him who carries on in the storm and wind and hurricane in the gloom of night and under the stifling heat of day i speak for the man in overalls the living symbol of the real america let us build him a monument and let us raise it high for all of our children to see lest they forget the virtues and the rugged courage on which the comforts they have are reared let us build it high and on its base let us write clear and luminous so that all may read to the man of toil to him who braves the peril of the mine or the angry roar of the furnace to him who ploughs and bends and builds the handicraft of man to the man of sweat and grime for him whose brain and brawn have conquered the mountains and bridged the rivers for him whose hands have known the wounds of work for he is the breadgiver he is the builder his is the loyalty and his the steadfast heart he is america the shaft ,0,0.8187855113950786
by ruth taylorwhat is the purpose back of the anti labor agitation sweeping over the country it has been a clever campaign carefully fomented by those who seek to destroy built upon false allegations half truths misinterpretations generalities and personalities it has affected thousands who are sincere friends of labor and who still believe in the same high purposes to which labor owes allegiance but in our first quick resentment we must not be led into just what these plotters want us to do for this is not just one of the periodic attempts to destroy by opportunists it is a part of the greater plot against american unity is under attack true but industry comes in for a few hard swipes as well is under attack true but publications preaching anti semitism and anti cathol icism have increased in number is under attack true but the klan has risen again hitler is up to his old strategy divide and conquer and we must recognize these attacks for what they are this is not the time to talk of the past record of labor saw the tactics of the communists and went on record against them before the man in the street knew they existed saw the dangers of fiscism and went on record against it when the average tourist saw only that trains ran on time saw the menace of hitler at the first sign of the persecution of the jews and started its own boycott while the misguided still shook their heads over the versailles treaty granted all that now the attack is on labor and it has to fight not its fellow americans but those who would divide and conquer now how to fight first be sure your own house is clean that there are no charges against you that are justified that your leaders represent you second do your job to the best of your ability and then some you are fighting for your life and not for praise it s our war and every minute wasted may prove fatal third state your own case be articulate for labor and above all prove by your own actions that the enemy is all wrong and fourth join with all your fellow americans in forming an iron wall against hatreds of any group be it of class race or religious belief don t fight each other defend each other if we do that we will all win if we don t stand together we will all lose ,0,0.5568854691139447
attend your meltings1 mi r lt wise homeowners ask for dutch boy every time they know its quality assures maximum beauty and protection ~ which means maximum economy too no doubt about it a homeowner s best paint buy is fä amp kubf national lead company pacific coast ranch 2240 24th st san francisco mt 7 0440,0,0.6574892282280282
register to votedistrict office 350 mcallister street son francisco californio 94102 socromento address state capitol sucromenlo california 95814 assembly california committees finance and insurance judiciary transportation ways and means john francis foran member of assembly twenty third district january 14 1974 mr felix rodriguez editor 117 paul drive san rafael california 94903 dear mr rodriguez i would like to extend my congratulations to upon their 75th anniversary of publication through the years our labor community has benefitted greatly from s informative reporting and up to date labor news again my best wishes for a happy diamond anniversary sincerely ohn francis foran11040 department of mm treasury lnternal itewanua service individual income tax return fl®73 fof the year january 1 decer ibe 31 1973 or other taubl j lt first and in fiats of both county of i ayour social security number check this box on your ederal income tax t numbar or rural row to °j ct label within mock occu yours spouse s spouse s social security no sit household ~uw af with dependent child o above 1 s presidential exemptions itecular 65 or over blind you sär ° u äv c first names of your dependent children who lived with you enter d number ot other dependents from line 27 7 total exemptions claimed ► ► i fund check if you wish to designate $1 of your taxes for this fund if joint return check q if spouse wishes to designate $l note this will not increase youc tax or reduce your refund see note mow 9 wages salaries tips and other employee compensation mmiismc snack 10a dividands ^lp lt r gt $ 10b less delusion $ balance ► lod gross amount received il different from line 10a s 11 internet incoma 12 incoma other than wages dividends and interest from line 38 13 total add lines 9 10 c 11 and 12 14 adjustments to income such as sick pay moving aspenses etc from line 43 ib subtract moa 14 from boa 13 bdntetetl gote income m you do not item lie deductions and line 15 is under $lo ooo find tax in tables and enter on line 16 if you handle deductions or una 15 is $1 ooo r mors go to lino 44 to figure tax if from tax table 1 12 tax möit ~ schedule ~ 7sr7r 16 tax chock schedule 17 total credits from lino 54 line 17 from lino 16 rate schedule or z 4776 or form 4972 note if you forgot to check this box last year there is an additional box at the bottom of this year s return lt llo rm 2210 f if line 22 is larger then line 20 enter am 1 amount of lino 24 to berefundcd to yoti amount of lino 24 to bo credited on 1974 mated tax la r fay in full with raturn maka chtcb or rnuuay ordar poyablt irs to inttrnal rewnue srrvtc ructions on un 8 1079 rm wwo^imuwh check if you did not designate of your taxes on v 1972 return but now wish to do so if joint return check q if spouse did not designate on 1972 return but now wishes to do so wgn gtor it aaawluyd this return mcludini occomtaftyiiif schaduln and it turnouts and to tha host of my knowtedf and belt 1 mrntl oudaratton of preparer othor than taipayur is basad on all infamatton af which ha hut any hnowtadfu your slfnoturt w fillhc ihihtly both must sifu uyuu il unly mm had iacuma äddrai and if tudo preparer s luy leat m 9m8,0,0.7892657429783411
labor rejects old wage theory demands share of more output no longer strives for higher real wages it strives for higher social wages for wages which increase as measured by prices and productivity said william green editor of american federationist in a leading article in the current issue mr green rejects the theory that sufficient wages shall be paid to permit workers to retain present standards he insists that wages increase with productivity this modern wage policy lifts the movement to a new level said mr green for higher real wages mean only betterment of the economic position while higher social wages mean betterment of the economic and social position of the worker the modern wage policy guarantees an active but stable development of industrial society in the earliest period struggled for higher money wages instead of $lo per week it tried to secure $ll per week and the next year perhaps $l2 a second period in the wage policy began as realized that the amount of money in no adequate measure for deciding whether a wage is high or low and that it is necessary to relate money wages to prices then struggled for higher real wages that is wages that would buy more very obvious changes in prices induced to realize the necessity for calculating in real wages very obvious changes in productivity of labor today induce again to widen its wage policy higher money wages from an economic point of view do not improve the situation of the worker if prices increase more than money wages higher real wages from a social point of view do not improve the situation of the worker if productivity increases more than real wages for higher productivity without corresponding increase of real wages means that the additional product has to be bought by others than the wage earner this means that the social position of the wage earner in relation to other consumers becomes worse because his standard of living will not advance proportionately with those of other groups deteriorating social position that is declining purchasing power of the mass of the wage earners in relation to the national product brings about industrial stability which will develop into industrial crisis the american federation of labor is the first organization of labor in the world to realize the importance of the factor productivity in economic society it no longer strives merely for higher money wages it no longer strives merely for real higher wages it strives for higher social wages for wages which increase as measured by prices and productivity ,0,0.7574473943143701
by stan smith executive secretary mad as hell at the democrats because of their stupidity the working people of america get at least four more years of union busting wage cuts or freezes lesser benefits and fewer workers rights because of their stupidity the associated builders and contractors abc and all the other anti union contractors have four more years of total and complete support from the department of labor and the national labor relations board nlrb mad because they blew a perfect winable campaign for the president of the united states how can a political party come out of the convention with the 17 point lead then sit on their hands and watch it evaporate without putting up a fight the democrats strategy was to try and outrepublican the republicans well we in the building trades could have told them you can t outscab a scab to allow the republicans to label dukakis a liberal without so much as a peep in defense of what liberalism means is unforgivable when the same tactics were tried in 1960 against john f kennedy he chose the new york liberal party gathering to give his answer what do our opponents mean when they apply to use the label liberal he asked if by liberal they mean as they want people to believe someone who is soft in his policies abroad who is against local government and who is unconcerned with the taxpayers dollar then the record of this party and its members demonstrate that we are not that kind of liberal but if by a liberal they mean someone who looks ahead and not behind someone who welcomes new ideas without rigid reactions someone who cares about the welfare of the people their health their housing their schools their jobs their civil rights and their civil liberties someone who believes that we can break through the stalemate and suspicions that grip us in our policies abroad if that is what they mean by a liberal then proud to say that liberal how could it be said any more,0,0.8296393840053926
labor s political powerin the past american labor has not made anvwhere near as large a use of its political power as might have been done as a result labor is paying dearly right now for that neglect chiefly due to the fact that half of the members of failed to vote at all a bitterly anti labor congress was elected in 1946 those organized workers who did vote were divided tints further reducing the effectiveness of that vote as a result our american congress was promptlv converted into a clearing house for the most hostile antilabor legislation of the present century from it emerged the taft hartley law which threatens in time to undermine and destroy everything labor has gained during the past two generations to counteract and reverse this trend against labor the workers especially those who are organized must lt ome to their senses before it is too late they must use their political power while they still have it to elect representatives in congress who will repeal the tafthartlev bill and all similar legislation with its fifteen million members of unions and at least as many more members of their families who are voters labor has the political power to create a prolabor government labor must use its power to accomplish just this ,0,0.6184957805538822
pilt drivers local 34 hammer and leadswork siti tion has slowly improved for us let s hope it continues to improve altho the national employment is still bad with unemployment rising over the country the real answer to the situation is the implementation of the full employment act of 1946 so that a job is available for everyone who desires to work this can be done if labor puts enough pressure on the politicians l sfc credit union our credit union has been organized about a year and a half we now have about 60 members and have helped a number of our members over their financial difficulties we have in that time been able to organize and learned to operate a credit union successfully now we need both new members and those who are members to make regular deposits in the credit union this money is then used to assist the members who might need some money to tide them over an emergency or to assist them in getting free of a loan shark why don t you become a member and save some of your money for a rainy day by making a regular deposit in the fund there are no salaries all officers and committee men donate their time the credit union generally pays about 4 r lt on deposits and in addition there are some excellent insurance benefits but the biggest advantage is it is there to help you if you need it committee the for and morse bill health care for senior citizens was a must on the legislative program for the afl cio this year our committee took a very active part in organizing a rally in in support of this legislation and had senator wayne morse here to speak at the rally in addition we were able to secure more than 35 000 signatures on petitions to the president and congress now because all labor the afl cio railroad brotherhoods and teamsters ilwu and other independents were invited to participate certain labor officials would have nothing to do with the rally or the presentation of the petitions to congress it is this line of thinking of some of the labor officials who think it is an honor to sit down with the nam and plan and agree on a legislative program but refuse to be caught in the same room with labor officials of other organizations let alone sitting down and working out a program of support on issues that are vital to our very existence this line of action is the cause of anti labor legislation such as the kennedy lan drum griffin bill the taft hart ley as well as the failure to have enforcement of the full employment act the membership of labor is going t have to demand full co operation of oil of labor and their allies or ask those officials of the labor movement who took such petty positions on the forand rally to step down and out of leadership the hall has just been repainted it looks better drop in and see it so far not a complaint on the new wage increase not being paid if you are not getting it please notify the hall bridge authority report they hope to call for bids on san mateo bridge in august or septemberhonoring alma seen at the party given by friends on the retirement of alma crook ninth member of carpet linoleum 1235 to receive a pension are left to right dan regan shop foreman at w amp j sloane alma crook mrs anna mitchell alma s mother and kla stahlberg chairman of the luncheon ,0,0.7819602140913074
rules needed to insure jobsneeds of the nation that have been considered up to recently under the rather nebuloys grouping of postwar planning approached gingerly by many commentators fearful of creating an impression of a war already won have changed abruptly in some classifications to the status of present emergencies termination of war contracts in certain plants with the situation at brewster aircraft catching first general nationwide attention has made the change it can t be said that the problem hasn t been mentioned for it was the subject of the baruch hancock report of some months ago and has been stressed repeatedly to congressional groups and others by the men of industry who have been directing the wartime production jobs application of the baruch hancock formula could have lessened cancellation shocks for both management and labor the comments of the national press since last memorial day when the brewster sit in was on show that the public as well as leaders in government and industry now realizes that the contract termination problem at least is with us right now large war production organizations general motors for instance have had their eyes open for a long time in fact since they went through the other termination when they stopped making peacetime products and went to war wilson president of general motors last fall told the senate 1 ruman committee about troubles expected after termination and amplified his remarks more recently when he appeared before the house committee on postwar planning mr wilson said he felt certain his company can take care of its i share of postwar production as it has in wartime and help to prevent any protracted employment slump in the reconversion period if it has jsome indication of what government s attitude will be he told the house committee that general motors is shaping its own plans toward employment of 400 000 persons after the war as compared with about 300 000 in 1941 and that an additional 200 000 non gm people probably will find jobs in the distribution of the company s products nearly a 50 per cent increase over the 1941 figure his request wks that industry be given some advance indication on the procedures and rules under which government will ask it to operate while reconverting that sort of information is needed badly right now by workers and management touched by the war contract terminations who could do some planning if they had a formula to go by national industries news service ,0,0.8468676357929267
dorothy thompson hits antiunion campaign of capt rickenbackerdorothy thompson noted newspaper columnist and recognized expert on the techniques of fascism courageously denounced c apt eddie rickenbacker as a spokesman for those who are seeking to take advantage of this war to crush american labor unions in a syndicated column miss thompson wrote although he denies it in words he attacks the very basis of those laws which seek to bring some order and stability to the rights of workers organized or unorganized and the whole structure which makes labor organization possible and for all the faults in our war production he blames the workers and blames them exclusively while our men are fighting in africa and the pacific captain rickenbacker is organizing their lives for them on their return he is planning that they shall be used to break the trade union system the men in the hell holes doing the fighting are not largely corporation executives they are mostly the sons of american workers certainly when the soldier comes back to the nation which he has risked his life to protect he will demand a share in the wealth of that nation and he certainly won t get it if he is aligned against workers who were kept at home ,0,0.7736225063364353
green calls board meeting in atlantic city august 21the executive council of the american federation of labor has been summoned by president william green to meet in atlantic city august 21 to prepare a fall campaign against john l lewis and his radical and communist meantime president green reports a widespread increase in of l membership with the federation stronger than ever despite the defection from its ranks of out and out lewis controlled units of organized workers at the atlantic city conference the executive council will decide whether to recommend a permanent increase in dues and whether to extend industrial organization within the federation incidentally william green has been a members of the united mine workers union lewis own group since 1890 but now faces suspension because he believes that lewis and his communistic supporters have deliberately set about to wreck the of l which for more than half a century has led into better wages better working conditions shorter hours i won t sign with till forced by law says girdlerstate troops stood guard over silent steel plants in ohio while governor earle was withdrawing the militia from johnston but leaving a force of state troopers to preserve order in the meantime the emergency mediation board named by sec retary of labor frances perkins labored with steel officials and spokesmen for their employees in an effort to find a formula that will return nearly 100 000 idle men to their jobs there was nothing to indicate that a settlement was in sight mediators task the task of the mediation board is to induce the republic youngstown sheet and tube inland and bethlehem companies to sign contracts embodying conditions which in some cases they are said to have orally accepted following the leadership of tom girdler of republic the steel magnates have been standing like a stone wall against any concession summoned before the senate postoffice committee on thursday girdler in a belligerent mood declared whenever the law says i have to sign a contract with the and that law is properly upheld by the supreme court then i ll sign and not until then uncompromising attitude asked why he took such an uncompromising attitude girdler replied trying to tell this committee i won t have a contract with an irresponsible racketeering organization like the as long as the law doesn t require me to ,0,0.7647120241986157
newman s the outfit store $150 00 will buy the furniture for bedroom kitchen dining room terms of $2 50 a week complete ho wm wtts corner 17th and mission streetsbuy union made shoes at a shoe store that is different u select em we fit em u select em shoe store 2710 mission street l oo a week buys new clothes for all the family the style shop oif thhe missdöm good clothes on redlt good clothes 1 on £ credit mission corner 22nd herman s hats union made 2396 mission street at twentiethit pays to luy bender shoes for the whole family 2412 mission st near 20th martha washington shoes buster brown shoes b mi shoes for men women and children 3047 sixteenth st phone market 1721 united states laundry 1148 harrison street san francisco the mission bank a commercial bank member federal reserve system sixteenth st and julian ave we send money to all parts of europe safe deposit vaults open from 8 to 6 boxes $4 00 per year and up if itb household goods you can get it at schlueter s mission s largest household dept store electric washing machines and vacuum cleaners 2762 mission st bet 23rd and 24th eat at the mission dairy lunch home cooking home made pastry cream waffles pure coffee comer 16th and valencia phone valencia 6238 mission products co for home beverage supplieb frank a stenz sales mgr 3000 mission st san franciscobuy for less in the mission save money by making all your purchases in stores located on mission street 16th to 26th and army mission st merchants assn where your buys more sales stores 2415 mission nr 20th lowest prices and biggest values in dry goods furnishings groceries shoes and tobacco every sale backed by our iron clad money back guarantee states hestuuraul pueart at 4th jan francuco oououu tllmtgranat brothers manufacturing jewelers 100 union shop diamonds of highest quality 2242 50 mission street union store union made clothing and furnishings johnson s 2554 56 mission street next to new mission theatre2,0,0.7816174521809514
the swing votethe older voters have sounded a warning that they too can swing a lot of votes in the november election and may even determine it an analysis on voting age made by the national council on the aging has been sent to all members of congress candidates for public office and the 50 state governors it shows that in the 1964 election persons 65 and over cast more than twice as many votes 11 000 000 against 5 000 000 as those between 21 and 24 as people get progressively older they are more likely to vote the council noted only about half of those in the 21 24 age group voted in 1964 compared to more than three fourths of those between 45 and 65 projecting the 1964 percentages the council predicted the following total votes by age group this year 21 34 21 899 000 35 44 17 364 000 over 45 43 854 000 the policy bulletin urged candidates to encourage older people to become active in campaigns and listed the major issues which concern them they include income inflation housing taxation health facilities job and transportation come on you senior citizens let s pack the halls of congress with liberal lawmakers and get on with the american dream of liberty equality and justice for all ,0,0.7491888500151009
entertainment fund voted to coal minerslos angeles the genera arrangements committee of local unionists that cared for the of l convention has a surplus of $2 983 57 which has been voted to striking coal miners the contributing unions instructed the committee to take this action and a check has been forwarded to secretary frank morrison of the of l ,0,0.8442137492361463
the lawyer afraid going blind the friend never mind old man so long as you retain your sense of touch you ll be all right judgesi 6 50 rich iraiue rich upholstery there are ho many easy chairs and nearly all of them are too clumsy for the parlor here is one that combines the grace and elegance of a parlor chair with the luxury of an easy chair upholstered in embossed silk velours not verona velours but silk velours richly carved and built for a century s use sterling furniture company 1039 market m aluster bennett bros hardware the cheapest place to buy mechanics tools 35 sixth street mrniii some imrn buy your gloves direct from the manufacturer every pair bears the union label working and driving gloves a specialty the only ladies gents and children s kid glove manufacturer on the pacific coast alexander bernauer 555 63 valencia st san francisco store 10 sixth st san francisco store 36 south first st san joso will be paid to thjt man who can prove that the la natividad cigar is not the finest bit cigar on the market erankel gerdts amp co manufacturersdemand the union label union made shoes c vv miller 3308 mission street ncur 29th st carrying a full stock of men s ladies aryl children s shot s in all grades from first class uuion factories shoes to order a specialtyimportant notice sir and brother you are notified that dues for this quarter not paid at this office since the issuance of the circular of january 2ist 1904 by this eocal union no 19 must be paid on or before march 31 1904 to reed secretary 927 mission street or you will be suspended from the brotherhood your attention is called to the decision of the accompanying this notice fraternally yours reed 19 ,0,0.7177238470836698
editor retireswashington freeman veteran trade unionist and editor of the boilermakers journal will retire from his editorial duties at the end of this month freeman s trade union activities began in 1000 when he graduated from high school started his apprenticeship in the boilermaking trade and a year later joined the international brotherhood of boilermakers afl he has held his present post since 1935 ,0,0.8226657585750778
official minutes of the san francisco building trades councilthe building trades council of san francisco met in regular session pursuant to adjournment in brotherhood hall building trades temple thursday evening january 21 1926 the meeting was called to order at 8 o clock by vice president james gallagher and the order of roll call being suspended the minutes of the preceding meeting of january 14 1926 were approved as printed business agent s report business agent nicholas rendered his weekly report which upon explanations and instructions was received and approved credentials and communications credentials from furniture handlers union no 1 for j ault j gaynor and f burns received and delegates seated from varnishers and polishers union no 134 for uite connor c christianson j sullivan received and delegates seated from sheet metal workers no 104 for e frisbee d cavanagh j francis t barry and w coleman received and seated from united laborers union no 1 for huwgard alternate vice william coakley resigned received and referred to the organizing committee from carpet upholsterers no 1 for george winrich received and delegate seated from ornamental plasterers union no 460 for a hansen delegate received and credentials laid over the delegate being absent communication from edmund godchaux recorder of the city of san francisco enclosing annual report received noted and filed from the general petroleum company asking information regarding automobile license received and referred to business agent nicholas from congressman lawrence j flaherty stating that his health is improving rapidly in washington that he has been appointed on committees where he will be able to do much good for and that brother morrison secretary of the american federation of labor and brother green the president were co operating with him in his endeavors to assist those who labor and conveying his thanks for the generous and kindly treatment he received from the council at the meeting that attended before departing for washington to take his seat in congress received and the secretary instructed to send a copy of the fetter to each affiliated union the secretary was also instructed to answer the letter in behalf of the building trades council minutes of the respective meetings of the building 1 rades councils of tacoma seattle los angeles and alameda c ounty were received noted and filed committee reports the organizing committee reported favorably on the credentials of brother huwgard and the delegate was seatedgood of the council the secretary reported having attended with the committee from the meeting of the safety committee at the meeting representatives from the general contractors builders exchange and other organizations interested were present general president frank c macdonald was selected to act as chairman of the committee a tentative plan submitted by the safety engineer of the industrial accident commission was discussed and after a lengthy session in which no definite action was taken it was decided to hold a meeting three weeks hence at which time a report will have been received from a committee similar to this one which will meet in los angeles in the interim for the information of the delegates the secretary read the tentative plan brother willis of the pile drivers and brother lively of the engineers spoke on matters pertaining to the label section brother willis stated that a mass meeting of the section will be held on saturday evening january 23 for the purpose of arranging to finance the organization sufficiently to keep a label agent in the field he also invited all the members to attend a whist party to be given by the label section on next monday evening january 25 at the labor temple brother huwgard asked that the carpenters lend their assistance in having union laborers placed on jobs the chair advised brother huwgard to take the matter up with the district council of carpenters the secretary announced the death of brother llliam miskel a member of marble workers union local no 25 and a delegate to the building trades council for the past twenty five years it was moved seconded and carried that when the council adjourn it do so in respect to the memory of our departed brother wiloam miskel adjournment there being no further business before the meeting and in conformity with the previous motion the council adjourned in respect to the memory of william miskel to meet 1 hursda evening january 28 1926 at 8 o clock respectfully submitted george mctague secretary building trades council of san francisco by thomas doyle secretary pro tern ,0,0.7449294138393023
why should be supportedbecause it tends to raise wages this is proven by all sorts of evidence because it helps to prevent reduction in wages reductions rarely come to well because it aids in getting shorter hours unorganized trades work the longest hours because in union there is strength this is as true of wage earners as of states because it makes labor respected power wins respect from employers as from all men because association is the distinguishing feature of the age men of affairs and of executive ability set the example in the business world because it lessens wage cutting competition for situations useless competition is like useless friction because it educates as to public questions the trade union takes the place of the debating society and professor s lecture because it gives men self reliance a servile employe is not a free man because it develops fraternity craftsmen are all too jealous and suspicious of one another even at the best because it is a good investment no other institution gives back so large a return for expenditure of time or of money because it makes thinkers men need to rub intellects together in matters of common concern because it enlarges acquaintance the world is too restricted for wage earners because it teaches cooperation when laborers cooperate they will own the earth because it curbs selfishness the grab all is toned down by the fear of the opinion of his fellows because it levels up getting more wages for the low man raises the standard for all because it makes the shop better to work in the brutal foreman can t bully the union card because it is our duty the non union man is the sutler of the union army because it helps the family more money more comforts more luxuries if you please because it helps the state unorganized and discontented labor is the parent of the mob and revolution because it is scientific the trade union principle stands the test of analysis and application because it is labor saving machinery the lever of organization can move the industrial world because it is legal the state has been forced to take off the conspiracy ban because skinflints and amateurs condemn it the trade union is to be commended for the opponents it has made because our own common sense approves it what sound and logical arguments can you bring against it because it has come to stay social fads wax and wane but the trade union has its fixed place in the social structure because of its possibilities the trade union can be made all that the hearts and intellects of the workers will permit because it is american the highest possible standard of livelihood is none too good for sovereign citizens because it is not an experiment a century of tests has demonstrated its ability because it is evolutionary it seeks no miracles but goes on step by step because it means business it grasps at tangible results and does not spend its force in speculation because of the enemies it has made when you see people outside the wage class fighting trade unions put it down that trade unions are desirable because it is philosophical it takes human nature as it is not as somebody says it ought to be because it is universal the trade union idea is co existent with civilization because it is a necessity it stands as a bulwark for the defense of labor because fill this out with any reason which impels man to gain the best possible kind of a livelihood for himself and those who are dependent upon him says an exchange ,0,0.7233899975875631
congratulations ullner thomasannouncement is made of the marriage of miss harriet thomas and henry j ullner sunday april 11th the groom is the popular secretarytreasurer of the american brotherhood of cement workers and the bride has been the lovable and efficient stenographer of the same organization for many years both have a host of friends in san francisco and other leading cities in the united states who extend cordial congratulations to which adds best wishes for a long life of happiness and prosperity baseball players win glory the san francisco baseball team which played a series of games lately in seattle washington has returned covered with glory it is a fact worthy of note that the members of this record breaking baseball team are nearly all members of building trades unions and that they are as good union men as they are crack players with such excellent material the building trades council s athletic league ought to be bestirring itself and looking forward to a very successful season did you resolve to build a bouse this coming season for yourself and family if not make a hardened steel resolution to do so and get your wife to second it and the children to carry it without delay and you will not find it so difficult a job as you imagined after you once get started exchange the fellow who shirks his work in this world and is the last to be on the job in the morning is generally the first to be at the pay wicket on pay day and has the least to show for his labor he doesn t live he simply exists as a naught but is less useful and lie dies rots and is soon forgotten exchange a statue doing nothing is a very poor representation of a man who is being praised for what he has done the palate often smiles and asks for more while the stomach king of the body frowns its disapprobation subscription ratos where a union subscribes for its entire membership a copy of the paper will be mailed weekly to each member for 75 cents per year 6v6 cents per month single subscriptions $1 50 per year six months $l payable in advance single copies 5 cents each entered at the postofflce at san francisco cal as second class matter august 20 19 01 the business manager is the only person authorized to sign advertising contracts for this paper advertising patrons will please take notice notice to secretaries secretaries of unions please send weekly reports to this office of members who have changed their address giving the old address as well as the new union men should take notice that such changed addresses for must be sent to us through the secretary who will also note change in his roster of members notice to adverti6ers advertisers desirous of changing copy must supply same on tuesday of current week otherwise same ad will be repeated from the last week the publishing company 1122 1124 mission street phone market 4797 advertising rate $l oo per inch per weekif you drink whisky drink good whisky straight goods whisky clear brook whisky it does not intoxicate it stimulates who saves your money do you or does the saloon man or the slot machine man save it for himself one dollar will start a savings account and a little added each week will make it grow surprisingly fast the interest it earns will surprise you humboldt savings bank open saturday evenings from 6 to 8 o clock to receive deposits gardening time see us about hose and garden tools of all kinds brittain amp co hardware mechanics tools cutlery and sporting goods market and mason polk and sutter rich mellow perfectly aged in wood and very delicately flavored old gilt edge whiskey rye or bourbon union label in every hat at collins the hatter 922 market street opp fifth wood amp co union made clothing we are manufacturers ft sell direct to yon richmond ranges $1 a week sterling furniture co 1049 market street opposite mcallister st hansen amp elrick furnishers and hatters must vacate 781 market street may ist entire stock is being disposed of at less than half price d mcmahon s dabovich first ci abs bar the rialto fifth and market sts phone kearny 2738 phone market 1949 the terrapin 52 seventh st opp first class restaurant and bar halls to let the sheet metal workers hall asan 224 guerrero street have two elegant halla vacant and desire unions to rent same apply to wissing secretary local no 104 224 guerrero st it is safer to cast pearls before swine than before those who will walk off with them and misuse them  issued weekly by the publlahlng company incorporated january 18 1908 owned and controlled by the labor i nions of kan francisco attorney cleveland l dam editor tveitmoe buslneee manager cress gannon4,0,0.8190913398076238
through worry how did thompson get so bald oh half his hair came out through worrying about a girl but how about the other half that came out after the girl married him some men claim they have been chased by an awful lot of women before they married they must have been an awful lot if they chased some of the fellows we know anglo california trust co m fl eishhacker president successor to central trust company of california head office market and sansome streets ban francisco branches sixteenth and mission streets 624 van ness avenue paid up capital $1 500 000 00 surplus 300 000 00 deposits 5 000 000 00 commercial trust savings transacts a general banking and trust business allows interest on daily balances acts as executor administrator trustee guardian receiver transfer agent depositary and in all other representative capacities the western metropolis national bank corner new montgomery and market streets capital and surplus $1 750 000 00 safe deposit vaults open from 7 30 until midnight every day in the year including sundays and holidays boxes $4 00 per year ,0,0.7726612032448166
big ten materialdespondent because his team was taking a shellacking again the coach looked down the bench of substitutes and yelled all right jones go in there and get ferocious jones jumped up elated sure thing coach what s his number ,0,0.8284273359254025
roofers local 40 ed davenport secretary treasurer gus gramm business representative 55 fillmore streetfor those who were unable to attend the special meeting in regard to a new contract for the year of august l 1972 to august 1 1973 the results were as follows the associated roofing contractors offered 65c for the month of august and an additional 20c from september ist on until the end of the contract on august 1 1973 the rest of the contract and wording will remain the same for the duration of the contract the membership who attended the meeting voted to accept the proposal and also to try to get the entire amount put oh the check the secretary informed the brothers that he would give it to the pay boards that way and if things did not work out they would have to come back for another meeting and try something else you should be getting your booklets on your new dental plan about the same week as you get this paper sony that there was a delay in the printing of these but you have had the primary information in regard to how the plan work gt previous issue of this paper work seems to bo picking up in most cases on the old work but the new work is still dragging on account of strikes and other elements for you who ha ve retroactive pay coming that is mailed here i will semi out all the check as soon as they are pretty well mailed in from the various m tractors the s epten l er meeting on the 12th will be the first nom ination of officers for the com ing year only those wdth thendues paid up for the current month may be nominated also they must have attended one half of the regular meetings during the year been in good standing for the year and registered to voteeasier form stripping smoother too thompson s water seal saves time treated forms won t stick gives cieaner stain free surface ready for painting you get 7 or more pours without cleaning pr re treatment v amp ess thompson co inc of california,0,0.8182293411109053
international labor newsbolivia labor insurance a bill has been introduced in the bolivian congress requiring all mining companies and other industrial concerns to insure their employees british columbia workmen s compensation during the year 1927 a total of approximately $3 300 000 was paid out by the i workmen s compensation board to injured and disabled workmen in the province of british columbia making an average of $275 000 a month since the act was passed in 1916 almost $25 000 000 have been paid out for workmen s compensation $5 000 000 for medical treatment and $4 200 000 for mothers pensions germany rising wage scale according to the statistical year book of the german empire for the calendar year 1927 recently published the wage scale for skilled and unskilled workmen taken throughout five principal districts of coal production and in twenty centers of iron and steel production has risen at a faster step than have living costs mexico labor emigration emigration to the united states of mexican laborers continues with the emigrants going principally to the states of california and arizona to engage in agriculture and day labor netherlands emigration it is said that unemployment is stimulating the netherlands government to further emigration to canada in which there are already 100 000 dutchmen at work in canadian occupations financial aid it is said will be rendered by the netherland government to additional emigrants desirous of leaving for canada poland unemployment insurance according to the management of the fund for the unemployed there are 23 674 industrial establishments in the country employing 1 047 981 persons of which number 843 065 workers and 91 029 office help are insured from unemployment losses quebec repatriation plans the canadian pacific railway s agricultural and industrial progress in canada reports that the provincial government of quebec is to begin work immediately on a repatriation scheme to be carried on over a period of three years during which every effort is to be made to induce the return of emigrants who have gone to the new england states an appropriation of $50 000 for three successive years has been made for the purpose named ,0,0.8071870014816002
three more unions meeting at templethe labor temple assn is playing host to three more san francisco labor organizations who recently arranged to hold their meetings at 200 guerrero st reports james newsom secretarymanager park employees 311 will meet in harmony hall on the second wednesday afl switchmen will meet in eureka hall on the second tuesday and electrical work ei s 1245 win meet on the first tuesday in prosperity hall ,0,0.7779769408489321
religious prejudicethere is no place on this continent for religious enmities there is very large place for religious differences religious activities the truly religious person is usually glad that another person has any religion at all in these days of thoughtlessness and license hut people who are readiest to fight about religions have least of it what is meant by the term religious prejudice is not always clear every person has a prejudice in favor of his own religion which privilege he ought not to begrudge to others in favor of their own it is difficult to see how anyone can be prejudiced against another s religion since so seldom does he know what it is the whole matter usually resolves itself into plain ignorance and suspicion ,0,0.7424550983447388
needed landing craftwashington if we can shorten the period between the blue print and water borne stages of the navy s landing craft program we will help shorten the war rear admiral cochrane usn chief of the bureau of ships has declared 1 he battle for the beaches is on its success and the success of the offensives yet to come will depend materially on our meeting our production schedules of the various types of landing craft that make these invasions possible he added admiral cochrane pointed out that the successful occupation of kwajalein eniwetok and the various pacific islands now being rid of the enemy was due to well coordinated perfectly tfmed attacks by land sea air and the forces of supply behind the lines these offensives represent combined operations in the full meaning of the term he continued for combined opera tions actually mean attacks by land by sea and by air the term may also be extended to include perfectly coordinated production of supplies and fighting equipment for our fighting men emphasizing the fact that production schedules must be synchronized with military time tables admiral cochrane said a landing force must have its full complement of amphibious craft to be successful in the attack each type of craft is an integral part of the assault and if any one unit is lacking the result is jeopardized even before the operation gets underway so comprehensive and interrelated is the basic planning that the smallest craft has the same tactical importance as the largest the navy s production schedule calls for the completion of many thousands of landing craft of all types this year we need these craft on schedule or ahead of schedule admiral cochrane said we need the component parts the spare parts and all necessary equipment and supplies to make every one of these landing craft an effective element in the attacks to come labor and management have been doing a magnificent job for the navy in turning out the necessary fighting equipment and supplies the navy looks ahead to future offensives with confidence that nothing will be lacking at any time due to the continued superb support it is receiving from the millions of men and women engaged in the production of landing craft and their component parts ,0,0.6728303880087099
where they got done among the gambling stories that the late pat sheedy used to tell in his art shop said a new york reporter was one about a jackpot a beautiful young bride the story ran entered a corner grocery one morning and said have you any jackpots mr sands no ma am sands answered and he hid a smile behind his hand i ve got teapots and coffee pots but jackpots i don t stock oh dear said the bride a frowned wrinkled her smooth and beautiful brow so sorry you see mr sands my husband s mother used to cook for him and nearlyevery night he talks in his sleep about a jackpot so i thought get one for since he mentions it so often he must be used to it could you tell me mr sands what they cook in jackpots greens ma am was the quick answer i notice all the patrons call you by a different name remarked the observing guest yeas monsieur responded the french waiter it is in zat way i tell ze tips i may expect how so why if zey shout hey you i get one nickel if zey call me boy i get a dime and if zey sav garcong with one parisian accent i get a quartermechanics tools carpenters l gas fitters t pa peru angers uk linemen machinists v masons etc a complete stock of all standard high grade brands chas brown amp sons 871 873 market street fcoot amp shö£~~j workers union stamp union factory no named shoes are frequently made in non union factories do not buy any shoe no matter what its name unless it bears a plain and readable impression of this union stamp all shoes without the union stamp are always non union do not accept any excuse for absence of the union stamp boot and shoe workers union 246 summer street boston mass john f tobin pres chas l baine sec trea summerfield amp haines 1089 1091 market street union made clothing agents carhartt overalls chicago bridgemen s gloves the cream of all beers yosemite lager a home product and the best on market guaranteed to conform strictly to the new pure food act brewed by enterprise brewing co ,0,0.7867382732772994
household hintsa card index is a very systematic way of keeping recipes that are taken from magazines they can he indexed as entered on a special index card and there is never the trouble of looking them up an index is not really necessary if they are filed alphabetically a shoe stretcher for use at home can be purchased and will pay for itself many times over in the convenience in using if wax tissue is steeped in vinegar before it is used to cover the tops of jellies jams and preserves it will not mildew ♦ a few drops of vinegar added to the water in which eggs are poached will help them to set well care must be taken not to put too much or the eggs will be flavored ♦ a little butter added to the blanc mange gives it a richer flavor and an attractive gloss when turned out strengthen gas mantles before using by saturating them in vinegar to which a teaspoonful of sal ammoniac has been added allow to dry thoroughly castor oil becomes tasteless if beaten up with the white of an a cleaning fluid much used by professionals is composed of one gallon of gasoline one half ounce each of alcohol and ammonia and one ounce each of chloroform ether and borax the articles to be cleaned should be soaked for a short time then rubbed with the hands applying to the spots the undissolved borax as though it were soap the odor evaporates quickly silk will look like new if a teaspoonful of methylated spirit is added to each pint of the rinsing water ♦ slits in the cover of a black umbrella can be repaired from the inside with strips of black court plaster newark bricklayers plumbers and carpenters won the five day week effective july 1 a three year agreement also provides for wage increases to be operative october 1 this will make up for the loss of the saturday half day pay ,0,0.7172648356066313
wallace fears disastrous crashboston april 29 ap predicting inflation if opa is discontinued secretary of commerce henry a wallace asserted this would result in the wiping out of the middle class in the crash following inflation you don t necessarily have to have brains to be a senator the votes do the trick ,0,0.7474375442022465
carpenters no 22 elect delegatesdelegates to the convention of the united brotherhood of c arenters and joiners of america will be elected at a special called meeting of carpenters union no 22 to be held in the building trades temple on friday night july 11 the union is making arrangements for a smoker and high jinks to be held in the near future invitations will be sent to every member of the organization according to secretary martin bavage at its last weekly meeting the union initiated six candidates admitted to membership six on clearance cards and paid $55 in accident benefits ,0,0.8062187425502606
by straus president american society on thriftthrift is fundamentally a matter of mental attitude the saving of money the elimination of idleness the development of efficiency are all matters which primarily must depend for their success on the state of mind of the individual before a man practices thrift he must have an understanding ©f all that it involves he must have an appreciation of its benefits as compared with the sacrifices it sometimes involes he must be aware of all that it means in the development of his career he must have a correct perspective of present economics as related to future benefits he must know thrift he must desire thrift he must be thoroughly sold on the whole plan of thrift practice until such a condition has been reached every effort to compel him to follow these practices will only arouse his antagonism notwithstanding these facts efforts at various times have been made under one circumstance or another to develop practices of thrift by compulsion but compulsory thrift never succeeds this is a point to be borne in mind by those who though actuated by good motives may be endeavoring to compel habits of economy among those under their guidance it is true of course that an employer can compel those who work for him to save a certain portion of their earnings in some isolated cases individuals may through this method be started on the right road but broadly speaking such practices will arouse so much discontentment resentment and prejudice upon the part of employees that infinitely more harm than good will be done moreover the chief benefit of thrift namely the development of personal discipline will have been lost preach thrift teach thrift inspire thrift encourage thrift but do not try to compel it company unions must pay taxesopen shop employers are very much worked up over a recent decision of the internal revenue bureau to the effect that mutual benefit associations company unions etc operated by corporations for their employees are subject to the provisions of the income tax law this ruling places such associations in the category of commercial life insurance companies and requires that they report income from interest rents and dividends allowing only such deductions as are made to ordinary insurance companies the action of the internal revenue bureau was taken in connection with an association organized by the phoenix mutual benefit association for its employees under which they were given sick and death allowances and under certain circumstances a pension the exemptions accorded trade unions and fraternal societies was denied on the ground that the association was not organized on a lodge basis in other words it was not under the control of the membership ,0,0.7656427768926573
building contractssan francisco county ptn löts 10 ami 11 block 3138 westwood park one story frame residence owner hans and esther e nelson contractor nelson bros 1375 plymouth cost $4500 s camino del mar 50 e thirtieth ave two story and basement frame residence owner mrs oser contractor hayes oser co calj bldg cost $lo ooo no 24 california st rat proofing and lay hoffitc floor in restaurant build ice boxes partitions and install patent chimney owner united service corp day s work cost $4ooo no 2011 mission st alter s ore front new show windows etc owner frank granucci contractor p cassaro no 830 felton st cost $5oo n market 100 w brady enlarge office salesroom for garage owner anderson amp smith contractor bickle amp dilks no 245 downey st cost $6oo no 3245 sixteenth st rearrange front of dance hall for store con struct stairs owner lacey contractor carlson no 180 jessie st cost $950 w twentieth ave 125 s anza two story and basement frame 2 bats owner ben hinkel day s work cost $7ooo s bush 167 e larkin remove and rearrange partitions install elevator heating system rewiring repainting fire escapes for apartments owner seigler contractor cohn amp nordstrom no 110 sutter st cost $5ooo f twenty eighth ave 90 s balboa two story and basement frame 3 flats owner wall contractor wall 6219 california st cost $booo ne brannan and fourth sts construct foundations etc for auto supply station owner union oil co of california day ork cost $5oo nfi columbus ave and broadway construct retaining wall owner and teresa cchichizola contractor american concrete co 785 market st cost $l2oo ulton 70 and 95 w twentyninth ave two one story and basement frame residences owner andrew jackson contractor barrett amp j jackson 516 o farrell st cost $4ooo each sw geary and thirty seventh ave one story and basement frame residence owner lapham day s work cost $7ooo e hyde 92 6 s pacific raise alter and add for apartments owner hamilton contractor fred moller 614 call bldg cost $3250 s dorantes 100 w san marcus one and one half story and basement frame residence owner julius berge day s work cost $5400 no 809 fell alter fot private garage in residence owner mcdonald contractor george m merritt 3014 lt eary st cost $5oo s epucteiiirth 150 e folsom extendcorrugated iron warehouse j owner western cooperage co contractor h if olson 125 jersey st cost $5500 no 6145 geary st rear onestory concrete repair shop owner matice day s work cost $9oo s market between fifth and sixth install organ chamber for theater owner pantages theater co contractor john gordon pantages theater cost $2ooo no 130 post st reset show windows and two dumb waiters construct extensions to counters owner pig n whistle co conrtactor home mfg co 543 brannan st cost $3400 se j aris 125 ne russia onestory and basement frame dwelling owner jane horgan contractor 11 organ cost $2900 no 1458 page alterations forprivate garages in basement cement floors etc other minor changes for apartments day s work cost $4ooo w stockton 40 n broadway excavate underpin foundation walls with brick store and lofts owner a esntol contractor t red moller 180 jessie st cost $l5oo se california and montgomery sts alter and extend marble bank j ing screen cut in doorways ventilating plumbing and wiring etc owner american national bank contractor walker co mon adnock bldg cost $15 000 n irving 57 6 86 6 118 6 and 150 6 w twenty third ave four one story and basement frame dwell ings owner oscar heyman amp i brother day s work cost $3000 each lot 5 block 6 forest hill all work except roofing wall paper shades and electric fixtures for a two story frame residence and onestory garage owner charles w sheppard and bessie sheppard contractor j prout 2020 turk st cost $6178 50 se collingwood and twenty first sts one and one half story and basement frame residence owner ida macmahon day s work cost $2700 sw divisadero and waller sts rearrange present residence into apartments three flats on first floor two on second owner robert e russ day s work cost $5ooo altering residence for two flats addition of bath rooms etc owner mrs connelly contractor scott 1511 ellis st cost $765 s geary between fifth and sixth avcs additions and alterations for diningroom for hospital owner french hospital dav s work cost $l5oo no 79 liberty st tear down porch rebuild diningroom other minor changes for dwelling owner etta g woods day s work cost $l6oo no 124 turk st underpin rear section of hotel with brick owner i harris contractor pearson 2372 bryant st cost $5oo no 2701 pacific ave asbestos roof for residence owner mrs bosqui contractor johns manville co 500 post st cost $boo w second ave 231 11 s cabrillo two story and basement frame 2 flats owner richard tobin contractor costello bros 18 nev st cost $6ooo fi lyon 82 6 and 110 s greenwich two two story and basement frame 2 in each flats owner ernest johnson day s work cost $5ooo each sw tenth and cabrillo s 30xw 82 6 two story frame building store and flat and one story garage owner otto e denhard contractor wm n terrill 3631 seventeenth st cost $10 890 no 186 geary st and additions to store owner trainor parsons optical co contractor the fink amp schindler co 226 thirteenth st cost $9250 twentieth ave 150 s anza two story and basement frame 2 flats owner august magnuson day s work cost $6ooo no 3839 twenty third st raise one story frame cottage lay concrete floor terrazzo steps etc owner l whiting contractor hardy 6217 california st con $900 w utah 50 s fifteenth build eight inch brick wall for repair shop owner a hosmer contractor j biller 460 montgomery st cost $boo no 2 columbus ave construct brick retaining wall for bank owner banca i opolari fagazi contractor g ccistina cost $7oo s balboa 32 6 f seventeenth ave two story and basement frame 2 flats owner dr gawthorne i contractor meinberger 5720 california st cost $9500 castro and seventeenth sts construct foundations for one story brick bank building owner bank of italy day s work cost $l5oo no 21 columbus ave construct street retaining wall owner dr caglieri contractor american concrete co 785 market st cost $l6oo w capital ave 25 and 50 n grafton two one story and base j ment frame residences owner mccarthy co contractor james arn ott amp son 4165 twentieth st cost $2600 each sw dolores and twenty eighth j sts one story and basement frame j dwelling owner sidney harris day s work cost $lboo n dorchester way 100 fi claremont one and one half story and basement frame residence contractor james arnott amp son 4165 twentieth st cost $4boo ne fldinburgh and amazon onestory and basement frame residence owner crocker flstate co contractor samuelson 290 rolph st cost $3900 w edinburgh 107 437 s amazon one story and basement frame residence owner crocker estate co contractor samuelson 290 rolph st cost $3500 no 338 eighth ave alterations for basement garage in dwelling owner stern contractor mclntosh bros 180 jessie st cost $5oo ne f olsont and moss sts onestory frame factory building owner m levin amp son day s work cost s2 mx no 522 joost ave construct two room addition for residence owner george h appmann day s work cost $b5o n market 50 e jones construct new store front add mezzanine floor owner eppstein drug co day s work cost $9oo w plymouth ave 193 n montecito one story and basement frame residence owner dennis contractor nelson bros 1375 plyi mouth ave cost s4 mk no 156 tehama st repair damage to rooming house painting tinting etc owner louis martycontractor james jensen 550 valencia st cost $l9oo ilbert 108 w divisadero three story and basement frame residence owner milton h crowe contractor cameron amp disston hearst bldg cost $15 500 se f ourth and brannan sts closeup main light court and carry second and third floors over lightwell space all work of reinforced concrete and steel owner john bollman co contractor cahill ven sano co 110 sutter st cost $6ooo n ocean ave 162 w mission f rame church building owner ocean avenue presbyterian church contractor robert j cairns 100 conrad st cost $12 000 n pacific ave 150 w scott rearrange front of residence for private garage replace wood and concrete steps with brick owner alexander i field contractor taylor amp jackson 290 tehama st cost $looo w twenty first ave 140 s california one story and basement frame residence owner carttsio co day s work cost $booo sfi folsom and hawthorne e 250 i xs 275 steam beating plant for j stable and garage buildings owner i american railway express co coni tractor frederick w snook co i 596 clay st cost $3boo sw le conte 25 and 50 se lane j two one story and basement frame 1 dwellings owner roundey realty co day s work cost $2ooo each no 730 boswo r th st alterations i and additions to building owner mrs h sheriff contractor adams 132 lippard st cost $797 no 345 bosworth st rearrange store for flat owner james christensen day s work cost $6oo no 2095 fulton st one story frame private garage owner a makower contractor w doering amp h sholten cost $5oo no 1632 great highway new j sun porch and steps extend kitchen t amp g roof etc for dwelling owner mrs collins contractor greene 1233 fourth ave cost $1471 no 1031 golden gate ave re pair front for store and flats repair j floor in store papering tinting etc owner caroline gocks contractor i vv a sheffield 167 a ashbury st cost $looo no 835 howard st construct reinforced concrete retaining wall owner the pacific telephone amp telegraph co contractor john gotley cost $5oo s magellan 125 e cortez one and one half story and basement frame residence owner dorr amp son day s work cost $3ooo e missouri 75 n eighteenth one story and basement frame residence owner george griffin and may traut contractor stevenson 45 worth st cost $4450 no 320 moultrie st one story and basement frame dwelling owner frank hollingsworth contractor george f langdon 2729 twentyi sixth st cost $6oo fi santa ana boulevard 82 42 122 s monterey blvd three one story j and basement frame residences owner hall day s work cost $3ooo each no 256 sutter st erect partitions wall board and other repairs for tea room lessee miss agnes redmond contractor etter 301 guerrero st cost $5oo e twenty fourth ave 150 s lake two story and basement frame 2 j flats owner phelan day work cost $6500 no 1843 tenth ave addition of one room to residence new porch and steps owner a gileust day s work cost ss powell 87 n bush fivestory and basement class b 19 apartments owner herman hogrefe day s work cost $60 000 w twenty first ave uk n fulton two story and basement frame 2 flats owner silva day s work cost $15 000 s union 81 6 and 109 6 w leavenworth two three story and basement frame 6 in each apartments owner lurmann day s work cost $20 000 each ne geary and twenty third ave two story and basement frame 4 flats owner john f mullane contractor o holt 3877 twenty sixth st cost sio xx fi franklin 108 2 s filbert twostory and basement frame 2 flats owner george hunscth day s work cost $7ooo no 170 sutter st erect metal marquise lower floor partitions electric and plumbing work for offi ees gt owner brickell estate contractor allen amp co 168 sutter st cost s3o alvarado 70 vv douglas onestory and basement frame residence owner fred ewing day s work cost $2500 vv f ourteenth ave 274 n cabrillo two story and basement frame 2 j flats owner nels p johnson j day s work cost $booo ne f ifth ave and california st two story and basement frame 2 i flats owner charles e wilson day s work cost $3ooo no 1287 pacific ave rearrange flat for store and extend building jto sidewalk line owner d giantiioni day s work cost $5oo s pine 100 vv hyde three story and basement frame 12 apart meats owner warwick contractor warwick 3191 washington st cost $34 000 ne san jose ave and thirtieth st erect sheds for garages con j erete foundations floors etc owner peter cusack contractor john p cuneo 5079 mission st cost $950alameda county ne corner fifty fifth and normandie aves and e fifty fifth ave 47 n normandie ave oakland two one story 5 room dwellings i owner mrs carolyn l mootz contractor lloyd spangler 4637 efourteenth st cost $3750 each w congress ave 100 s fiftieth ave oakland one and one half story 4 room dwelling owner f frederick day s work cost $3ooo magnolia st fire house oakland alterations owner city of oakland contractor schnebly amp hostrawser sixth and jackson sts cost $1336 vv park boulevard 80 n everett ave oakland one story 5 room dwelling owner rosella a russell contractor sommarstrom 3145 champion st cost $4boo s santa ray 100 vv calmar oakland two story 6 roont dwelling owner mccorkle contractor brasch 3068 broadway cost $6ooo nfi corner stuart and e thirty secotid sts oakland tile garage owner vv h lawrence day s work cost $5oo vv telegraph 50 n twenty fifth st oakland one story brick stores owner boyce contractor edw larmer 90 f airview ave cost $7578 ne corner thirty eighth st and manila ave oakland one story 4room dwelling owner robert d grimes day s work cost $2900 n wisconsin 500 vv midvale oakland alterations and addition owner 11 e noble contractor h vv raines 1103 twelfth st cost $785 fi flarrison 200 n fourteenth st oakland one story tile garage owner thomas and john lloyd contractor john m bartlett 352 twelfth st cost $15 912 n garrison 298 e san pablo berkeley one stpry 4 roont dwelling owner walter hufschmidt contractor charleston 5623 genoa st cost $2750 w san luis road 100 s arlington ave berkeley one story 4 roont dwelling owner noble newsom doy s work cost $3boo n san lorenzo 200 w colusa berkeley one story 5 room dwelling owner berkeley building co day s work cost $3ooo no 1160 bay st alameda repairs owner mrs baker contractor ross cost $5oo no 1512 benton st alameda one story 4 room dwelling owner if t raun day s work cost s2ooo no 3011 madison st alameda addition owner a vvaterberry contractor nelson 2251 buena vista ave cost $4oo no 414 santa clara ave alameda one storv 3 room dwelling owner barton day s work cost $l5oo n fourteenth st 75 w harrison oakland one story 3 roont tile store owner mrs helen dille contractor muller syndicate bldg cost $15 900 nvv grand ave and webster oakland one story frame stores 8 owner mitchell contractor muller syndicate bldg cost $21 000 nvv fifty first ave and e tenth i st oakland one story 5 room i dwelling owner fred pistoresi contractor morgan amp travis 3700 allendale ave cost $2990 vv fairfax ave 125 n foothill blvd one story 6 room dwelling owner hillen day s work 1 cost $3500 s yosemite ave 100 e piedmont oakland two story 12 room flats and garage owner roth day s work cost $b3oo lots 2 3 4 5 6 and 7 blk 2 1129 howe tract oakland alterations and additions to crematory owner oakland cremation association contractor andresen 1229 pearl st cost $2422 dwight way berkeley threestory three 6 roont apartments owner 1 salsman contractor lucas 555 fifty ninth st cost $36 000 no grove st berkeley alterations owner mrs bristol contractor frank smith 2230 seventeenth ave cost $l9oo e sacramento 150 s rose onestory 5 room dwelling owner jas vv brazier day s work cost $2500 no 2314 webster st berkeley addition owner c cavalli contractor harry ahnefeld 2133 parker st cost $1125 nvv corner arizona and midvale and vv midvale 40 n arizona two one story 4 room dwellings owner john mills day s work cost $l2oo each thirty third st 120 vv bruce oakland one story 5 room dwelling owner john madero contractor silva amp matheyer 1369 hopkins st cost $2500 no 1355 eighty third ave oakland alterations owner peterson contractor john f hopper 545 juana ave cost $looo e fifty first ave 118 s bond st oakland one story 4 rooin dwelling owner a rose contractor john almuist 5356 trask st cost $3boo sw corner h addon road and hillgirt oakland one story 8room dwelling owner john davidson contractor vv j mccracken 1327 broadway cost $lo ooo ,0,0.8301621410127265
some facts about the seamen s strike on the lakesthe present strike of seamen on the great lakes involving nearly 10 xx sailors marine firemen and marine cooks has been in progress since may 1909 there are reasons good valid reasons for this strike an organization of shipowners known as the lake carriers association denies the right of seamen to remain members of a labor union having declared war against all trade unions this association of shipowners then endeavored to establish an industrial passport system which is intended to place the seamen absolutely at the mercy of a gang of employment agents known as shipping masters the lake carriers call this passport scheme a welfare plan it provides for constant and unrelenting supervision restraint and espionage of every individual seaman whether he is at work or at rest ashore or afloat employed or unemployed its aim is to establish industrial serfdom on the great lakes the lake carriers association is not a shipowning corporation it is composed of shipowners but does not itself own ships nor does it employ seamen its principal business as shown by its articles of incorporation is that of an employment agency the shipowners who are members of this gigantic employment agency do not want to deal with any organization of seamen neither do they want to deal with the individual seaman what they are trying to do is to compel all seamen to live and work ashore and afloat always under the supervision and absolute control of overseers who are responsible to no one not even to the individual shipowner except the employment agency known as the lake carriers associationthis is the scheme against which the seamen are on strike they are fighting against industrial serfdom the arbitration boards of six states wisconsin michigan ohio new york indiana and illinois have tried to bring about arbitration for the purpose of settling the strike the lake carriers association declined to arbitrate the national civic federation attempted conciliation and arbitration the lake carriers would not agree to either the lake carriers association has refused to meet the representatives of the unions they declined to even meet with the arbitration boards of six states and the national civic federation the seamen did not go on strike until it became absolutely necessary their are on strike now to save their manhood they will not submit to be degraded and enslaved the immortal lincoln once said no man is good enough to own any other man the seamen believe that and they will continue the strike in an endeavor to prove that those words of the martyred emancipator are still true lake carriers try new scheme the seamen s union has discovered a new scheme whereby the lake shipowners have been trying to import foreign seamen in violation of the law the foreigners were to be used by the lake carriers association in an attempt to break the strike of sailors firemen and marine cooks now in progress on the great lakes employment agents in new york city have been boarding incoming foreign ships for the purpose of inducing the foreign seamen to desert such men as could be enticed away from their vessels were to be sent to various lake ports four dollars a head was the price which the employment agents claimed they were receiving from the shipowners for each man that could be brought to the lakes besides transportation for the sailors the matter was at once reported to the immigration officials and steps have been taken to put a stop to the illegal practice the number of alien seamen actually secured by the lake carriers is small when the few men they did get reached the lakes and found they were required to join a shipowners welfare plan with its vicious discharge book system the men at once recognized the notorious british federation scheme and very promptly refused to sailduring the past month a number of canadian seamen and laborers have been deported by the united states immigration bureau because they were found to have been promised employment in violation of the alien labor law all were on their way to american ports where they were to have been employed as strikebreakers by the lake carriers issued by the press committee international seamen s union of america 674 west madison street chicago ,0,0.7945742266673651
building contractse rossi 260 n anza two story and basement frame dwelling owner and builder ben liebman 3319 filli more street cost $3 500 2519 broadway three story frame dwelling owner herbert sommer care architect contractor moore amp imadsen 557 market street cost $ll ooo e cecilia 277 s rivera one story and basement frame dwelling owner las arnott amp son 633 taraval cost $4 000 i se rivera and cecilia one story and basement frame dwelling owner jas arnott amp son 633 taraval cost i $4 000 e cecilia 90 s rivera onc storv land basement frame dwelling owner i las arnott amp son 633 taraval cost 3 000 e cecilia 214 s rivera one story and basement fram dwelling owner jas arnott amp son 633 taraval cost $3 500 ne shawnee and cayuga onestory and basement frame dwelling owner stoneson bros 1 sloat blvd cost $4 000 e cecilia 28 s rivera one story and basement frame dwelling owner jas arnott amp son 633 taraval cost i $3 000 e cecilia 245 s rivera one story and basement frame dwelling owner jas arnott amp son 63 3taraval cost $3 000 e lagunitas 103 s of sloat blvd one story and basement frame dwelling owner stoneson bros 1 sloat blvd cost $5 000 ne fowler 101 juanita way onestory and basement frame dwelling owner meyer bros 735 portola dr cost $4 000 nw teresita blvd 101 sw juanita way two story and basement frame dwelling owner meyer bros 735 portola dr cost $4 600 s marina blvd 187 e fillmore two story and basement frame dwelling owner may 1808 pacific contractor marshall 909 ashbury cost $13 359 3042 baker altre dwelling owner monaco prent contractor soracco 127 30th st cost $3500 771 35th ave alter flats owner marv b bernie 25 california cost $4001 1035 folsom alter office owner pacific gear amp tool works prem contractor robinson amp gillespie 41 sheridan cost $2ooo 1052 geary alter baths owner carman travelers hotel contractor grother bros 3964 18th st cost $l4oo 1005 market alter office owner ahlandt amp buck prem contractor barrett amp hilp 918 harrison cost $3900 w 37th ave 195 n balboa onestory and basement frame dwellingowner p weinstein 651 37th ave cost $4ooo se front and vallejo alter restaurant owner r sanborn 1558 29th ave contractor hamill and mayer 4014 geary blvd cost $3ooo 900 grant ave alter store owner suey lee prem contractor frank yick 670 washington cost $looo w maywood 462 s verba buena one story and basement dwelling owner paul a wolter jr 190 maywood drive cost $6ooo 69 shipley alter flats owner j larritai 3669 20th st cost $looo w mission 61 n geneva two story frame store owner cresta bros 5098 mission contractor baker amp wagner 86 fairfield cost $5ooo se cor taylor and eddy streets alter store owner i strassburger premises cost $l5oo w 16th ave 163 s lawton onestory and basement frame dwelling owner and builder henry doelger builder inc 320 judah street cost $5ooo w 16th ave 196 s lawton onestory and basement frame dwelling owner and builder henry doelger builder inc 320 judah street cost $5ooo nw cor avalon and naples twostory and basement frame dwelling owner and builder b trigucros 69 madison cost $4ooo n jamestown e third st onestory and basement frame dwelling owner s missa 3700 broderick contractor thos r sharman 3700 broderick street cost $4ooo nw anza and stanyan sts threestory frame apartments owner blasse 1370 washington street contractor herman c hogrefe 359 24th avenue cost $30 000e juniper 100 s harrison brewery foundation owner brewing corp 490 10th street contractor cahill brothers 206 sansome street cost $15 000 sw cor california and taylor sts service station owner and builder standard oil co 225 bush street cost $4ooo e beachmont 467 sloat blvd onestory and basement frame dwelling owner and builder stoneson brothers 1 sloat blvd cost $4500 184 clara st alter factory owner and contractor a dittle 171 clara street cost $looo se westgate drive amp upland drive one story amp basement frame dwelling owner michell amp momerer 762 de haro cost $4ooo e ninth 80 s mission one story and basement frame dwelling owner paul laning 98 bth st contractor soule steel co 1750 army st cost $2ooo 1791 mission alter dwelling owner perley 236 dolores contractor fred j early jr 369 pine st cost $looo ,0,0.8431204723319764
no ghosts all live onesin giving publicity to the coming convention of the state building trades council of california to be held in san francisco the week of march 28 a weekly newspaper through a typographical error stated that arrangements were being made for a large number of delegates and ghosts meaning we suppose guests for the information of the editor of that paper we beg to advise him that the delegates and guests attending the convention will be very much alive no ghosts will be present ,0,0.7658213626392353
executive council is opposed to proposition 12 urges no vote state federation finds measure faultyproposition no 12 amendment of laws adopted by initiative this proposes an amendment to article 4 of the state constitution allowing the legislative either to amend or repeal any initiative provided the repeal or amendment shall be submitted to the people in the manner and method prescribed by the legislature in view of the fact that the theory of the initiative was to allow the people to legislate directly where they desire this would appear to have the effect of allowing the legislature a similar right of referendum on all initiativesthe initiative the referendum and the recall have long been weapons for the use of our people in a continuous fight to protect the people s interets against predatory interests the executive council was of the opinion that this amendment would weaken the initiative by making it possible for the legislature to change repeal or weaken any law adopted by vote of the people it would have far reaching effects in repealing or nullifying many of the good laws adopted by popular vote the executive council voted to oppose proposition no 12 vote no on proposintio 12 ,0,0.6618160786377012
will finance homes for trade unionistschicago the building trades council of this city has organized the illinois federation corporation to build homes for organized workers officers of the corporation will he active members of trade unions the corporation will start business with a capital stock valued at this will be increased to $10 000 000 it is planned at first to finance the building of small homes later money will be loaned on large construction projects in all cases building work must be done by union labor interest rates on loans will be 5 per cent plus a small commission the whole rate being from 2 to 3 per cent lower than rates of banking institutions loans will be made on two thirds of the total valuation of the building banks loan on one half of the valuation thus forcing the other 50 per cent to carry a second mortgage at exorbitant rates loan payments may be made in full with subscription or in partial payments as low as $2 50 per unit per month ,0,0.7661377867810515
tons of medicine rushed to rchairman norman h davis of the american red cross announced he had given instructions to forward immediately 800 tons of medical supplies now in england to the through the co operation of the british red cross to which these supplies were consigned immediate shipment is being made the supplies will be replaced to the british red cross by similar stocks from the united states coincident with this immediate aid to the war wounded soldiers and civilians in russia chairman davis announced that an additional $250 000 worth of medical supplies will be sent direct from the united states to russia a shipment from this purchase is en route containing hospital garments surgical dressings and large quantities of insulin and gas gangrene serum and antitoxin the remainder of the $250 000 worth of supplies now is being readied at american ports for shipment this w ill include drugs of all types five million surgical dressings quantities of surgical instruments and other hospital supplies,0,0.8100512328186933
goss ofthe road overalls neustadter b ros yan francisco ntw york portlandmcdonough bros opposite new hall of justice straight goods 920 market street and 45 eddy street phone temporary 1483 boom the label the gray bros crushed rock co crushed rock for concrete or macadam purposes no 670 wells fargo amp co s bldg second and mission sts phone douglas 2448 flats to let new and modern walking distance from labor temple upper and lower 4 rooms and bath and gas each $l5 and $l6 124 and 126 tilden st at the end of 15th two weeks free rent phone mission 6285 lawler in the police court at spokane wash on november 3 justice mann sentenced to thirty day terms in jail thirty three of forty eight free speech members of the industrial workers of the worldhansen amp elrick men s furnishers now have a branch store 766 market street phelan building also 353 montgomery st 1105 fillmore st marks phone franklin 1681 home tel no j 1681 santa clara boarding and livery stables cor coldmn cate aue lt fc leavenwort st carriage coupe and buggies to let at all hour horse boarded at reasonable rates terms made for horses furnished by the month for business purposes brockton shoes for men women amp children union stamped the brockton shoe store 1427 1429 fillmore st near ellis amp the swedish ame rican bank 54 geary st near kearny and market interest paid on savings deposits at 4 per cent per annum swedish money for sale money sent to all cities in sweden denmark norway and finlandi want every union man in this city to know that my store is headquarters for union label clothing and make union label working clothes a specialty fi in a the man or rain trade lets get acquainted 9 mark fourth st near market2,0,0.764564360504293
by dyer d lumone of the chief objects of the enemy in attacking unionism is to seek to arrav sympathy on the side of the non unionist how shall he be treated i admit that this is one of the most troublesome questions trade unions have to meet troublesome only because not squarely met let us try to face it frankly the trade union is fully conscious that its very existence depends upon its ability to enforce the rule no working with non unionists it sees in this not only the issue of self protection and continued usefulness but ideal aims for this it insists with more pertinacity than aught else and if needs be is willing iaj ht for it below the surface of what appears to prejudice observers to be an unjust and tyrannical practice is an economic foundation it is the experience of all the great trade unions of this and other countries that success never perched upon their banners until they insisted that the position taken by their own advance lines for mutual interests should not be encroached upon by individual bushwhackers 1 here is no denying the abstract right of a workingman to join or to decline to join a union just as there can be no denial of the abstract right of the unionist to work with or to decline to w ork with the nonunionist but when an attempt is made by social pressure or otherwise to compel non unionists to join the union many good people deprecate it and pious pulpits and pews are scandalized the nature of the internecine conflict demands discipline first every union must be not only a camp but a recruiting station as only in union lies strength so no pains should be spared to increase solidarity every non union man should be besought to enroll its advantages shown and inducements offered speakers tracts papers should be generously used a union that sits down supinely to mere routine work is recreant to its duty the propaganda of its principles is as imperative a duty as scanning its books for the delinquents its own inaction has rendered indifferent the struggle is ever on the exactions of rent interest and profits are continually competing to deduce wages and at any moment the blow may come and the presence of a host of stragglers who have been left unheeded to gather fon the outskirts may bring it the sooner second necessity demands federative unity the warfare has passed out of the political phase it is now an economic struggle for position between employer and employed and the latter relying solely on their own strength can not turn a deaf ear to the cries of those engaged on the skirmish line the old siren song of political aid from partisan prostitutes no longer divides our ranks elections come and go and we are unaffected by hopes resting on pledges unredeemed or saddened and demoralized by candidates defeated third discipline demands the ostracism of the camp follower ever ready to accept the wages organized action has won yet shrinking from assisting in the effort on the field of action non combatants have no place there is no third line in the fierce struggle for position the skulker not merely weakens the lines of fellow wage workers but also directly or indirectly aids and abets the enemy he is the curse of the labor movement false to his comrades false to mutual interests and a drag to progress both before and during a strike union doors should always swing inward to all applicants whom reason or self interest may convince but whoever deliberately refuses alliance with who from cowardice or selfishness stays without to skulk back over the field like a ghoul for personal gain by his or her act becomes an enemy your duty toward them will be determined by the exigencies of the situation as in our civil war the timid union man in the south and the blatant copperhead in the north received but little respect from either side so in the industrial conflict they are despised by those who urge them on and disowned by their more resolute fellows he who is not with us is against us fourth our action toward such is dictated more by sorrow than hatred we may even respect the man who stands aloof from conscientious motives and alike refuses sympathy to either side however much we may deplore what we consider his shortsightedness not only self interest prompts us but we claim the sympathy ofall not directly interested in our degradation by the proven fact that union labor is the most intelligent and the best labor higher wages bring increased wants and the ability to gratify these greater intelligence those who flippantly assume that increased wages augment cost correspondingly unconsciously assume that ignorant and skilled labor produce the same results they assume that solidarity does not heighten productive capacity they assume that union rules have no effect in acquiring a trade efficiently they assume that the amount to be produced is a fixed quantity a fallacy akin to the wage fund theory they assume that the distribution of reward under increased production and higher wants must still leave wages at the level of lowe wants a contradiction in itself every interest save that of exploiting greed and time serving and short sighted cowardice is thus on the side of the unionist and with the intelligence of skilled artisans the conviction of economic possibility and the strength and fellowship of organization he approaches the skirmish line of today knowing that victorious here he will be the better able to meet the as yet theoretical requirements of the day after tomorrow l,0,0.7228752630317006
who gets this american incomethe total income of the american people for 1926 was about $90 000 000 000 this is the highest figure ever recorded for this or any other country even allowing for the rise in prices the national income has nearly forty per cent greater buying power than that of 1913 and shows a distinct gain over that of 1925 but who gets the money not labor union ages have gained though not at that pace and how nonunion workers fare let textile towns and open shop coal camps attest not white collar employees their income has risen more slowly than that of unionized craftsmen not farmers they are still on the edge of bankruptcy with the power and knowledge at command today there is no problem in creating wealth thé problem comes in getting a fair distribution of wealth aside from the heroic and often misunderstood work of the labor unions work which only history will appraise at its full value there has been no progress in solving that problem that is visible to the naked eye w ealth is being concentrated even faster than it is produced,0,0.6983265195361885
by stan smith executive secretarymaybe the building trades candidates night for the representatives of jesse jackson and michael dukakis was not quite so exciting as the debate between the two candidates themselves the previous night on kqed but it was very interesting for working people john dukakis representing his father and bernard demczuk and warren mar representing jesse jackson did an outstanding job in expressing the views of the candidates on labor issues both sides were very knowledgeable about labor issues demczuk is the national political organizer of the american federation government employees in washington and warren mar is on leave from hotel restaurant employees union local 2 there was little disagreement of the positions on labor issues from either party but who was the one best to reach the mutual goal john dukakis told of how governor dukakis turned the massachusetts economy around creating 60 000 new jobs he told of how america is physically falling apart and the need to rebuild the waterways roads bridges etc of the country john said michael dukakis does not want to be known,0,0.7083918230381697
by business representative carl sundahlthe regular meeting in san francisco on the second friday of the month will be held august 13 the third friday meeting in san jose will be held in that city on august 20 the tile seminar held july 10 at san jose sponsored by the western states tile contractors association was attended by a fair turnout of contractors mechanics helpers and manufacturers representatives ray gilkenson of san jose who did the leg work to set up and carry the program through deserves congratulations among the guest speakers george lavenberg of the ceramic tile institute of los angeles was called upon frequently to explain the current state of national building code revisions that may affect us testing programs involving our materials and speecifications his organization has developed for distribution to the building industry lavenberg recently completed at the request of construction inspectors a check list for inspectors to follow while inspecting tile instalaltions this check list covers all steps from the label on the tile boxes to proper curing and cleanup this check list will help answer many questions asked by builders and architects also from sacramento harry fisher president of the western states tile contractors association spoke on the aims of the new association and emphasized the need for local associations to develop working relations w ithin a local industry he commented on the recent tile contractors association of america convention which he attended glenn swift regional vice president of the western tile contractors association and former member of local 19 described his work in connection with securing building code coverage of ceramic tile shower installations throughout monterey county the code requires an inspection of the preparation of pans and walls this has been a much needed step cheers several manufacturers representatives gave onward and upward talks and also expressed great interest in any effort that w ould improve the trade at any level robert kerr kerr tile and fred irwin aztec tile of san jose spoke for management while i represented loeal 19 on a panel which tackled the subject what ean labor and management do for the tile industry h lanthier sat in on the panel to answer any questions that might bounce his way the main point of most of the day s discussions concerned the basic need for industry cooperation to tackle our present state of confusion need for development and acceptance of standards and specifications industry supported and coordinated w ork with the many building code writing groups in our area and the same approach to architects and specification writers along with those needs people listed a need for industry education of our labor force on standards specifications codes new materials and techniques people stressed the importance of pooling information experience and action a film in color made for the ceramic tile institute of los angeles dealing with grouting and cleaning was shown and proved a real success many an old timer learned from it so thenewcomers in the industry can look forward to a real bit of j help when they get to see the j film ♦ one impression many people have about the industry in our area is that some people do not want any open discussion in the industry about problems and remedies don t rock the boat philosophy even though bailing with teaspoons hardly keeps the water below the thwarts i have heard of a survey made of worriers w hich indicated 40 per cent of the population worries without knowing any definite reason for worrying what a waste our industry and others in the building trades could use all those 40 per cent overtime however the seminar which was the third in northern california this year folowing after sacramento and salinas was a cheerful day it marked the friendly getting together of quite a few people with common interests and needs more such days will help clear the confusion in the meantime contribute your little bit read the directions on the can hunt for the specifications ask your boss for industry and technical literature and do tomorrow s job a bit better than today s your employer will come to appreciate an industry effort to supply your needs and solve your on the job problems harry adams of san francisco w ho died july 6 aged 86 worked until his late 70 s he retired and was having some difficulty breathing while working at his usual pace harry was a man who trotted while others walked he worked in was that made the load of those around him lighter as many have testifiedgreetings to labor arnold amp egan mfg co 1230 fairfax at 2 3187 san francisca compliments phillip j fraher co your insurance broker 4721 mission ju 6 2800 san francisco sandy s specialty shop ladies and misses apparel 2101 chestnut street wa 1 7788 san francisco compliments adriano s quality meat market 2477 chestnut st fi 6 7280 san francisco compliments essex hotel 684 ellis street gr 4 4644 san francisco calif malm amp welter inc electrical contractors jobbing and repairing 623 larkin st gr 4 7423 san francisco compliments h plath amp sons wholesale nursery 250 taylor dr 761 0580 so san francisco jos banovich structural steel erector bring your structural steel erection problems to me 40 years experience 85 elmira de 3 6929 if no answer ca ii ml 7 3022 compliments adam arras amp son general building contractors 850 so van ness va 4 2934 at 2 3330 finished laundry dry cleaning shag rugs lombard launderette 1701 lombard at octavia phone jordan 7 5559 labor day greetings duo fast california tackers staples brads 1465 3rd street vu 6 0173 san fro ® castro flower shop for every occasion 488 castro street un 1 7885 son francisee famous throughout the world the original hickr y pit pork from pigs that made hogs of themselves barbecued chickerv meats steaks sporertbs 3545 california street at laurel village sk 2 0289 san francisco parking in the rear greetings the larkin press 724 larkin street tu 5 5405 san franciscogreetings taylors hardware store 1555 haight street un 1 5682 san francisco greetings afi cio bingo s drive in 2347 lombard street we 1 3750 san francisco compliments marina one stop service self service laundry 2371 chestnut street son francisco wa 1 0405 chevron service carey s complete chevron service 3590 19th st un 3 2414 at guerrero street labor day greetings mark angelo s shoe co 179 1 ith street 3rd floor ma 1 1920 greetings afl cio eugene s auto reconstruction painting body and fender shop 1970 mcauister st jo 7 8 i 44greetings and welcome from modern bait and tackle shop fisherman s headqoarters 2975 mission street va 4 5450 boat rentals bi 7 china basin san francisco ma 1 5538 westlake auto service amp body shop emergency road service have wrecker will travel kelly greenwood beverly dikas 6498 mission street daly city plozo 5 6700 frank h yick amp co general contractor chinese style restaurant equipment 772 pacific avenue san francisco calif 94133 yu 2 6411 yu 2 5174 greetings afl cio connie s custom barbers hair stylist connie tinaya 405 o farrell st san francisco tu 5 9542 compliments of fidelity amp deposit co 255 california st of maryland ex 2 1188 san francisco compliments of loong g fong new construction re sidential commercial 1350 pacific pr 5 1700 san francisco mitchell amp co manufacturers agents automotive supplies 2505 mariposa un 1 6685 courtesy of dixie cleaners alterations and laundry service blankets drapes spreads comforters free pic k up amp delivery also one day special 1693 turk san francisco west 1 9819 compliments of cal schockmuth the valhalla cocktails 1300 church st san francisco va 4 9978 rentals ano service contractors equipment repairs for automobiles and light trucks fraser edwards co 707 treat ave san francisco california for service call atwater 2 3307 otis nets nelson figone amp son wholesale meats old plantation brand smoked meats 815 tennessee st at 2 7407 son francisco compliments of sunset candies fine chocolates made on premises 744 hiving st pkone 564 0950 san francisco greetings and welcome afl cio o reilly s flying a true friends of labor ed amp garry o reilly 1500 bay street fi 6 9855 compliments of hansonic co commercial sound equipment 661 natoma st phono 626 0490 son francisco 4 greetings and welcome afl cio mission villa mexican cuisine food to take out 2391 mission st 285 3865 greetings and welcome afl cio members mary s cafe open 6 to 8 serving lunch amp short orders 2295 3rd street san francisco un 1 9233,0,0.7849532327293278
i official minutes of the building trades councilthe san francisco building and construction trades council met in session pursuant to adjournment in the meeting hall 2660 newhall street san francisco march 5 1987 the meeting of the council was called to order at 7 00 by chairman pro tern joe trovato who led the pledge of allegiance to the flag all normal bills wages and expenses be paid minutes of board of representatives meeting of february 24 1987 was approved as read minutes of board of representatives meeting of march 3 1987 was approved as read including the recommendation for endorsement of nancy pelosi for the fifth congressional district minutes of previous meeting was approved board of business representative board of business representatives meeting of february 24 1987 was called to order at 9 30 by chairman pro tern ellis smith communications from sequoia district council of carpenters in regards to 361 and 799 to approve support state federation of labor announcing their legislative conference in sacramento on may 18th 19th and 20th to send secretary with all expenses paid state federation of labor announcing the afl cio regional conference on march 20th and 21st in san francisco secretary to attend if time permits secretary s report 1 reported on a meeting with the metal trades council in regards to proposed jobs from docking the uss missouri present were representatives of the us navy private industry council young community developers and electricians local 6 plumbers local 38 and shipyard laborers who were representing the metal trades council due to the lack of information that was to be supplied by the navy no conclusions were reached secretary smith wrote a letter to mayor feinstein explaining the situation and the situation of the us navy 2 secretary met with supervisor bill maher in regards to his candidacy for the fifth congressional district 3 ellis smith of elevator constructors local 8 reported that otis elevator had pulled away from the international bargaining unit there being no further business the meeting was adjourned at 10 06 respectfully submitted stanley m smith secretary treasurer approved board of business representatives meeting of march 3 1987 was called to order by chairman franz glen at 9 30 communications from san francisco labor council regarding cope endorsing convention monday march 9 1987 at 7 00 representatives take note swinerton amp walberg noting subcontractors for the 730 harrison street job representatives take note secretary s report 1 recommended all representatives check the sheraton remodel job to insure all union craftsmen special order of business chairman glen called a special order of business for the purpose of making a recommendation of endorsement for the candidacy in the sth congressional district to endorse the candidacy of nancy pelosi there was a lengthy discussion in regards to the qualifications of all candidates motion carried with one dissent vote secretary recommended the delegates attend the council meeting to insure the endorsed candidate of our support secretary introduced jerry tabaracci of bureau of apprenticeship amp training who had been invited to explain bat s problem of enforcing the davis bacon act mr tabaracci stated that organization would no longer enforce the davis bacon act in apprenticeship on the federally funded projects after a question and answer period mr tabaracci was thanked for appearing and excused new business it was reported that there would be a vacancy on the board of directors of the golden gate bridge to support john moylan of plasters local 66 for this position there being no further business the meeting was adjourned at 10 15 respectfully submitted stanley m smith secretary treasurer approved communications from san francisco labor council in regards to the fundraiser for the presidential yacht potomac file for information california federation of labor regarding the legislative conference in sacramento and the regional convention with the afl cio delegates take note contra costa building trades council thanking the council for donation in fighting the usx job file for information transport workers local 250 a thanking council for support to the san francisco retirement board file for information de la fuente for oakland requesting campaign contribution to donate $50 00 anthony l ramos retirement amp appreciation dinner committee will hold a special retirement and appreciation dinner honoring anthony l ramos to buy two tickets at $loo oo each for secretary and guest buck heegard of ufc appeared as invited on behalf of the hormel meat strikers in minnesota after explaining the situation brother heegard left a list of boycott hormels a collection was taken up and sent to the minnesota strikers to print hormel boycott in secretary s report 1 meeting with louise renne city attorney in regards to apprenticeship requirements there being no further business the meeting was adjourned at 7 22 respectfully submitted stanley m smith secretary treasureraccident report lmiuii department of labor occupational safety and health administration accident summary brief description of accident two employees worn installing aluminum s ding mi a farm house when il became nec essarv in remove a 36 font high metal pole cb anfnnna one employee stood on a rental pick board between two ladders and unfastened the antenna at the lop of the house the other employee who was stand gt g nri the groimid took the antenna to lay it down m the yard the antenna made electrical contact with a 7200 volt power bans mission ime 30 feet 10 inches from the house and 23 feet 9 inches above the ground the employee handling the antenna received a fatal shock and the other employee a minor shock inspection results following its investigation osha issued one citation tor two alleged serious violations of its construction standards had these stand ards been adhered to the fatality might have been prevented accident prevention recommendations 1 note the presence of power lines and be extremely cautious when working near amp l them train employees to recognize and avoid electrical hazards 29cfr 1926 21 do not permit employees to work near any part of an electrical power circuit which might be contacted in the course of the work guard all electrical power circuits against accidental contact by insulating the circuit or deenergizing it or by other effective means that would protect the employee 29cfr 1926400 sources of help construction safety and health standards osha 2207 which contains all osha job safety and health rules and regulations 1926 and 1910 covering construction osha safety and health training guide lines lor construction available from the na fional technical information service order no pb 239 312 as comprised of a set ot 15 guidelines to help construction employees establish a training program in the safe use of equipment tools and machinery on the job osha funded free onsite consultation services consult your telephone directory for the number of your local osha area or regional office for further assistance and ad vice listed under the labor department or under the state government section where states administer their own osh programs note tho rase hero described was selected as being representative ot fatalities caused by improper work practices no special emphasis or priority is replied nor is the r ise necessarily a recent occurrence tho legal aspects ot the incident have been resolved and the rase is now closed leukemia cure a thon on kgo newstälk 81 march 27 28 cure s near ziggy listen amp pledge isd join us for a 24 hour live broadcast hear the entire kgo radio on air family plus bay area radio and television personalities bid on auction items leukemia takes more young lives than any other disease known to man 100 of your donation will be devoted exclusively to research help us kgo newstalk 818,0,0.7377917309549127
subsi£ itlal revisions were made in the constitution and laws of the united brotherhood by the 33rd general convention held in st louis missouri from october 2 through october 6members on application the following requirement remains in section 44 b of the constitution and laws an applicant may be permitted to pay his initiation fee in installments over a period not to exceed 90 days in such cases the applicant shall deposit dues for each month commencing with the month of application dues deposited shall be retained by the local union or district council together with any initiation fee paid if the applicant fails to become a member by reason of his failure to complete payment of the initiation fee or deposit his dues when the applicant is accepted into membership his membership shall date from the day of application the local union or district council shall pay per capita tax to the united brotherhood for all months for which dues were deposited and retained by the local union or district council whether or not the applicant becomes a member the above changes in the constitution and laws will be effective january 1 1979 and the increases in per capita taxes are to be reflected in remittances by the local unions to the general secretary commencing with the month of january 1979 benefit schedule 1 per capita tax under section 45 a per capita tax payable to the united brotherhood for each member covered by benefit schedule 1 formerly beneficial members is increased from four dollars and twenty cents $4 20 per month to four dollars and seventy cents $4 70 per month for each member in good standing this per capita tax is also payable forany person who pays and agency shop or similar fee hie four dollars and seventy cents 4 70 per capita tax is allocated as follows general management of the united brotherhood two dollars and sixty cents $2 60 death and disability fund two dollars $2 00 home fund ten cents 10 cents minimum dues section 45 a was amended to increase minimum dues to be paid by all members in all local unions to eight dollars $8 00 per month minimum dues were formerly six dollars $6 00 per month section 44 f makes eight dollars $8 00 minimum dues payable by nonbeneficial members those who are sixty 60 years old or older at the time of admission the increase in minimum dues to eight dollars $8 00 is also reflected in section 58 dues in excess of eight dollars $8 00 per month may be placed in a special relief and contingent fund to further explain any member who was receiving the brotherhood pension of $42 00 per quarter will now pay $6 00 per month dues and have $2 000 00 life insurance if you are retired and under 65 years of age or less than 30 years of membership which must be continuous shall pay $b oo per month and have $1 000 00 life insurance dues deduct as of june 1978 credits have been given to you if you have signed a dues check off card if you have paid your dues in advance you can write us a letter and a check will be issued for the excess credit or write a letter to credit the money to your 1979 dues as far as it will go ,0,0.8422327146835069
continuous gas service in britain despite raidsdespite several hundred air raids gas service in britain has been continuous except for brief interruptions after exceptionally severe bombings in some localities even in the seriously wrecked city of coventry service was maintained although the gas plant was hit four times in several communities where mains were damaged temporary pipelines were laid on top of the ground as soon as the all clear signals were sounded ,0,0.6363947178017044
badger unit of government timber in modoc national forest to be soldfour hundred million feet of western yellow pine located in the modoc national forest goes on the market in placing this timber on the market major stuart chief forester states the establishment of a new sale unit of western yellow pine at this time is something which the forest service would like to avoid the insect epidemic situation however makes it common sense to take this means of possibly checking the infestation and certainly salvaging a large amount of government property which would otherwise become valueless the infestation is so large and the present value of the stumpage is so low that control effort other than by a logging operation is impracticable insect depredations in the western section of the modoc national forest have been increasing by leaps and bounds for the past seven years and after considering every possible angle of the situation the j only practicable control measures which will apply are those which demand a control utilization program the bulk of the government owned timber is located in badger township t 44 this township is entirely government lland and is the center of the worst infestation in the unit examination of the badger unit for the past seven years by the i bureau of entomology shows a loss of approximately 20 per cent of the stand the loss for 1927 is estimated at 89 600 m feet in some places it has reached the amazing total of 1700 trees killed per section during 1927 forest service logging engineers have checked the findings of the bureau of entomology and the results are practically identical the plan of operation provides for control measures and salvage the bulk of such control to be undertaken during the winter season since the young beetles remain in the bark of the infested trees from early october until june the plan is therefore to dispose of such trees during the over wintering period the length of time necessary to carry on control operations is problematic it is not a proposition which should encourage any but operators who have thoroughly investigated conditions on the ground examination of beetle killed timber indicates that blue stain enters with the beetles and that the sapwood is spotted when the foliage begins to turn it must be expected that all insect killed trees will produce blue stained lumber such lumber has a limited market and the disposal of a large amount of this material at profitable prices may be difficult all of these items have been considered in the appraisal of the government timber the contract will provide for reappraisals every three years during the life of the contract and as insect damage decreases the price of the pine will increase for full particulars regarding this timber sale application should be made to the district forester forest service ferry building san francisco or forest supervisor modoc national forest alturas calif bids are to be opened in san francisco on august 4 ,0,0.8161079316342412
building trades protestthe following letter has been sent to all the grand officers and local parlors of the native sons of the golden west dear sir report has been made to the labor day committee of the san francisco building trades council th at the native sons are arranging a celebration at the panama pacific exposition fair grounds to be held labor day monday september 7 1914 if this report be true we are at a loss to understand the motives for the purported action and procedure by a patriotic organization which this council has befriended on more than one occasion but if it be a fact that the native sons intend to hold a labor day celebration on the fair grounds monday september 7th the san francisco building trades council hereby respectfully and emphatically enters a protest against such a projected enterprise upon these grounds first labor day is the one day in the year set aside for the advancement of the worker s cause it has been so designated by enactmefiuof the federal government and the laws of a great majority of the states which comprise today the greatest nation in the world it is a day as sacred to labor as are most of the holy days to the religious denomination labor day means as much if not more to the workers than does fourth of july to the citizens of the republic hence we can neither pernij nor tolerate that labor day be ex appropriated by any fraternal or any other organizations purely for sordid commercial exploitation of the workers second the san francisco building trades council and the state building trades council of california have included admission day september 9th as one of their five legal holidays in the year this was achieved only after thorough discussion and much deliberation against a determined and strong opposition and there are forces at work now in the unions trying to eliminate september 9th from our legal holidays common courtesy not to mention the laws of reciprocity would seem to decree that the native sons of the golden west ought to respect labor day for union labor just as sincerely as the building trades union artisans have respected admission day for the native sons the building trades council of san francisco and alameda county will jointly celebrate labor day monday september 7th in shell mound park and you are hereby extended a cordial invitation to join in that celebration which will be held for the advancement of the workers cause the uplift of the men and women who by their toil and thought maintain and perpetuate whatever there is worth while in the present civilization it will be a real labor day celebration and demonstration replete with exciting and interesting features of an educational nature commercial gougery and political propaganda will be entirely eliminated so far as it is possible for human beings so to do in our present day and age come and join the real union building trades artisans mechanics and laborers in a genuine celebration and thus help to cement the fraternal bond of friendship which so long has existed between them and your splendid organization with kindliest greetings and best wishes we have the honor to remain yours very sincerely tveitmoe recordings and corresponding secretary san fra ncis co building trades council ,0,0.7157999245089575
company union de nounced editor calls it pious mush pious mush is the term used by the new york world in ridiculing the claim of the interborough rapid transit company that its hand picked company union is more satisfactory to employees than the regular trade union the interborough wants the count supreme court to enjoin president green and everyone else from interfering with its union and its yellow dog it is about time we believe for the management of the interhorough to think twice and take stock of its knowledge the world says this is a free country there is nothing in its laws to forbid men to attend union meetings the men who are holding these meetings are not even talking of a strike such action has not been thought of says the president of the of l these meetings are not being held to prepare for war on the interborough they are being held fo rthe purpose of attempting to prove to transit workers that their interests can be more satisfactorily represented by a bona fide labor union that by a toy union under the thumb of the interborough management we do not believe the pious mush of the interborough that its employees are more adequately represented by a union of the interborough s choosing than they would be by a union of their own choosing we do not believe that the interborough can continue successfully to dictate to its men which union they must choose we believe in a free choice by each worker himself as to the union he will join and if the interborough declares war on the issue of a forced choice we believe it will find the sentiment of this city overwhelmingly on the other side be consistent the other fellow s union label card and button are important also ask for them,0,0.777718711725813
short stopsmany a raw deal is first cooked up patience is the truest sign of courage the self made man is never finished until some woman polishes him a woman s mirror is always a peer glass ppish people don t enjoy being called down no path to glory was ever paved with asphalt every seat is now booked on the water wagon very often the fast man fails to get to the front trouble s shadow is often darker than trouble itself some men give the square deal only to themselves a kick against fate is often an apology for laziness the things we want most are always hardest to get time is valued by the manner in which we employ it laziness has inspired many a man to seek a political job lots of people with plenty of dough are not well bred every man is the landlord of the castles he builds in the air lots of women enjoy hearing their husbands talk in their sleep if told to get a hump on yourself don t get your back up if we each assisted the other no one would be in want of aid the fair man is square fair ladies are round and plump no man is so dull that he cannot make a bore of himself many a man repents at leisure because he did not marry in haste many a girl who thinks she is a world beater couldn t beat an egg it is all right to follow the crowd if its bound in the right direction when you mean to stand back of what you say use the telephone the smile goes farther than the frown because it is more becoming many a fellow who gets in on the ground floor goes up in the air later it isn t bearing each other s burdens that makes us round shoul dered even if you do eat oatmeal for breakfast it does not follow that you have horse sense be resolutely and faithfully what you are be humbly what you aspire to and above all things he sincere the surest way to get ahead is to keep moving that s the way some people get ahead of their landlords try to be saving the best men of the world have been of saving dispositions only fools are the spendthrifts and squanderers don t buy opera seats with the money you owe your washerwoman or tailor pay them and you will be able to appear like a gentleman they also might prefer to spend their money anothe way ,0,0.8476854481470859
our new year resolution is for better service better food at better prices yours for a happy new year m tal palace market san francisco s food basket market at eighthit is not only the union label that counts with my suits workmanship and materials also go with it herman the tailor ettablished 1910 1104 market street san francisco qalif credit to union men cr gt beli6,0,0.7915055256208606
by clarence s darrowtrade unionism had a long and bloody fight before it won the right to organize but to day few men however hostile to the cause of labor would dare deny this right it is now generally admitted that workingmen should have the right to organize for mutual help provided they do nothing with their unions except to hold meetings and pass resolutions the attacks on unionism are now made indirectly and are mainly made along the line of the demand for an open shop that is the right of the employer to hire union or non union men as he sees fit of course there can be small chance to doubt which he will choose so long as the matter is left to him for this reason the hottest battle over unionism is over the closed shop in this struggle both combatants are perfectly logical and both are working directly for their class the feelings of the great mass of men will be determined by their selfish interests and their natural sympathies for one side or the other in this conflict the financial interest of the employer and the employed are diametrically opposed to each other the employer buys his coal and his iron as cheap as he can for the same reason he buys his labor as cheap as he can he knows that his prosperity depends on selling his product high and buying his raw material cheap he knows that to sell high he should control and limit his product to make it scarce and dear and that to buy cheap he should be able to get his raw material in the open unrestricted markets of the world the employer is interested in buying his labor the cheapest he can and the workman is interested in selling his labor as high as he can the humanity of either employer or workman has nothing to do with the case for unfortunately the laws of trade have nothing to do with humanity thus far the workingman has no means of controlling the supply of labor except his union industrially the business man is interested in buying his labor at the cheapest price and working it the longest hours and under the cheapest and poorest conditions the unions of workingmen are formed to bring about the opposite results and to do this they must interfere with what the employer has always considered his business so from the employer s standpoint the union is meddlesome and expensive and destructive of the employer s rights most employers never seem to know that they do not own the business they own the plant the workman owns the labor and the two interests must agree to make a business the employer knows that the open shop means more work and less pay and poorer conditions and more profits the workman knows that the closed shop means more pay less work shorter hours and better conditions it is for this reason that the division is so clear and sharp between the selfish interests and the sympathizers of either side instinctively both sides know that the open and closed shop is really vital to the life of the union and the employer who is against the closed shop is against the union whether he understands the case or not to deny workingmen the right to organize is no longer possible in this or any other fairly civilized land but giving the employer the right to choose union or non union men as he will the advantage is always with the non union man who in effect is a traitor to his class the non union man is chosen because he stands alone because he is hostile to his fellows because he is easily controlled and because in all emergencies he can be depended upon to betray and defeat his fellow workman for his own narrow selfish ends under an open shop the hardest most dangerous job the longest hours and the smallest pay goes to the union man while the easy places shortest hours safest work and the holidays go to the non union man when work is scarce it is the union man that leaves and the nonunion man that stays both employers and employed know that such improved conditions as the workingman now enjoys have come largely from labor unions which have been the first to make demands and the strongest to fight for everything that improves the wage earner s lot it is not in human nature that men that have borne the sacrifice and toil and expense of sustaining the unions should sit idly by and see their members punished for their loyalty and the scab rewarded for his treason to his class the open shop never was anything except an insidious and indirect attack on trade unionism and trade union principles an industry cannot really be union and non union at the same time and the trade union is not completely recognized until it is able to insist on the closed shop there is only one place where a union is justified in waiving this demand and that is where the union cannot get it 18 union men in congressit is estimated that eighteen men carrying union cards will be in the house of representatives at the forthcoming session of congress who are expected to voice the wishes of labor for legislative concessions the american federation of labor has been demanding such as the restriction of the power of injunctions during strikes amending the sherman anti trust law to protect unions against prosecution for striking or boycotting enforcing the eight hour day on all government contract work and other measures all these union men except victor berger the milwaukee socialist were elected on the old party tickets and they are expected to labor with their colleagues to bring about investigations of the methods of the united states steel corporation and other unionsmashing trusts there is no reason other than a lack of self interest why the trade unionists of san francisco are not represented in congress by two stanch union men however the day is coming when they will be i he california weekly established in this city about three years ago avowedly for the purpose of fighting graft has suspended publication by abandoning their journalistic offspring and permitting it to die of starvation spreckels and phelan have thus publicly acknowledged that no grafting is being done under the mccarthy administration hence there was no necessity of continuing their excellent publication the negro in the of l the following editorial from the pen of president samuel gompers appears in the january number of the american federationist in the course of an address before the st louis trades and labor council at st louis on the evening of november 27 during the sessions of the annual convention of the american federation of labor we alluded to the difficulties of organizing the negro labor of the south recalling to the minds of those present the present unpreparedness of the colored people as a whole for fully exercising and enjoying the possibilities existing in trade unionism among the newspaper representatives present one reporter and one only possessed sufficiently the faculty of perverted ingenuity to enable him to construe our words as the text of an article proclaiming to the world that gompers reads the negro out of the movement but one st louis newspaper published this beat and beat it certainly was in point of pure fiction without even any of the common foundations of resemblance to fact that often support half truths appearing in the sensational press this piece of news however was seized upon by a representative of the associated press perhaps in the person of the unscrupulous reporter himself and sent out over the country the next day at the convention on the earliest opportunity immediately after a special order of business had been disposed of we rose and made the following statement which was at once given to the press last evening i attended a banquet tendered to the delegates by the st louis trades and labor council one of the morning papers published a statement that does me a very grave injustice and this labor movement a great wrong the statement read that i had read the negro out of the labor movement no greater misstatement could be made first i have no power to do it and if i had the power i would not do it in reviewing the movement abroad and in the united states i called attention to the conditions confronting the working people of our time and incidentally among several things to which i referred i called attention to the fact that we had with us a population of eight million negroes and that they are but a little more than half a century from a condition of slavery and as a consequence it could not be expected that as a rule they would have the same conception of their rights and duties as other men of labor have in america instead of reading the negro out of the labor movement my contention and the contention of the american federation of labor is to try to bring them into the movement of our country we are trying our level best and will continue to do so to organize the men and women of toil without regard to their religion their politics their nationality their sex or their race i could not permit this entire day to pass by without thus publicly in this convention and in the presence of ouv visitors and the representatives of the press making this correction the executive council of the american federation of labor duly took consideration of the incident and on november 26 delivered a supplementary report dealing with it from which the following extracts are given in view of the very grave misrepresentation by the press of the statement upon the negro question made by president gompers in an address which he delivered in this city on the evening of november 17 and in addition to the refutation which he made on the hoor of this convention on the following day we feel that it is due to the american federation of labor and the great cause of labor which we represent that we as your duly constituted officers should take cognizance thereof numerous telegrams and letters newspaper clippings and editorials from every section of the country all protesting against the declaration which he was alleged to have made have been received by president gompers thus demonstrating that the misrepresentation of his statement has been given wide publicity something which is not only a grave injustice to him but a great wrong to our cause the movement of the country which this convention of federated labor has the honor to represent it is inconceivable that in view of president gompers record of long years of life devoted to the cause of the wage earners of those who toil that he and through him the american federation of labor should be placed before the world in the position of declaring that any class of wageearners no matter of what race creed sex or nationality should be read out of the labor movement so far from closing the doors of the movement against any wage earner no matter of what creed of what color of what nationality of what calling of which sex the american federation of labor annually exerts its efforts and spends large sums of money in spreading the gospel of trade unionism among all who toil in the endeavor to bring them within the beneficent fold of the trade union movement every toiler of every trade and calling without respect to color or sex religion or nationality reference to the report of our secretary from year to year showing the amounts spent annually in organization work will confirm us in this statement the conventions of the american federation of labor have repeatedly declared for the organization of all wage earners without regard to class race creed religion sex or politics this declaration is embodied in some of the literature which is kept constantly on hand at our headquarters and which is widely distributed from year to year the constitution of the american federation of labor article 11 section 6 provides that separate charters may be issued to central labor unions local unions or federal local unions composed exclusively of colored members where in the judgment of the executive council it appears advisable and to the best interest of the trade union movement to do so there are now affiliated to the american federation of labor under that provision a number of local unions of colored workmen and a number of city central bodies composed entirely of the representatives of local unions of colored workmen there are a number of colored workmen members in good standing of the unions of their trades holding commissions as organizers for the american federation of labor they keep in constant touch with headquarters and are doing good work among the toilers of their race i lie colored people of the first baptist congregation of st lotiis invited us to address them on the subject and on sunday evening november 27 we spoke in their church to an audience that entirely filled the auditorium our statements which could hardly be called explanations for on our part there was nothing to explain away were accepted on the spot without question as the facts of the case e had said nothing before the trades and labor council nor have we on any other occasion in all the years of our labors which could possibly be construed to place obstacles in the way of the organization of the colored people in connection with the labor movement from prominent members of the congregation contradictions of the canard sprung by the reporter were sent out over the country as had previously been done by many labor men and others who knew the truth thus so far as possible no step that could be taken to deny the reporter s story was overlooked but he had done the damage to this day protests are arriving at headquarters of the american federation of labor against our assumed exclusion of the negro from the labor movement they have cotne in the form of regrets from friends denunciations from enemies judicial head waggings from statesmen howls front fanatics some writers beg us to reconsider some think that we ourselves do not deserve the confidence of the workers some adjudge our sentiments as reprehensible one editor pronounces us as drunk brutal or stupid well we recognize it as part of our duty take the world as itis without over vexation to control the potentialities of cynical and imaginative mischief makers having access to the press is beyond reach of the law and public opinion in addition to our routine work which includes asking our fellow citizens to consider thoughtfully the sentiments and achievements of trade unionism we are obliged constantly to go back over trade union history to assist in clearing up the misrepresentations misinterpretations and other forms of injury to which at every step unionism is subjected we ask our readers to remember this st louis incident the next time their daily papers tell them about some awful thing that some prominent trade union man has just perpetrated they may safely wager ten to one that he hasn t done it subscription rates where a union subscribes for its entire membership a copy of the paper will be mailed weekly to each member for 75 cents per year cents per month single subscriptions $1 50 per year six months $l payable in advance single copies 5 cents each entered at the postoffice at san francisco cal on august 20 1901 as secondclass matter notice to advertisers the business manager is the only person authorized to sign advertising contracts for this paper advertising patrons will please take notice advertisers desirous of changing copy must supply same on tuesday of current week otherwise the same ad will be repeated from preceding week notice to secretaries secretaries of unions will please send weekly reports to this office of members who have changed their address giving the old address as well as the new union men should take notice that such changed addresses for must be sent to us through the secretary who will also note change in his roster of members publishing co 1122 1124 mission street phone market 4797 home phone j 1936 advertising rate $l oo per inch per week uautcs children s accounts your children should be taught to save open an account for each of them to day show them by example that you believe in a savings account they cannot start too soon humboldt savings bank 733 market street near fourth san francisco headquarters for carving sets game shears roasting pans brittain ® co market and mason san francisco 908 910 broadway oakland our reputation is back of every bottle we sell old gilt edge whiskey rye or bourbon union label in every hat at collins the hatter fo6 market street opp fifth telephone market 1592 carr the pioneer blacksmith horseshoer blacksmith and general jobber 329 noe street near the junction of market and six teenth sts san francisco repairing neatly done at lowest pricespatronize home industry big sale of men s suits and overcoats all union made $11 75 just one price l or suits overcoats or raincoats that we sold before at much higher prices si woods co the satisfactory union store market at 4th street empire plaster manufactured by the nevada gypsum co pacific building san francisco empire plaster for sale by all dealers issued weekly by the publishing co incorporated january 16 1900 owned and controlled by the labor unions of san francisco attorney cleveland l dam editor tveitmoe business manager cress gannon4,0,0.7349792824823962
stricken down while on dutywe do not know of anything that has caused more widespread feelings of regret sympathy and sorrow than the news of the accident which overtook rev crowley the founder and manager of the youths directory last monday evening as he was on his way to st ignatius hall accompanied by thomas boyle to announce the success of tag day he was run down by a taxicab and severely injured father crowley is one of the few real great and good men who live and work to make the world better he has saved for this city state and nation over 10 000 boys not orphan boys but abandoned most unfortunate children of the streets he has given them a home and an education and made good men and useful citizens out of these many thousands of boys who if it had not been for father crowley s work would perhaps to day be filling our prisons father crowley is a man who understands he was a mine worker before he became a priest he understands the boys he loves them and for that the boys and all people regardless of creed nationality or color love father crowley we may not all share in the tenets of his creed but we appreciate and admire the great and good work he has done and in that faith the entire community shares it was therefore with a hearty rising and unanimous vote that the union labor party at its convention on wednesday night adopted the following resolution resolved that the union labor party in convention assembled hereby extends its deepfelt and sincere sympathy to rev crowley in his sad and unfortunate affliction coupled with our hopes and prayers for his complete and speedy recovery in order that the good man and noble citizen may be able to continue the glorious work that he has so successfully carried on during many years for the benefit of the city state and nation and be it further resolved that we urge all members of the union labor party to attend the mass meeting called to convene in lyric hall thursday night september 23 for the purpose of devising ways and means to raise funds for the youths directory and thus help the founder of this grand institution to carry on its noble work of providing a home and an education for the abandoned homeless and unfortunate boys of our city,0,0.6698894887173532
important bay area projects announced during julyfibreboard products inc announced a three year expansion program to cost $24 000 000 largest of the company s expansion projects will be erection of two machine board mill and converting plant two miles east of antioch blakes of berkeley purchased an 8 acre site at davis yolo county and will erect a $3 000 000 plant to produce frozen pre cooked foods robert rohrig san jose will erect new $35 000 soft drink bottling plant in santa clara securities parachute amp equipment company hayward have completed plans for $50 000 steel brick and concrete plant to manufacture canvas goods products bruehl s metal manufacturing company oakland will construct 200 square foot tool and die shop shasta pump company oakland has awarded contract for construction of $50 000 factory building near alameda airport universal container corporation south san francisco has been granted permit to construct new 16 000 square foot manufacturing plant on aßilroad avenue freuhauf trainer company purchased large site and will erect a $175 000 trailer manufacturing plant on davis highway west of sacramento ,0,0.7375744492000208
not caused by taxationthe depression is not caused by taxation ihe power of organ ized wealth needs to he reformed taxation did not choke off investments we are in a depression because the great mass of american people do not have enough money to buyy all the products which the american factories made last year these factories seldom operate at more than two thirds of their capacity and millions of people suffer and will suffer because we do not keep our factories and mills running full time america should not he despoiled nor should we place the burden too heavily upon the rich as to stop the flow of business but the tfiith is allowing such vast accumulations ti escape a just taxation means that we only foster monopolies that control prices regulate and rig the market and this in the end destroys free enterprise and free competition and is what is slowly but surely despoiling america mary e ryder how little we pay our way in life although we have our purses continually in our hand the better part of service goes gt till unrewarded but i like to fancy that a grateful spirit gives as good as it gets stevenson ,0,0.7353286523334264
veteran unionists deadthomas murphy first president of the local plumbers union holding that office more than forty years ago died this week selig schulberg member of waiters union for twenty years a delegate to the san francisco labor council died during the week ,0,0.7839285664806298
what unions have donethe american federation of labor points out that unions have increased wages shortened hours reduced accidents lengthened life increased educational opportunities all of these brought benefits to workers to industry to employers and to the country every new union member strengthens and makes it better able to continue its efforts for the national benefits given in barest outline in the foregoing quotation old golds sign union contract 7 000 workers of lorillard company gain wide benefitsa tremendous forward stride in the the organization under the of l banner of all workers in the cigarette industry was achieved with the signing of union contacts with the p lorillard company makers of old golds and other products more than 7 000 workers are covered in the contracts the first union agreement ever negotiated with this company its plants in jersey city richmond and louisville are all included wide benefits were gained by the workers under the new contracts outstanding are provisions for a 40 hour week a flat 5 per cent wage increase a week s annual vacation with pay the granting of seniority rights union recognition and adjustment of shop disputes the unions which already have signed contracts with the p lorillard company are the tobacco workers international union cigar makers international union and the international association of machinists federal labor union 19897 is expected to sign a contract in a few days for its members the warehousemen all unions are covered in a single master agreement covering general conditions of employment while wage rates are fixed in separate contracts with each union francis p fenton national director of organization for the american federation of labor who played an active role in the contract negotiations was jubilant at the successful outcome he said nothing can stop us now from organizing the entire american cigarette and tobacco industry we already have organized some of the largest plants in the country the addition of the p lorillard company is a great achievement for the of l unions and will spur the drive for complete unionization of the industry those who took part in the contract negotiations included van horn president of the cigarmakers and maude lenz secretarytreasurer of two locals in richmond who signed the agreement for that union e lewis evans samuel l evans and lentie who signed the agreement for the tobacco workers and eric peterson general vice president and thompson business agent of lodge 10 who signed for the machinists signatories for the company were whitefield executive vice president bowling vice president and todd wool secretary ,0,0.7790043189591365
crooks run loan firmsmost of the men who operate auto loan companies in washington have criminal records the district of columbia police reported this week after an investigation caused by complaints from victims of the car loan sharks ,0,0.8217604660965584
wage cuts and strikes are visioned by filene he believes employers will use supreme court s edict destroying nra to lengthen hours and resume cutthroat competitionedward a filene boston merchant economist believes the decision of the supreme court invalidating the national recovery act will result in employers imposing wage reductions and a longer work week on workers throughout the united states just before sailing for europe to attend the international chamber of commerce meeting in paris mr filene said that while many business leaders desire to continue the wages and work hours prescribed by the fair practice codes established under the nra the usual chiseling 10 per cent will force wage cuts and longer hours these chiselers he said will make it impossible for the better type of business men to retain the code provisions voluntarily i believe that by next september the five day week will no longer be general wages will be cut and price cutting will begin the outlook is for a great deal of labor trouble and bad business he reiterated his belief that the only cure for the depression is a buying wage and not a mere living wage for workers i am for capitalism he added but not for the capitalism of the present order i believe it must adjust itself to changed conditions things will improve when business men get over their traditional age of scarcity thinking and adapt themselves to the age of plenty there is a tremendous amount of waste not only in materials but in management men technique and distribution mr filene called president roosevelt the wisest leader in any nation of the world and predicted that his official home would be in the white house for a number of years ,0,0.8331357901417419
haluska wisler union printing union buttons yukon 6 2124 6 2475 exbrook 2 2973 heard about the improved defense bondi ~ they re now evom belterljim mcclary insurance agent auto life fire liability 094 18th street near castro san francisco 14 calif un 1 372 un l 612f for luncheon or dinner tho world famous exposition fish grotto the wharf s finest grotto oliva mgr fisherman s wharf rlilllmlll jfilco ivxvwwwwxvy 4 union printing j mmmmm liiiliil 111111 1 lliiilllllllii 1111111111 lt t gt t ä a gt gt iiiiiis k bfum books j contract 4 agreements recifyts tberheads envelopes busmen sards pubtitatims ko amp ikmpng amp receipt systems waiting service editing layout 6 design east wy printing co 652 7846 stanford oakland rum owen ,0,0.8222642935784401
guide for health care selection to be preparedthe california council for health plan alternatives will prepare a guide for selection of group health care and health insurance plans under a $150 000 grant from the department of health education amp welfare the grant contract specifies that cchpa is to develop field test and distribute nationally an objective validiated rating technique and or health ed ucation information guide union representatives and others purchasing group health care will use the guide to select coverage cchpa also is to develop a plan marketing guide to help health maintenance organizations design and market services ,0,0.7950586221582003
building trades directorystate building trades council headcjuarters general president and general secretary treasurer 810 merchants national bank building phene douglas 2140 building trades council headquarters building trades temple phone market 1806 1807 meets every thursday evening brotherhood hall temple guerrero and fourteenth streets executive board of building trades council meets every tuesday evening unity hall temple bay counties district council of carpenters meets every wednesday evening harmony hall temple district council of painters meets every wednesday liberty hall temple building material teamsters no 216 meets every wednesday evening in california hall temple bricklayers union no 7 meets every tuesday night in prosperity hall temple t bridge structural and ornamental ironworkers no 377 meets first and third wednesdays in prosperity hall temple carpenters union no 22 meets every friday brotherhood hall building trades temple financial secretary s office temple carpenters union no 34 meets every f riday at their headquarters 457 bryant street carpenters no 304 meets every monday evening 112 valencia street carpenters union no 483 meets monday evenings carpenters halt 112 valencia street carpenters no 1689 hardwood floorlayers meets every friday evening 112 valencia street carpenters no 2164 meets second and fourth fridays friendship hall temple carpet mechanics no 1 of san francisco meets first and third tuesdays in progress hall temple cement finishers union local no 580 meets first and third wednesdays in friendship hall temple cement workers union no 310 meets second and fourth mondays harmony hall temple electrical workers local no 6 meets every wednesday brotherhood hall temple elevator constructors no b meets first and third friday evenings harmony hall temple felt and composition roofers no 40 meets first and third monday evenings liberty hall temple furniture handlers no i meets second and fourth fridays progress hall temple granite cutters meets second and fourth tuesdays progress hall temple heat frost general insulators and asbestoc workers no 16 meets second and fourth tuesdays eureka hall temple hoisting engineers no 59 meets mondays progress hall temple international hod carriers building and common laborers union no 36 meets first and third mondays harmony hall temple journeymen stone cutters meets in building trades temple mantel grate and tile setters helpers no 70 meets second and fourth thursdays liberty hall temple marble finishers and bedrubbers no 9 meets second and fourth fridays in liberty hall temple marble workers no 375 meets second wednesdays in progress hall temple marble masons union no 25 meets first and third wednesdays progress kall temple millmen s union no 42 meets every tuesday evening brotherhood hall temple millwrights union no 766 meets first and third fridays progress hall temple modelers and sculptors meets first and third tuesdays in convention hall temple mosaic and terrazzo workers meets in building trades temple ornamental plasterers no 460 meets second and fourth tuesdays eureka hall temple painters no 1158 meets every friday 112 valencia street painters paperhangers and decorators of america local no 19 meets every monday brotherhood hall temple painters paperhangers and decorators of america local no 658 meets first and third thursdays 1524 powell street plasterers union no 66 meets second and fourth wednesdays in friendship hall building trades temple plumbers no 442 meets first and second fridays in prosperity hall temple sheet metal workers international association local no 104 meets every friday night 224 guerrero street sign scenic and pictorial painters no 510 meets every friday evening liberty hall temple slate and tile roofers no 15 meets second and fourth tuesdays of each month at examiner hall temple sprinkler fitters local no 663 meets second and fourth mondays liberty hall temple steam engineers no 64 meets tuesdays friendship hall temple steam fitters no 509 meets first and third tuesdays liberty hail temple stone cutters meets fourth wednesdays in progress hall temple tile setters no 19 meets first and third fridays eureka hall temple united laborers no i meets every tuesday evening california hah temple united glass workers no 159 meets every friday evening california hall temple upholsterers and trimmers union no 3 meets in california hall polk and turk streets second and fourth wednesday evenings varnishers and polishers union no 134 meets every tuesday evening harmony hall temple san francisco wood carvers union meets second and fourth fridays eureka hall temple wood wire and metal lathers no 65 meets first and third wednesdays 224 guerrero street ,0,0.7462844410980792
by pilgrimthe cooks from all the hotels are still out and standing fast last sunday they joined with the striking waterfront workers in their inarch up market street to the civic center where a mass meeting was held and brother laveno from local 44 was one of the speakers the pig and whistle chain of restaufants have ditched the blue eagle and are operating open shop even the scale of hours and wages set by the nra code appears to be too high for this labor hating corporation but though they cannot pay those who do their work a decent wage it seems that they have no difficulty in paying $5o per day to their efficiency men to walk around and act the slave driver these pig and whistle places are patronized mostly by business men and women who are the people that are yelling the loudest about hard times and poor business yet they cannot see that the workers cannot buy their goods unless they first get the money in their pay envelopes and they are highly indignant when asked to patronize a union restaurant we still have the following houses on our unfair list and we ask our friends to stay away from them natov s van ness and market roosevelt mission at 6th aristo on fillmore bob s place on 4th st all foster s clinton s white log taverns and the ten cent stores look for the union house card in the window of a restaurant before vou ea t if the card is not to be seen pass along till you see one then you can be sure that you spend your money where the workers have decent working conditions and receive a living wage ,0,0.7200112498030757
deaths in labor s ranksjan 21 james p andrews a member of general warehousemen no 860 jan 20 thos j beeson jr a member of musicians local no 6 jan 20 fred j manning a member of shipyard laborers local no 886 jan 21 thos rourke a member of molders local no 164 jan 18 samuel e smith a mem of state riggers local no 3116 jan 22 louis szigethy a member of boiler makers local no 6 jan 22 walter j richardson a member of butchers no 115 and brewery drivers no 227 ,0,0.7378821061795262
san franciscobryant near sth alter office and delivery station owner the union ice company contractor geo e cornell cost $l6oo tehama near third three story frame rooming house owner jos rame contractor gowan cost $b5oo first avenue near i two story frame dwelling owner reilly architect gilligan contractor j johnson cost $2 000 thirty sixth avenue near c twostory frame stable owner f gonnett contractor j caughlin cost $3ooo seventeenth near guerrero threestory frame flats owner mrs alvina c dehay contractor binet cost $5650 mission near 14th three story frame factory owner california lumber milling company architect lyon day s work cost $15 000 twenty second near tennessee alter chimneys owner l taravelier contractor wilhelm cost $4oo twentv fourth near potrero avenue one story frame store owner john h rippe contractor thos f mitchell cost $boo merrill place near pacific tworoom frame residence owner matthew brown contractor crawford cost $450 jefferson and nevada one story frame dwelling owner g volpatti day s work cost $6oo lucy near 22nd avenue one story frame residence owner s ferrera day s work cost $750 vallejo near mason all work except finish hardware shades and chandeliers for two story and basement frame dwelling owner s tarantino architect porporato contractor demartini amp caranza cost $3175 francisco near powell grading lot and placing foundations and floors for three story frame flats owner teresa chichizola architect wm a newman contractor g rossi cost $1550 fremont near mission pile driving for building owner anne breen contractor chas c montague cost $2600 geary near mason all work for five story and basement brick building owner benedict architect righetti amp kuhl contractor caldwell amp company cost $38 450 silver near third all work except mantel shades and gas fixtures for two story frame building owner mrs c ahern architect vv s rhodes contractor harry s doyle cost $3300 twenty third near church all work for two story frame building owner jno t miller architect k mcleod contractor cuneo bros cost $4300 broadway near kearny grading trenches and piers for brick work filling tamping bulkheading and brick work cementing of sills sidewalks and fine lining for three story and basement class c building owners jos donnell architect o brien bros general contractor klenck sub contractor carl wolff cost $6400 treat avenue and 24th all work for three story frame stores and flats owner a krans contractor munster amp company cost $21 600 fourth and market electric work except lamps lighting fixtures and reflectors for mezzanine floor owner wood amp company contractor butte engineering company cost $1750 laurel avenue near buchanan alter and add to dwelling owner david w cronin contractor w bruning cost $l5oo sixteenth between dolores amp guerrero one story frame shed owner standard milk company contractor fred miller cost $l5oo sixteenth between dolores amp guerrero one story frame shed owner standard milk company contractor fred miller cost $l5oo army and san bruno repair tannery owner j sturven contractor wilhelm cost $ll5o sutter near lyon alter dwelling owner p leitz contractor 11 t grieb cost $2500 buena vista between congress and park hill two story frame residence owner matteo sandona contractor antonio pardon cost $4900 harrison near 25th three story frame flats owner thos e burke architect m welsh contractor robt simth cost $5500 fulton near lyon all work repairs and alterations to cottage into flats owner jas reavey contractor j johnson cost $2477 battery near jackson three story brick warehouse owner bothin real estate company architect ettler contractor jas cullen cost $12 000 stockton near filbert all work except mantels shades gas and electric fixtures baccus grates electrical wiring cement and mosaic work for three story and basement frame three flats owner mrs maria and virgilio podesta contractor norio cavaglin cost $4980 pacific near leavenworth all work for composite construction owner j et denis architect john c pelton contractor burke construction company cost $3ooo market and fourth cement floor wrecking old vault and building new vault owner wood contractor scarritt cost $1765 twenty second near douglass onestory frame dwelling owner john nelson day s work cost $looo no 612 buchanan alter flats owner mr curry contractor ferguson amp mccunn cost $525 no 1057 howard alter store andflats owner chas hagemann day s work cost $2200 no 48 jackson rear install delivery chute owner morse amp company day s work cost $lboo no 1273 fourteenth avenue raise and underpin cottage owner mahoney contractor calderwood cost $4oo market near sth alter building owner emma c ferris architect reid bros contractor kern bros cost $5oo no 532 thirtieth one story frame work shop owner otto koch day s work cost $4oo twenty first avenue near clement one story frame residence owner jos spencer day s work cost $l5oo stilliman near madsen one storv frame residence owner john grabdy day s work cost $5oo ellis near larkin all work except plumbing sewering gas fitting etc for four story class c apartments owner james gough architect alfred i coffey contractor louis gilbertson and henry conrad cost $19 132 plumbing sewering gas fitting etc on above contractor stuhr cost $3790 alma avenue and belveredere all work for two story and basement frame flats owner henry roth architect salfield amp kohlberg contractor fred horstmeyer cost $7060 coso avenue near precita avenue alterations and additions to frame building owner jos e becker contractor western building company cost $l2oo twenty fifth avenue near clement all work for five room cottage owner mrs g lewis grunnagle contractor chas e terry cost $2400 kearny and california cast and wrough iron and steel work for sevenstory and basement brick stores and hotel owner and j feigenbaum architect salfield amp kohlberg contractor dyer bros cost $12 800 leavenworth and golden gate metal furring and lathing for ninestory and basement class a building owner young men s christian association architect mcdougall bros contractor lindgren company sub contractor the atlantic fireproofing company cost $b5oo plastering stucco staff and outside cementing on above contractor adamson smith company cost $21 950 grant avenue and sutter steel and concrete work for building owner phoenix realty company architect macdonald amp aplegarth contractor couchot amp thurston cost $40 000 first avenue near lake all work for two story and basement frame building owner pauline coblentz architect stone amp smith contractor barrv construction company cost $5125 bush near laguna all work for alterations and additions for three story frame owner dr bluhm architect salfield amp kohlberg contractor i greitzer cost $5500 lombard near laguna all work for one story and basement frame owner henry h ullner architect tennler amp weismann contractor koster amp sanders cost $1425 golden gate and hyde alter jarage owner leavitt amp co contractor geo nimo cost $4bo grove near cole one story frame cottage owner kelley contractor segurson bros cost $9oo ninth avenue near n one story from residence owner roche day s work cost $6oo montgomery and sutter alter front store owner jacoby amp co contractor s levi woodworking company cost $5oo folsom and second green house owner a schilling amp co architect wieland day s work cost $7oo clay and gough all electrical work for four story and basement brick apartments owner wilson architect meussdorffer general contractor hansbrough bros contractor national electric company cost $l2bo sacramento near polk plumbing sewering and gas fitting for threestory and basement frame building owner benoit hallgarten architect havens amp topeke contractor j looney cost $1495 post near stockton boiler work arid pump work for heating and oil tank plant for store building owner josephine k wilson architect clinton day contractor the john g sutton company cost $l9bo plumbing sewering and gas fitting work on above contractor wm s snook amp son cost $2154 market near 4th changes and additional work on second floor and tower part of commercial building ten story steel frame stone and brick building owner the california academy of sciences architect lewis p hobart contractor atlantic fireproofing company cost $1998 structural steel for sixth story extension on above contractor pacific rolling mill company cost $l5oo market near sth all work for onestor and basement class c brick building owner maurice rosenthal architect chas paff amp co and john bauer contractor andrew nelson cost $22 419 geary near mason roofing and damp proofing for theatre owner columbia theatre company architect bliss amp faville contractor metropolitan roofing amp paving co cost $550 plumbing on above contractor j looney cost $4345 ornamental iron work on above contractor white ornamental iron comoany cost $9065 ,0,0.8301253947103859
herman s hats union made 2396 mission street at twentieththe oyster loaf orlando l stevens amp jack lacey manager krieg president 920 market street and 43 61 eddy street phones douilu 364 bor suttcr 4015 ci srnt 5911 kelleher amp browne the irish tailors are making a specialty of suits to order at $25 to $35 that cannot he duplicated in san francisco for the price union ijors t amp 1 uni made in their own shop weekly wages no piece work kelleher amp browne the irish tailors 716 market street at 3d and kearny open saturday evenings till 10 o clock summerfield amp haines union made clothing underwear collars shirts socks suspenders hats etc agents carhartt and headlight overalls 997 market street corner sixth st the cream of all beers yosemite lager a home product and best on the market guaranteed to conform strictly to the new pure food act brewed by enterprise brewing co d amp any one of a big assortment of neat cheviot or cassimere men s suits $9 75 dark grays browns and mixtures every one quite stylish conservative or brighter styles for young men a good assortment of sizes including stouts very special valuesbuilding paper sheathing deadening felt and ready roofing zellerbach paper co battery st at jackson san franciacc pacific phone douglas 1200 home c 1211 henry b lister lawyer practicing in all courts state amp federal notary public member of local no 69 phone douglas 1415 805 pacific bldg residence phone sunset 1605 phone park 856 reserved seats for alt theatres keystone bar dave stocker proprietor 27 seventh street san francisco grant bldg next to postoffice telephone market 7401 buffet henry von der wettern henry dierks corner market and seventh street patronize home industry straub ® eriksen the atlanta bar cor 7th and mission street union bar and un ton goods,0,0.7931798098704074
european countries facing idlenesswashington unemployment in certain european countries is a grave problem according to the united states bureau of labor statistics the situation in great britain and germany is described as particularly distressing austria also shows an unfavorable condition considering the size of the industrial population data relating to italy indicates a definite unemployed problem favorable reports come from france and belgium an improvement is noted in the scandinavian countries and in the netherlands as compared with last year in great britain and northern ireland there were in september 1928 1 355 011 reported unemployed among those covered by the national unemployment insurance act this is 11 4 per cent of the total so covered this was considerably higher than at the same time in the previous year the august 1928 report from germany showed 574 475 persons in receipt of unemployment benefits as against 403 851 in august 1927 ,0,0.7234882672808494
america demands peacethat the american people not only hate war and want peace hut that they are more determined than ever to prevent this country from being drawn into another foreign war is self evident from recent polls of public opinion released by the press over the country the polls prove conclusively that the majority of voters want this government to pursue policies which will mean peace clear independent and non committal policies which do not go down the road to war the parallel of events now with 1917 has awakened in the people a strong conviction that congress must legislate for stricter neutrality that the war making powers should rest in the hands of congress that the united states must keep hands off other nations wars that except in the case of invasion the people should have the right to vote before a declaration of war voters interviewed in a poll just conducted by the institute of public opinion showed 69 per cent in favor of stricter neutrality laws to keep this country out of war seventy three per cent favor a referendum before war can be declared queried on the question which plan for keeping out of war do you have more faith in having congress pass stricter neutrality laws or leaving the job up to the president the overwhelming majority replied have congress pass stricter neutrality laws congressmen and senators have proven by their passage of the neutrality law three times that they do not want interference by this 1 nation in other people s wars phis was the sentiment expressed in a poll conducted by the philadelphia inquirer on which the leading question asked was if pronouncements of united states and league of nations condemning japan as aggressor in far east war prove ineffectual would you favor or oppose our cooperating with league either in sanctions or active intervention their replies to date have been overwhelmingly ag tinst any measures for cooperative intervention of any nature other polls bear out the sentiment expressed above and all reflect that the american people are united in a firm determination a dedetermination that transcends the president s america hopes for peace america demands peace ,0,0.7132502609499844
railroad labor board is uselesswashington by a vote of 42 to 21 the senate rejected mr howell s proposal that the railroad labor board be abolished the author together with other senators read into the record testimony to prove bias of ben w hooper chairman of the board and the lack of confidence railroad employes have in the board senator howell showed that tlje b isiness of the board has dropped from an average prior to 1924 of over 3100 cases a year down to about 800 cases last year the cases now before the board senator howell said are mostly of a trivial character the railroad labor board ha shown its incapacity declared mr howell it is neither meeting with the approval of the public nor with the approval of many of the managements of the railroads nor with the approval of the employes themselves however because the managements of the railroads prefer to have it as it is not because it accomplishes its purposes but to have it as it is because they can flout its decisions they stand back and say that there shall be no legislation to meet the situation tha confronts the country senator pittman said there are few senators who know anything about the llowell barkley bill this proposed act is intended to supplant the railroad labor board it has been subjected to a hurricane of abuse by railroad managers and the public press senator howell declared that ever attempt to induce the railroad managers to meet and discuss the llowell barkley bill has failed although the senate interstate commerce committee voted 11 to 3 to make a favorable report on this proposed legislation after quoting from numerous speeches bj chairman hooper in which he attacked railroad employes ant their trade union officials senator shipstead asked does the senator from maryland mr bruce believe that a member of a labor board showing these prejudices and biases is a fit member for instance to sit upon a board and carry out the provisions and the spirit of the section of the transportation act providing for the establishment of a labor board ,0,0.7231305199712326
popular control is best systemwilliamstown mass representative democracy with all its faults is superior to experiments in dictatorships now being tried in russia italy jugo slavia and turkey said prof c delise burns of glasgow scotland university in an address to the institute of politics the chief asset of democracy is not the commonly cited benefit that each citizen has the right to make his wants known and felt by his vote but the opportunity that democratic forms of govern ment gives to every citizen to contribute his share toward the social and political welfare of the nation said prof burns this the speaker pointed out is in direct contrast to the idea of lenin and mussolini that the people as a whole neither know what is good for them nor can contribute materially to the achievement of their own good but must be subjected to the dictatorship of the expert the speaker questioned just how successful from a practical standpoint the fascist rule in italy and the communist regime in russia actually were a id concluded that in the long run such gov ernments could not be successful since the experts were selected lon the basis of their own opinion of themselves a very dangerous method of choice where a small group controls the government of large numjbers without reference to the choice or desires of those large numbers even if the control is intended for their good there is a dictatorship said prof burns ,0,0.825285450868894
they re war savings bonds nowit s war bonds for offense that s the decision of the treasury department and defense savings bonds are now being called war savings bonds defense bonds were for preparedness war bonds are for victory i he change to war bonds came on the twenty fifth anniversary of the entrance of the united states into the world war and symbolizes the nation s all out effort on the battlefronts and production lines to wipe out the fascist menace labor unions which have embarked on extensive defense bond campaigns throughout the nation many of them in cooperation with employers are now planning to swing their efforts behnd the war savings bond drive hundreds of thousands of defense savings bonds and stamps are still available and in order to conserve paper they will be used up while the new savings bonds and stamps are being prepared thus it may be a few weeks or months before the new bonds are actually available ,0,0.8047935377629343
by press associates incno fault auto insurance may have a far brighter future in the 94th congress than last year the hart magnuson no fault bill was approved by the senate 53 42 last spring after lengthy debate the nixon administration had opposed it with all the clout it could muster the problem developed in the house interstate amp foreign commerce subcommittee on commerce and finance under chairman john moss d calif hearings on the bill were completed in july but the panel was unable to assemble a quorum to mark it up and report it to the full committee and there it died this year no fault legislation falls under the jurisdictpon of the new consumer protection and finance subcommittee headed by rep lionel van deerlin dcalif who gives the bill primary importance and tentatively plans to hold hearings soon the senate commerce committee is moving ahead on a measure that is almost identical to the one it approved last year its consumer subcommittee under the chairmanship of sen frank e moss d utah has held four days of hearings a new and interesting ingredient was served up at the hearing by transportation sec william t coleman jr he told the senate panel that the ford administration like the nixon administration was opposed to the federal no fault legislation coleman told the committee that after reviewing the issue the administration had decided that it would continue its policy that the change should take place at the state level where useful instructive experimentation with different types of no fault systems could be undertaken the state approach coleman himself admitted has been pretty much a flop only 16 states have adopted some form of no fault insurance and in only one state michigan does the law meet the federal standards proposed the secretary said that many including this department may once have anticipated that the pace of the slate reform would have produced more extensive and more substantial results by this time than it has moss who is the chief sponsor of the senate bill as well as chairman of the subcommittee couldn t accept such a facile explanation the power of trial lawyers to influence state legislatures is so strong he told coleman that you are never going to get the states to move in the absence of federal standards moss was particularly interested in how the ford administration reached its decision he suggested that coleman and carla anderson hills secretary of the dept of housing and urban development had urged the president to support the bill while atty gen edward h levi was opposed coleman did not deny that he was among the bill s supporters and thought it was constitutional and would benefit consumers however coleman refused to develop his own views or to reveal positions taken in the internal white house discussions federal no fault legislation has the solid endorsement of consumer groups including the consumer federation of america numerous insurance companies and underwriters hie major opposition is still offered by lawyers and the americaan trial lawyers association the very group that stands to profit from lengthy judicial processes a study a few years ago by the dept of transportation showed that more than 20 percent of the fees of the legal profession in this country are derived from auto negligence cases over 90 percent of alta members make part of their living from automobile claims and related legal actions the proposed federal legislation provides that victims of auto accidents would receive compensation from their own insurance companies regardless of who is at fault the bill is designed to cut down on couit costs and attorneys fees and result in overall insurance savings,0,0.798164124479045
cut the red tape buildcalifornia working men want work not a dole and the voters of california by indorsing the veterans welfare bond act showed that they were willing to put unemployed men to work that bond issue act provides for twenty millions of dollars to be used by the veterans welfare board in assisting california war veterans to acquire farms or homes all red tape should be cut with all possible speed and even with all impossible speedthat money should be made available at the rate of a million a month and the first million should be made available right away officials should not permit themselves to think that it is impossible to get this money mobilized officials should cut whatever red tape may be wrapped around that money so that those twenty millions can be put to work without any heart breaking delay put those millions to work so that thousands of men may be put to work the building of the homes for veterans is a big job that will do a great deal to relieve the unemployment situation in many instances unemployed veterans will get work as a result of this measure state officials will thus help veterans to help themselves in two ways as well as in the one way provided for in the act that has just been adoptedamerican labor spurns the dole and is not appealing for charity what the wage earner in this country asks and what he has a right to ask is an opportunity to return to work and earn his own living and that of those dependent upon him it is the duty of every american to help make an opportunity for american labor to maintain its dignity and selfrespect by getting back to work just as soon as the joint effort of government and business can restore confidence and revive that normal prosperity which the spiritual and material resources of the american people entitle them to enjoy examiner ,0,0.7835058423604349
penonqnonananc^^ pacific sermce light heat power 1 pacific gas amp electric co san francisco district 445 sutter street san francisco fithe berger manufacturing co sheet metal products 1120 26 mission street san francisco phone market 2728 milwaukee brewery of san francisco golden state beer 468 480 tenth st a support the state that supports you first in style first in quality buy and wear the home industry hat made by union hands and sold in four lundström stores by union clerks hats v the standard for thirty years ilm stores 1126 market 26 third 2640 mission 605 kearny rol kin a sharp proprietors anderson manager hotel atlanta satkb 75c per day and up special rates by week or month thephon market 42s privata exchanga connecting all rooms seventh at mission street oppoaite posteffice ban francisco ljljjulijljumdmnmdntttnti nuimirnmin lj support hqme labor wieland s the home beer brewery s own bottling in your home illllllilllu the james h barry co the star press printers and publishers 1122 1124 mission street phones park 6380 6381 san francisco oregon cassimere suits for men and young men $lo oo worthy suits in a fabric the good worth of which has long been recognized made of the best oregon wool and it positively contains no shoddy or cotton there is a choice of several weights in many mixtures and combinations and the styles include the most up to date and conservative models winter overcoats now at $lo we don t claim them to be the best overcoats in san francisco but we do say that they re better than many at more than this price we feature the popular balmacaans with or without velvet collars belted overcoats and others in soft but warm winter fabrics free hats tr ivied qi sts jones market bargain s tore the ask for s amp h green stamps,0,0.7809846367268523
benedetti floral co 100 uniön john h gilmour mgr flowers for all occasions rteoilock i 3323 1 3322 2364 sixteenth st b low miifiion open evenings and sundaysconstruction rises 17 march construction activity increased it per cent to $ billion and construction contractors added 94 000 workers to their pay rolls according to preliminary estimates of the bureau of labor statistics department of labor compared to march 1947 expenditures were up $262 million or 32 per cent and 126 inore workers were on the pay roll ,0,0.7981340767582159
his version what did the puritans come to this country for asked a massachusetts teacher of a class in american history to worship in their own way and make other people do the same was the reply ,0,0.6235184212423972
attend alameda county cw mcsorley general president of the wood wire and metal lathers international union bowen first vice president of the state building trades council of california and john bell business agent of the lathers union of san francisco visited the alameda county building trades council last tuesday evening and addressed that body on matters pertaining to the lathers craft they were well received by the transbay unionists and were assured that the council will extend every assistance in maintaining the organization of which brother mcsorley is the executive head as one of ac strongest unijps in the bay counties,0,0.7915344772231476
building trades directorystate building trades council headquarters general president and general secretary treasurer 810 merchants national bank building phone douglas 2140 building trades council headquarters building trades temple phone market 1806 1807 meets every thursday evening brotherhood hall building trades temple guerrero and fourteenth streets executive board of building trades council meets every tuesday evening unity hall building trades temple bay counties district council of carpenters meets every wednesday evening harmony hall building trades temple district council of painters meets every wednesday liberty hall building trades temple building material teamsters no 216 meets every wednesday evening in california hall building trades temple bricklayers union no 7 meets every tuesday night in prosperity hall building trades temple executive board of bridge structural and ornamental iron workers no 377meets every tuesday evening between 8 and 10 o clock in building trades temple bridge structural and ornamental ironworkers no 377 meets first and third wednesdays in prosperity hall building trades temple carpenters union no 22 meets every friday brotherhood hall building trades temple financial secretary s office building trades temple carpenters union no 34 meets every friday at their headquarters 457 bryant street carpenters no 304 meets every monday evening 112 valencia street carpenters union no 483 meets monday evenings carpenters hall 112 valencia street carpenters no 1689 hardwood floorlayers meets every friday evening 112 valencia streetcarpenters no 2164 meets second and fourth fridays friendship hall building trades temple carpet mechanics no 1 of san francisco meets first and third tuesday in progress hall building trades temple cement finishers union local no 580 meets first and third wednesdays in friendship hall building trades temple cement workers union no 310 meets second and fourth mondays harmony hall building trades temple electrical workers local no 6 meets every wednesday brotherhood hall building trades temple elevator constructors no b meets first and third friday evenings harmony hall building trades temple felt and composition roofers no 40 meets first and third monday evenings liberty hall building trades temple furniture handlers no i meets second and fourth fridays progress hall building trades temple granite cutters meets fourth thursday of month in eureka hall building trades temple heat frost general insulators and asbestos workers no 16 meets second and fourth tuesdays eureka hall building trades temple hoisting engineers no 59 meets mondays progress hall building trades temple international hod carriers building and common laborers union no 36meets first and third mondays harmony hall building trades temple journeymen stone cutters meets in building trades temple mantel grate and tile setters helpers no 70 meets second and fourth thursdays liberty hall building trades templemarble finishers and bedrubbers no 9 meets second and fourth fridays in liberty hall building trades temple marble workers no 375 meets second wednesdays in progress hall building trades temple marble masons union no 25 meets first and third wednesdays progresa hall building trades temple millmen s union no 42 meets every tuesday evening brotherhood hall building trades temple millwright s union no 766 meets first and third fridays progress hall building trades temple modelers and sculptors meets first and third tuesdays in convention hall building trades temple mosaic and terrazzo workers meets in building trades temple municipal cribbers union no 534 meets second and fourth fridays harmony hall building trades temple ornamental plasterers no 460 meets second and fourth tuesdays eureka hall building trades temple painters no 1158 meets every friday 112 valencia street painters paperhangers and decorators of america local no 19 meets every monday brotherhood hall building trades temple painters paperhangers and decorators of america local no 658 meets first and third thursdays 1524 powell street plasterers union no 66 meets second and fourth wednesdays in friendship hall building trades temple plumbers no 442 meets every friday evening in prosperity hall building trades temple sheet metal workers international association local no 104 meets second and fourth fridays 224 guerrero street sign scenic and pictorial painters no 510 meets every friday evening liberty hall building trades temple slate and tile roofers no 15 meets second and fourth tuesdays of each month at examiner hall building trades temple sprinkler fitters local no 663 meets second and fourth mondays liberty hall building trades temple steam engineers no 64 meets first and third tuesdays friendship hall building trades temple steam fitters no 509 meets first and third tuesdays liberty hall building trades temple steam shovel and dredgemen s union no 45 meets first saturday of month at 150 hanford building 268 market street stone cutters meets fourth wednesdays in progress hall building trade temple tile setters no 19 meets first and third fridays eureka hall building trades temple united laborers no i meets every tuesday evening california hall building trades temple united glass workers no 159 meets every friday evening california hall building trades temple upholsterers and trimmers union no 3 meets in california hall polk and turk streets second and fourth wednesday evenings varnishers and polishers union no 134 meets every tuesday evening harmony hall building trades temple san francisco wood carvers union meets second and fourth fridays eureka hall building trades temple wood wire and metal lathers no 65 meets first and third wednesdays 224 guerrero street  union made but does not bear a label is a stock phrase which should ignore demand the union label we,0,0.769190496984981
by professor leon j richardson university of californiawhat we know is but a hillock beside the mountain of what we do not yet know man s progress socially and politically to cite something known does not come about without striving to live is to change people advance or recede for there are no stable conditions each tribe or nation has in its time roved from one place to another found a region that become for it homeland built relations with neighbors and by long effort worked toward its destiny similarly the individual mind once it refuses to set bounds to knowledge mounts from one experience to another from one problem to another seeking steadily to find out more about the world in which man s lot is cast and to gain a better grasp of what life is is for and is to be men and women finish their schooling at a definite time but are never graduated from the school of experience therein as in their early years they may make good or poor use of opportunities many individuals include within an active life some form of study not content to be largely under the sway of chance they build their lives out of what they do and observe and read so they enhance efficiency and happiness from planned activities of this kind arises the adult education movement it is no new thing look through the records of history and note the long continued growth of the socalled great men and women even as a popular movement it is more than a century old if you wish to join the great guild there is happily no examination to pass welcome are all who desire to keep on learning three things you should do to be a member in good standing first cast about and develop an interest then lay a good foundation for it that is get a suitable background get the tools you will need a particular branch of mathematics maybe or a reading knowledge of german finally keep on pursuing the subject optimistically to live in the temper and spirit of a learner open minded unwarped in judgment free as far as light permits from delusions eager to explore and inquire quick to give up a confuted idea and so gain a higher outlook striving steadily to improve and to grow these are watchwords of adult education ,0,0.7817632156796657
fair play for nobody s childfair play for the child bom out of wedlock is urged by ernest freund professor of jurisprudence and public law of the university of chicago law school in the excerpt and analysis of a report on illegitimacy laws recently issued by the children s bureau of the united states department of labor the innocent child of unmarried parents is frequently condemned not only by social sentiment but by the law of the land while the stigma of illegitimacy can be lifted only through radical changes in public opinion everything within legislative power should be done as professor freund points out to alleviate its hardships the english common law which regards the child born out of wedlock as the child of no one still prevails in some parts of the united states and deprives the child not only of a name but of the substantial rights of inheritance and support advanced legislation in some states has in recent years altered the common law by provisions more favorable to the child but the need for uniform legislation designed to protect rather than punish is evident legislation bearing on the father s obligations has been particularly backward in one state laws enacted as far back as 1793 have remained practically unaltered and these in turn are modeled on the english bastardy law of 1575 six states and alaska still have no provision whatever for compelling the support of a child by its natural father where provision is made it is in many cases entirely inadequate for when the payments are not too low the period of support is too brief extending sometimes only to the tenth or eleventh year legislation the report suggests should consider child labor policies by providing for support by the father up to the age when the child may legally go to work in many cases no financial provision is made by law for the care of the child at birth and during early infancy the high infant mortality rate among children born out of wedlock bears witness to the need for such provision a comprehensive scheme of reform in legislation affecting the child born out of wedlock should according to professor freund consider the creation of an official guardianship in order to do full justice to the varying and developing circumstances of each case and to standardize the legal duties of fathers toward the offspring he recognizes however the limitations of the law and estimates that a change in social conditions and social concepts is fundamental to success in making conditions surrounding children born out of wedlock approximate those enjoyed by children of more fortunate birth,0,0.6317919093125122
new use of papergermany manufactures annually 425 000 tons of paper england 260 000 tons france 190 000 tons austria 155 000 tons and italy 120 000 tons rut the united states makes and uses more paper than all europe the annual production amounting to 1 330 xx tons a french journal mentions the following novel uses of paper in america roofs of paper and compressed wood pulp have proven successful a chicago firm makes paper garments which are so light flexible and convenient that they are largely used in hospitals the paper is made of the bark of the paper mulberry tree and is tub sized and finely craped several sheets are superposed and sewn together the garments have narrowwoolen bindings buttons buttonholes and other fastenings paper cigars are made by steeping paper pulp for ten days in a decoction of cigar clippings passing it between cylindersand rolling the sheets into the form of a cigar paper bottles and grain bags are made in philadelphia a recent invention is the paper horseshoe which according to the inventor is more durable as well as lighter than the iron shoe and eliminates all danger of injury to the hoof as it is attached not by nails but by cement two german engineers have invented a sort of reinforced paper composed of paper pulp canvas linen and raw silk reinforced with steel wire the new material is light waterproof fireproof and suitable for the construction of vessels including warships automobiles and other vehicles for railways street pavements and many other usescentral trust company of california corner market and sansome streets branches 3039 16th street 624 van ness ave capital $1 000 000 surplus $500 000 accounts of individuals firms corporations and societies solicited interest paid on savings accounts at the rate of 4 per annum drafts and letters of credit issued payable in all parts of the world choi f leege frederick tognsuexi president chas c moore manager gavin mcnab vice presidents s reliable cloth es for men and boys 733 to 737 market st between third and fourth streets metropolis trust amp savingsßank market and new montgomery sts paid up capital and surplus 870 000 i depository of state and san francisco building trades councils i the safe deposit vault ef this bank are the finest in the west equipped with locks which afford absolute privacy and security to the renter ,0,0.8153261374153956
benefits paid in twenty one years and two monthsyear strike sick benefit benefit 1879 $ 3 668 23 1880 4 950 36 1881 21 797 68 $ 3 987 73 1882 44 850 41 17 145 29 1883 27 812 13 22 250 56 1884 143 547 36 31 551 50 1885 61 087 28 29 379 89 1886 54 402 61 42 225 59 1887 13 871 62 63 900 88 1888 45 303 62 58 824 19 1889 5 202 52 59 519 94 1890 18 414 27 64 660 47 1891 33 531 78 87 472 97 1892 37 477 60 89 906 30 1893 18 228 15 104 391 831 1894 44 966 76 106 758 37 1895 44 039 06 112 567 06 1896 27 446 46 109 205 62 1897 12 175 09 112 774 63 1898 25 118 59 111 283 60 1899 12 331 63 107 785 07 1900 137 823 23 117 455 84 total $838 046 44 $1 453 050 33 r year death travel g out of benefit benefit benefit 1579 1880 $ 2 808 15 1881 $ 75 00 12 747 09 1882 1 674 25 20 386 64 1883 2 090 00 37 135 20 1884 3 920 00 39 632 08 1885 4 214 00 26 683 54 1886 4 820 00 31 835 71 1887 8 850 00 49 281 04 1888 21 319 75 42 894 75 1889 19 175 50 43 540 44 1890 26 043 00 37 914 72 $22 760 50 1891 38 068 35 53 535 73 21 223 50 1892 44 701 97 47 732 47 17 460 75 1593 49 458 33 60 475 11 89 402 75 1894 62 158 77 42 155 17 174 517 25 1895 66 725 98 41 657 16 166 377 25 1896 78 768 09 33 076 22 175 767 25 1897 69 186 67 29 067 04 117 471 40 1898 94 939 83 25 237 43 70 197 70 1899 98 993 83 24 234 33 38 037 00 1900 98 291 00 33 238 13 23 897 00 total $794 074 32 $735 267 15 $917 112 35 total benefits paid in 1900 $ 410 705 20 grand total of benefits paid 4 737 550 59 the foregoing shows the amounts paid out for benefits of all kinds and gives a clear idea of just what it costs the international union to maintain its chain of benefits germany keeps 500 000 young men idle earning nothing producing nothing consuming much in her army the cost is not what it would be in this country because the men are paid nothing but the earning capacity of half a million men even at the rate of wages paid in germany is very large when the productive capacity of any country is robbed of so much and the country has to provide for so many idle men there is something for the taxpaying laborer to think about still the german laborers as a class appear to be contented until they get to thinking when they go and do something else milwaukee free press  gt aaaaaaa v lt sa gt aaaaaaaaaaaaa ivw i capital stock $loo ooo 00 incorporated under the laws of delaware i might makes right till right is ready rot once you have a contract with the american workingman s protective association right is always ready what the employer s liability companies does for the employer we do for the employee we fight your claims from the lowest to the highest courts with the best legal talent money will buy it costs less than a cent a day for this protection nothing more can you afford to be without it for full information write th american workingman s protective association incorporated 66 buhl block detroit michigan the names of the company s officers guarantee its standing and safeguard its integrity hamilton carhartt president manufacturer of the carhartt overall henry c barter vice president genl secy treas international longshoremen s ass n sidney a witherbee treasurer geo g prentis secretary agents wanted everywhere vwwvwvwwws s^^yvvvwvwwvwv vwwwwww v aa aaa aaaa aa aaa lt £ txj a rai ifir tier 1the united states fidelity amp guaranty company baltimore mo total cash resources over $2 500 000 00 fidelity bonds court bonds contract bonds bonds of public officials officers of labor and fraternal societies state office 216 sansome street san francisco cal john h robertson paul m nippert managers telephone no main 1101 this is the place you are looking for bon bros corner sixth and missionwe give trading stamps what is more useful for a lady thun a nice felt juliette they are the most comfor able house shoe made we have a complete assortment and the very latest effsws styles with braided fronts like above cut our price is but one dollar a pair one dollar ninetyfive cents the swell style of the or ladies is a patent leather oxford tie with high french heel we have them in ail sizes and widths at 11 95 a pair they ore handsome and wear as well as any $3 50 oxford made 60c men s velvet embroidered slippers with patent leather trimmings sizes sto 11 our price only 00c a pair we give trading stamps 9 i good shoes 20$ 2io sixth st largest store south of marketwhy not wear ho w avtmomtv o it costs you no more than the sweat shop stuff and it is far better made jl to say nothing of being f cleaner we carry union made suits $lo oo $12 50 $15 00 $20 00 and $25 00 no other store in san eran cisco can offer you the same variety of styles and prices in union made clothing 811 market st opp stockton a strict union house the posthorn saloon best brands of wines liquors and cigars excellent steam and lager on draught 24 seventh street opposite new post office san francisco ernest a koenig proprietor r time is always money f it is particularly so in the building business if you want to keep posted the larsen mgr will give you red hot pointers every day you do the rest 1508 market st phone south 781r everything good to eat to cook with to wear money saved when you buy from us if you want some real bargains let us send you our catalogue and you can select for yourself large orders or small orders receive prompt attention we have always treated you well in past years and will continue to do so send us your orders smiths cash store 25 market st phone main 1340 san francisco call and see us when in town leave your packages at our store make it your headquarters l ida stm 50 years experience patents i rape iyiarrs designs copyrights ac anyone sending a sketch and description may quickly ascertain our opinion free whether an invention is probably patentable comrnnnleat ions strict ly confidential 1 lundbook on patents sent free oldest agency for securing patents patents taken through munn amp co receive special notice without charge iu the scientific american a handsomely illustrated weekly largest circulation of any scientific journal terms year four months $l sold by all newsdealers munn amp co 36lbroadway pjew yoffc branch office t 25 f st washington no maude dear the man who foots his bills at his club doesn t necessarily have a club foot philadelphia record the fellow who has to pay alimony ought to be glad he didn t live in the days of solomon philadelphia record8,0,0.7702674565412793
widows children to receive federal insurance payments eligible family groups will file claims with local office at 785 market streetthe widow and children of any worker in san francisco whose death occurred after last december 31 are entitled to monthly insurance payments from the federal government if the deceased father had had sufficient employment at jobs covered by the federal social security act with minimum earnings required by the law these payments are made regardless of the age at which the father s death occurred according to john a stellern san francisco manager of the social security board located at 302 humboldt bank building 785 market street these payments to the surviving widow and children are a new feature of the law which became effective last january 1 stellern said and several families now eligible for such benefits may not be familiar with their rights the following requirements must be met to qualify for these monthly payments 1 the worker must have died after december 31 2 the widow must have in her care a child or adopted child of the worker that is less than age sixteen or under eighteen if in school and 3 the worker must have been employed at jobs covered by the social security act in at least six calendar quarters since january 1 1937 with earnings of at least $5o in each of those quarters from such employment these federal insurance payments stellern explained should not be confused with the state law in behalf of needy dependent children federal payments are made as a matter of right and not based upon need and can be paid only if the deceased worker s employment record shows that he has met the requirements of the social security act workers in jobs covered by the federal law have a social security account card they contribute one per cent of their wages or salaries and the employer pays an equal amount a free pamphlet entitled 100 questions and answers on social security may be obtained by writing the social security board 785 market street san francisco or telephoning douglas 4894 the community chest out patient clinic building on the grounds of st luke s hospital at twenty seventh and valencia streets has a long history it was once a vinegar factory then a molasses factory and later the library of hubert plowe bancroft california t noted historian today 1 650 men women and children make free or partpay visits each month to the clinic for medical care provided by the community chest ,0,0.7851370861276469
dale goes to bakersfieldfrom bakersfield comes the good news that joshua b dale general organizer for the merican federation of labor has been ordered to that city where he will conduct an intensive campaign of organization in conjunction with the labor council and the building trades council of bakersfield ,0,0.6723018383358825
united brotherhood of carpenters and joiners of america local union no 22 of l telephone 431 7835james o sullivan financial sacralary ana business representative jim mcpartlan treasurer and business representative meets ist tuesday of the month at 8 00 55 fillmore street san francisco california 94117 3599 i am very disappointed with the results of the election and i know many of you are also when this republican administration came to power claiming a mandate for the crackpot economics theories of the radical right we were virtually alone in warning that ronald reagan s policies would bring great injury to millions of working americans and their families we said ronald reagan would deal with inflation by throwing people out of work he promised he would not we said ronald reagan s tax policies would benefit the rich he said they would not he gave his friends a $750 billion tax cut handout from the public till at the expense of the average american and the nation s future we said ronald reagan s tax giveaways combined with huge and mindless increases in defense spending were the most reckless and irresponsible fiscal acts in our history he promised they would lead to a balanced budget by 1984 he gave us the largest federal deficit in history he has mortgaged our children s future instead of paying higher taxes for the betterment of our country we pay them to private bunkers in the form of the highest real interest rate in our history those are the most cruel and regressive taxes of all we said ronald reagan s free trade policies would export american jobs and erode the nation s industrial base he promised that the invisible hand of the international free market would set things right he gave us a trade deficit that is now running at $l2o billion for this year alone that is a measure of the jobs hopes and opportunities that are being drained from this country in a growing flood year by year we said ronald reagan s policies would hurt the weakest and the poorest of our people he promised not to shred the safety net under the truly needy surely he loves the truly needy he had made so many more of them we said ronald reagan represently the for right of the republican party and would seek to undermine and weaken the trade union movement with an air of injured innocence he said who me a former president of the screen actors guild he gave us a national labor relations board stacked with pedigreed union busters a labor department dedicated to the dismantling of davisbacon osha and other workers protection and a cruel vidictive campaign to destroy a small union of air traffic controllers and blackball its members he did this in his first term imagine what he will do in his second unrestrained by another election what will the nlrb look like in his second termnot enough people listened to us on his first election it seemed not enough people listened to us on his second election will we ever learn this reminds me of the phrase fool me once shame on you fool me twice shame on me ,0,0.8766021792831968
the army s healthduring the mexican ar the annual death rate from disease among our troops was 100 men out of every thousand during our civil ar the rate was as high as 00 out of every thousand during our spanish american war it was 25 out of every thousand now the surgeon general s office reports that among our troops at home and abroad the annual death rate from disease fluctuates from less than 2 per thousand to slightly more than 3 per thousand this is an incredible record the best of all previous performances was in the russian japanese war when the annual death rate from disease among the japanese troops was 20 per thousand our present rate is about one tenth of that the annual death rate from disease among american men of military age in civil life is 6 7 per thousand our army rate is about one third of that and the miracle has been achieved not by any one medical discovery or precaution but by a campaign of administrative vigilance that has used every means to protect and promote and assure the health of millions of men at the outbreak of the war the most skillful physicians in america were drawn iyto service the camps and cantonments were located by sanitary experts the plans for the buildings were reviewed by civil medical boards after these plans had been passed bv the army authorities neither local influence nor political pull was given any consideration in placing the camps or in building them a system of thorough inoculation against typhoid malaria and the so called water diseases completely eliminated those infections that caused 85 per cent of all the deaths from disease during our spanish american war a similar campaign of prevention and of education was similarly successful against venereal diseases when the recruits were first gathered together in the camps the annual hospital admission rate for venereal disease s was as high as 400 out of every thousand men now among our expeditionary forces in france that rate is as low as 44 per thousand men among the recruits last winter measles became epidemic followed by pneumonia and empyema effective preventive measures have now been established against the spread of measles and the medical department has ascertained the cause of empyema and found a successful method of treatment at fort riley kansas there were 85 cases of empyema under treatment from october 20 to january 29 and of these 52 died from january 29 to april 30 there were 69 cases treated by the newly discovered method and only six died that is to say the most serious epidemic disease which the army had to combat last winter has now been overcome and the danger of another such epidemic has been averted ,0,0.7001254513281472
leather workers in linechicago the organizing campaign of the united leather workers international union is already bringing results the machinery belt workers union has rejoined the international after a six year absence ,0,0.840702070505833
reguin issues statementernest l reguin president of the shop federation issues the following statement owing to the misapprehension of the general public regarding the system federation it becomes necessary to give the actual facts in the case the prime reason for forming our federation was the formation by the general managers association of a federation along the same lines some months ago sixtv seven general managers met in chicago and formed what is known as the railroad managers association one of its prime objects being to combat therefore it became absolutely necessary that the various organizations employed on railroads combine for self preservation knowing as we do from past experience that the individual crafts could not resist the onslaught of a powerful combination of this kind while it may appear that some of our demands are unreasonable to the average man we take this opportunity to mention the only demands that are made on the company viz a shorter workday a small increase of pay and the right to have representatives upon the hospital board all of the other demands are only concessions restated which we enjoy at the present time and which we gained through craft organization in regard to the shorter workday men who have taken an active part in and those who have made a study of the economic condition of the country know that it is absolutely necessary to reduce the number of hours worked by any individual so that all men who live through their physical exertions may be granted an opportunity to work a small increase asked for will virtually make but little difference in the company s payrolls with data at hand gathered from railroads which have granted the shorter workday it can be easily proven that the companies have gained more by this concession than the difference in their running expense regarding our desire for representatives upon the hospital board we believe we are not asking for anything unreasonable as we know full well that it is unjust to tax people without permitting them the opportunity of saying how this money should be expended one of the prime causes of our revolutionary war was taxation without representation while the officials of the company contend that the amount paid bv its employees is not sufficient to pay the running expenses we are in doubt as to the correctness of the tatement and if the amount paid is not sufficient we are willing to assess ourselves in a larger amount we do not want charityfrom any source all we demand is justice if this is unreasonable let the public be the judge a great deal has been said regarding the closed shop have not asked the company to close their doors to any man either union or non union the only thing we ask is that men who are employed be permitted to join our various organizations which we believe is right and fair as through the efforts of our organizations conditions on railroads are being made bearable wherever the strike is in progress the men are standing firm for their rights there can be no disguising the fact that the various railroads have been seriously crippled as is amply attested by their inability to maintain train schedules a glance at the southern pacific s blackboard at the ferry depot any day will show that practically every inbound train is from two to five hours late this tells the story the engines and other rolling stock are fast getting in such condition that soon something must be done as the strikers have no intention of surrendering the only thing that can be done is this the managers of the roads must accord the men the same rights they claim for themselves they claim the right to federate they must not object to the men doing likewise then all will be well ,0,0.7718555436872305
union directorybuilding trades council of san francisco meet every thursday evening at hall 121 eddy st executive board meets every tuesday evening at 1133 mission st san francisco labor council meets at pioneer hall every friday evening headquarters 927 market room 201 district council of carpenters and joiners meets at 1133 mission street every wednesday evening district council of fainters meets at 20 eddy street every wednesday evening allied printing trades council meets at 533 kearny street 2nd and 4th fridays of the month iron trades council meets at 1133 mission street every sunday at 10 retail trades council meets at no 102 o farrell street every other tuesday,0,0.804005451190305
herman s hats union m adf 2396 mission street at twentieth l ini 1 ii ii ii ii ii ii 1don t sell your liberty bonds we loan their face value repayable one dollar a week for each fifty dollars borrowed loans ate made for a period of fifty weeks your coupons are credited to your account the morris plan company of san francisco 80 new montgomery street phone sutter 1916 the james h barry co the star press printers and publishers 1122 1124 mission street phones park 6380 6 si san francisco t where to go fishing or shooting mr fostei for thirty years mr foster has been giving information about travel he will be glad to aid you ask mr foster to help you find the camp for your boy or girl next summer now is the time to make inquiry mr foster can tell you of a ranch in new mexico where your boy can get heattv and strong next summer and learn a lot of things a boy likes to know no charge whatsoever ask mr foster about florida routes rates and hotels ask mr foster for information about california hotels camps ranches routes rates schools in fact you ll find information about all details of travel lists of summer and winter camps and western ranches r ailable at the travel office which is situated in the rea of the second floor no charge for this service y gt u pay too much when you pay too little 1 to buy anything today at the price you paid for it even a half year ago is practically impossible it can t be done you know it the best way to economize in overall buying is to bu v overalls that wear well and last longer buy the ones you have always depended on for comfort service and value in other words it is always good economy to buy boss of the road overalls a neustadter product look for the bull dog on the label it is your protection never has this trade mark meant so much to you as it does today buy them from your local dealer neustadter bros san francisco portland of the im union made overallsnewman s can t be beat for low prices and easy credit terms five floors of the newest nd most up to date carpets rugs linoleum draperies bedding stoves kitchenware trunks pianos victrolas compute nome njpnbhfps corner 17th and mission streets demand the union label2,0,0.7965126480323923
emotion hides communist trickery of l statementtrade unionism and communism are as opposite as the poles the claim that the two movements have the same purpose but differ as to methods is the statement of a trickster or an ignoramus organized workers are not interested in the next century they would improve the world in their time and depend upon future generations to do likewise that is why they struggle for higher wages shorter hours sanitary shops compensation for injury death and occupational diseases more and freer education oppose child labor demand protection of life and limb and support every other social advance the simon pure communist secretly sneers at these activities he publicly professes faith in them hut this is lip service it is a progressive pose until he dare reveal his purpose the objective of the simon pure communist is revolution not only industrial but an upheaval of morals ethics and every other right relation between men the communist has a revolutionary ideology he insists that present day ethics and morality are bushwah inventions intended to hold the workers in subjection the simon pure communist covers his tracks he plays on the emotion and sentiment of unthinking workers who are fed diluted revolution under the guise of liberalism as these borers from within establish themselves in the unions they gradually throw off their pretense organized workers should not be swayed by sentimental pleas of communists pin them down to their avowed principle that society must be overturned and that workers must be imbued with the drillsergeant ideal let organized workers show that communists the group that pull the wires behind the scenes are not interested in the evolutionary day by day gains characterize the trade union movement that their boring from within is to have the unions serve as a kindergarten to drill workers who will obey proletarian dictators when the revolution is ordered if trade unionists hold to principle they will discover that many self styled communists have not the slightest notion of the red objective and that they have been swept into the communist group by emotional appeals trade union philosophy is the one effective answer to communists organized workers should attack their foes along this line instead of acting on the defensive or being sidetracked by past masters in word wizardry and emotion ,0,0.820916141990111
tagging fishesi the united states fish commission has contracted the small boys habit of tagging fishes metal tags are i fastened to marine fishes which arc let loose in the ocean with the idea of identifying them in case they are caught at any future time the tag j which is light and of copper is sej curely fastened by a wire passed through a fin near its junction with the body no two tages are alike each having its own markings fifteen j hundred cod were thus duly tagged j and released last spring on the new england coast the object of the tagj ging is to ascertain the rate at which a cod grows the frequency of its spawning and the extent of its travels in the ocean the same experiment jis being tried this year with young salmon artificially hatched for the rivers of the pacific coast the fishes are fingerlings about three inches long in this way it is expected that the age at which the salmon comes from the sea to spawn will be ascertained also the rate of growth and j the percentage of fry that attain mn j turity the experiment is an interesting one and has an obvious bearing on fish culture problems new york tribune  see here cried the merchant some one is giving away our secrets i ll bet it s that young blugore you took in as clerk said the junior partner impossible he comes of one of our best families he has in his veins the blood of great that s just it blood will tell you know boy said the wealthy man beamj hig with gratitude you have done 1 me a great service and i am going to reward you oh thank you sir gasped the small boy here in this case is the first dollar i ever made gaze on it and let it inspire you to be industrious and saving good bye this isn t so bad for a starter we received nineteen thousand dollars $19 000 00 worth of union stamped shoes this week and we have on the road and in the factories five times that amount we are very grateful to you all for building up for us the biggest shoe business west of the rockies phelan building mail orders given special attention nx m amp shoe co a store peculiar to itself note we have this week a special in boys shoes we build our hopes for future business on boys and girls shoes ,0,0.7212784541975569
trade union spirit needed for victorychicago more vigor and energy greater discipline and a greater fighting spirit among all members are the most essential requirements of our international union says editor hohmann of the bakers journal this trade union is confronted by aggregations of capital that threaten the complete trustification of the baking industry and the labor editor reminds fellow unionists that intelligence organization and determination are necessary to meet changed conditions there is such a thing what we call esprit de corps or in our political life party spirit which seems to be indispensable to the trade union movement and where it should find expression in a greater powerful efficient vivid and forceful manner as a rule every one who takes our cause seriously should devote his attention at all times undividedly to the movement as a whole we must keep in mind that in our trade union activities we are not engaged in temporary battles philosophical deliberations and hesitation are things that should not be permitted to play a part in our economic struggles if the workers are to be protected from being submerged by economic oppression ,0,0.8086244050658065
drives at newspapers1 here is a certain order of intelligence that compliments itself by the belief that it has done something of superior brilliance when it takes a crack at newspapers says the baltimore american if the motive can be hidden behind some pretentious ethical aim the acuteness is the more pleasing pillory the papers is the slogan of this class of annoying liliputians they have neither the faculty for fairness nor the ability to distinguish between serviceable endeavors and mischievous propensity they ofttimes sit in the seat of the scorner because they do not know enough to realize that the object of their derision wears the badge of respectability with which they can never adorn themselves one of the latest of the drives at newspapers covers itself with the mantle of prohibition a very worthy mantle in the estimation of very many people and $n unworthy one in the estimation of others rut that is neither here nor there in the matter in point which is the bill introduced into the house of representatives and that has been committed to the committee of postoffice and postroads the intent of the bill is to penalize newspapers that carry liquor advertisements into dry territory the persons backing this measure have passed over the virtue of the old warning against swapping the devil for a witch they do not appreciate the fact that the constitution of the united states strictly prohibits the passage of a law that would curtail the freedom of the press here is a superior prohibition that these pin heads would set aside ip order to carry into effect their drive against newspapers upon alleged moral grounds i et one hold to such views as he may as to the morality of newspapers printing liquor advertisements the one who so thinks is in the company of those who hold that theaters are highly objectionable and their advertisements should he suppressed that dancing is highly objectionable and all advertisements of such should he suppressed a thousand and one things representing differences of opinion could as properly he prohibited from finding place in the advertising space of the newsapers the hill in question in effect forbids the use of the mails to newspapers that carry liquor advertisements the responsible conductor of the newspaper being made liable to fine or imprisonment or both the framers of this precious piece of legislation do not seem to appreciate the fact that once the entering wedge of interference with the freedom of the press is used there would follow further interferences in the sphere of freedom of conscience and freedom of political expression and classes of business advertisement othev than that of liquor the bill hits not at the brewers or the purveyors of liquor but at the newspapers its apparent design is to limit debate upon the virtues of prohibition the sponsors for the bill must hold that the liquor advertisements have weight against their propagandas else why the legislation of course the avowed purposes do not cover settled animus against the agencies of intelligence there are many who hold this feeling toward the newspapers because they have thrown the light upon acts or the records of this that or the other person and thereby have made enemies in the cause of righteousness by the score hence this class of persons hold that if one can brandish a tomahawk over the heads of the newspapers in the glare of congress at once all the tribes of the offended ones will take up the war cry and whoop for the bill persecution pure and simple not morality is the basis of the proposed legislation the measure carries no ethical implications for there can be very little harm done by liquor advertisements in dry territory if the territory is actually dry where prohibition cannot yin by open and approved means the newspapers are to be penalized by such underhand and disingenuous legislation as the proposed bill it is a wonder that the friends of this legislation have never thought of the boomerang effects of such enterprise there are multitudes of persons who stand for prohibition who do not stand for tapping the tills of the newspapers as punishment to them for failing in all instances to support the prohibition propaganda there are hundreds of persons who would vote for the cause on merit who will be turned away from it if it adopts the proposed tactics the measure is condemned in public intelligence because it does not harm the one against whom it is professedly directed the brewer because it assails the freedom of the press which is the freedom of the people because it represents tactics that are discreditable because it is a dangerous innovation and because it is inspired by general animus against newspapers hence the measure should he and is likely to he killed with credit to congress let prohibition win or lose upon legitimate grounds is the view held by the majority of the people ,0,0.7579067916685647
the labor worldtwenty three molders employed at the ideal foundry at milesgrove sixteen miles from erie pa went out on a strike last week the men had asked for an increase of wages but it is said the management of the foundry was not disposed to grant the request the walk out is the first step towards forcing the increase the erie people the strike of all unions composing the houston trades assembly is making itself felt all members of the dozen unions composing the assembly are out building work of all kinds has stopped in the city houses half finished others nearly done or just begun have been abandoned for the present it is estimated that about 1 500 workmen are affected and the action paralyzes building interests of ail kinds for the present the master builders exchange has sent an ultimatum to the carpenters and joiners giving them until 7 30 o clock tnursday morning to resume work it is not known what steps will be taken in case of their refusal to comply which is probable unless the owners of the machine shops make a radical change of policy the chicago machinists strove will be renewed on a larger scale while most of the strikers have been reinstated they say now that tney are confronted with worse conditions than before the strike discrimination against those active in the strike is charged though still in force the strike in the power houses of the chicago city railroad company has not caused an interruption of service since saturday morning fearing failure the strikers are considering affiliation with the steam power council and the proposed street railway employes union they aim to cause the defection to spread with a view to tying up the entire system the ordinance oi the city of seattle wash 1 which makes it unlawful for any contractor or sub contractor upon any public work of the said city to permit any day laborer to work more than eight hours has been declared to be unconstitutional by the supreme court trouble at rossland has been settled last tuesday the miners union voted to accept the mine managers proposition the mines will begin operation at once under a contract system the great coal strike in moravia and bohemia has come to an end being compromised some points will be settled by arbitration as to some others the workers have resolved to bring pressure to bear upon the government to enact them into law the second annual convention of the georgia state federation of labor will be held in augusta commencing wednesday april 18 the trade unionist lobby at albany reports that the new york legislature has killed at least forty labor bills in tne present session celebration of the estabi shment of an eight hour working day by the coal miners brought about almost complete idleness in the pittsburg district saturday a recent boston court ruling makes it unlawful to sell cigars on sunday in that city carpenters at victor colo are now getting $4 00 a day for eight hours in the transvaal the miners working day as fixed by law is eight hours for six days in the week while in the kimberly mines in british territory the miners who are contract laborers are required to work twelve hours a day seven days in the week the boss carpenters contractors and builders in cincinnati ohio came to an agreement with the carpenters and joiners last week to establish an eighthour day at $2 40 on the first of next june the present rule is nine hours at $2 50 per day finis is an increase of live cents an hour ihis enos a struggle which began fifteen years ago according to the new york bureau of labor statistics there are now 224 383 trade unionists in that state of which number 8 239 are women fifteen and machinists who scabbed it in morris heights new l ork were discharged and lueir places filled with union men trouble between the cigar manufacturers and their employes threatens the closing of almost all the factories in canada the trouble originated in the factories of j hirseh sons amp co and grothe over non adherence to the union rules regarding the employment of apprentices the manufacturers have a strong organization and their union offered to aid the firms affected harris youngheart amp co and goulet brothers locked out their men until such a time as the union came to terms with the other firms other large factories may lock out their employes president powell of the telegraphers gave out a statement to the press as regards the operators strike the conditions are reported entirely satisfactory to the men telegrams received by me from every division on the system indicate a feeling of unrest and dissatisfaction on the part ov the train and engine men on the system as a result of the wreck on the mobile division last nigut my action in declaring a boycott against the souvnern has brought a large number of telegrams to day from ticket and freigiu agents on every road of any consequence from maine to calirornia promising support general manager gannon of me southern has wired a large telegraph college to send as many students as possible to take the strikers places the freight blockade at the main division points of the road is growing daily ino company is unable to move this business and the tracks are being kept clear for passenger trains doukhobors in bond the fact that twenty three doukhobors and russians are detained at pembina from proceeding on their journey to california is exciting considerable interest and rumors are current that they are detained at the instance of the dominion immigrant department this appears to be true only to a very limited extent the men ave been engaged by agents of the mcleod lumber company which is a department of the southern pacific railway after a delegation had visited the portion of california in which they had agreed to settle and agents of the company had been working industriously amongst them for a long time commissoiner mccreary states that malcontents have existed amongst them since coming into the country and that they were accompanied or ciosely followed from europe by extremists who have magnified every trouble and created much difficulty of the department which has gone no lurther in the detention of the men than calling the attention of the american authorities to the case which constitutes an infraction of the alien labor laws of the united states hence their detention the commissioner admits ihe doukhobors are giving the department considerable trouble and considers that galicians are more desirable settlers and more easily converted into canadian citizens being more adaptive and possessing more initiative and independence an opinion somewhat contrary to popular impression he claims however that a large majority are fairly contented and that a better condition of things may be looked for when the malcontents are weeded out the voice winnepeg ,0,0.7170042289052062
can t remember who got £736 000 in traction deal claim philadelphia political bosses and mitten management linked in big dealphiladelphia a plot for a first rate mystery novel is being unfolded by deputy attorney general harold evans in his effort to learn who got $736 000 cash which figured in one of the several deals engineered by mitten management until recently in control of the philadelphia rapid transit company says labor s special correspondent evans says that when he locates the individuals who received the money he will be able to show a hook up between looters of the traction company and bigwigs in philadelphia s political machine a series of sales as told by evans here is the scenario on which he is working the quaker city cab corporation was offered to the philadelphia rapid transit company for $350 000 and the offer declined then frank sawyer said to be financed by thomas e mitten bought the outfit for $337 000 a few weeks later the transit company decided it wanted the cab company and purchased it through albert m greenfield for $1 360 000 greenfield was a heavy backer of boss william s vare in his senatorial campaign in 1926 greenfield drew checks for $250 000 and $486 0000 payable to cash and they were paid by the bankers trust company sick and forgetful when this deal was exposed by a house legislative committee greenfield rushed off to a hospital where he claims he is too sick to testify that closed that source of information samuel h barker the banker who cashed the checks is unable to recall who got the money notwithstanding it practically wiped out the bank s cash reserve it is evans contention that the checks represented the divvy of prominent politicians he claims the fact they were made payable to cash and paid without indorsement is conclusive evidence that they represented a crooked deal and that desperate efforts to prevent its disclosure indicate that powerful persons are being protected mittens smoked out meanwhile bending before this and other disclosures of mismanagement or worse mitten management has agreed to surrender control of the without a fight it also agrees to return $592 000 which it admits was wrongfully taken from the company the move is regarded as an effort on the part of the mittens and political allies to head off legal action and too close scrutiny of the quaker city cab and other deals termed by judge mcdevitt as scandalous,0,0.7172534094402319
labor briefschicago fp native american fascists are plotting a new attack on labor to be carried on over the air and in the congressional districts letters written by some of the organizers and now in possession of federated press reveal an executive committee chosen by 40 prominent hate propagandists at a secret conference here last july immediately launched plans to centralize activities of all fascist groups in the country new york fp the new york building and construction trades council called off a strike vote scheduled to be taken among its 200 000 members announcing that a wage adjustment board award had been reversed in its favor as a result of a strike threat chattanooga tenn fp formation here of the veterans and patriots federation of labor which announced it intended to compete with the of l and cio brought prompt expressions of doubt from labor leaders that the new outfit would be either for veterans patriots or labor new canaan conn fp the anti union miller dairy company became the scene of a new picketing technique when william kennedy business agent of an international brotherhood of teamsters of l local circled the plant in his airplane for three hours washington fp caught flatfooted while planning a maneuver to bring anti labor legislation to the floor senate polltaxers speedily opened a filibuster as a bi partisan liberal bloc forced immediate coqsideration of s 101 the bill setting up a permanent fepc washington fp reconversion director john w snyder warned congress that unemployment is rising and should reach its peak by spring bringing with it many problems the legislators can help solve including expanded unemployment compensation new york fp unrestricted use of high speed labor saving tools and devices to relieve the housing shortage was authorized by local 3 international brotherhood of electrical workers of l in a nostrike no lockout agreement reached with employers here for the duration of the housing crisis washington fp of l president william green called on all central labor bodies to mobilize community campaigns to force prompt building of new homes to meet shortages confronting veterans and exwar workers the joint culinary workers council of san francisco has signed a new five year contract with the golden gate restaurant association increasing minimum pay 23 per cent ,0,0.8102166436009364
state fair doors open on august 31sacramento california s history romance and progress will be given a magnificent setting when the gates are opened saturday august 31 for the diamond jubilee state fair and western exposition at sacramento installation of hundreds of exhibit booths is already under way including the displays of fifty five california counties which will convert the interior of the spacious horticultural pavilion into a vast animated picture of california s matchless diversity of products and resources in many of the county exhibits a romantic or historic background will be provided in keeping with the spirit of the jubilee fair in the rotunda of the building a huge replica of the great seal of california is being constructed the entire piece being made of products representative of all california 1 his colorful and impressive display is being installed by sacramento county at one end of the main floor ventura county is building an attractive exhibit in which ramona s home forms the romantic stage for assembling the county s various products sonoma county where the california bear flag was born will reproduce the famous banner in grains and fruits next week the work of installing state exhibits in the western exposition building will be started nevada oregon arizona utah idaho and wyoming and the republic of mexico will have exhibits grouped around a central feature display from the kern county farm of president herbert hoover charles w paine secretary manager of the exposition announces a greater number of entries for the coming show than for any state fair in california s history this is particularly noticeable in the livestock horse show and educational departments ,0,0.7319962125309958
mining of manganese and chrome in californiathe united states had hardly more than entered the war before california mines were producing minerals new to the state the geologists at the university of california acting for the committee on scientific research of the state council of defense began to develop and encourage the mining of manganese and chrome these very important war minerals were known to exist in california but their distribution and possibilities as national resources had never been determined our supplies of manganese and chromium are in peace times almost entirely imported and it was most important to release the ships that usually carried these metals for the transport of troops and food overseas the first thing that the geologists under the direction of prof george d louderback professor of geolog at the university of california did was to make a survey of the actual distribution and occurence of deposits of these metals in california and to estimate the probable available quantities this information was of the greatest importance to the government in planning its shipping program and in establishing embargoes on foreign imports because they desired to limit imports to as low a value as possible without interfering with the progress of the war industries for a time the state council of defense for california financed this work entirely but its national importance being recognized in washington the united states geological survey and the bureau of mines asked that certain part of the work be carried on in their behalf and they offered to contribute to the expenses that were being incurred the number of chrome and manganese deposits in california turned out to be much more numerous than was at first expected the geologists examined all possibilities that were offered including any locality that any prospector or miner thought might develop into an important producer this involved a great deal of work for 320 chrome and 200 manganese deposits were examined and estimates were made of the probable and possible quantities of ore their grade and value and of the probable production for the current year all of this information was turned over to the government owners of deposits of chrome and manganese went into this new mining with enthusiasm knowing that they were actually aiding the government to increase shipment of troops and food to the fighting line by producing metals that formerly required numbers of ships for their importation the geologists of the state council of defense for california maintained at the university of california an office for consultation and advice on geological mineralogical engineering and business aspects of the various war minerals samples brought in or sent in by prospectors were examined and advice was given as to their importance or value and wherever necessary assays and analyses were made in the laboratory of the united states bureau of mines at the university unfortunately the markets for chrome and manganese have dropped decidedly during the last few months this has been due to the ending of the war and also to what the committee considers as inefficient control of the general industrial situation the geologists are making every effort to convince the government of the seriousness of the situation and of the need for remedial action ,0,0.7938842035971279
millmen milestones jim shoffa business representativeaugust 5 1967 looms as a very important day for workers not only in san francisco but throughout the state of california that is the date set for the run off section between assemblyman john burton and ronnie s boy judge milton marks for the post of state senator marks has the backing of business interests around the state ronnie reagan and a couple of conservative unions in san francisco john burton s support in this election comes mainly from the forward looking unionists who are interested in the grass roots issues in this state burton has always been a true friend to labor and to the poverty stricken people he has championed many humanitarian causes some popular and some not so popular and therein lies the danger of this election while some of our people feel that because of burton s stand on a specific issue they cannot support him they should realize that supporting the remaining candidate is a dangerous form of russian roulette in other words i firmly believe we must support john burton at the polls on tuesday august 15 1967 because of his outstanding record for labor and on the humanitarian issues even though some of us do not see eye to eye with him on every issueronnie reagan and his conservative business men have the dollars we rank and filers have the votes let s put them to good use vote burton notice from the financial secretary walter lykovitch by action of our members at a special called meeting on july 25 1967 the monthly dues were raised as follows effective july 1 1967 journeyman cabinet millman from $6 75 to $7 75 per month apprentice cabinet millman from $6 50 to $7 50 per month members of this local union working under the master carpenters agreement the dues were raised from $7 75 to $8 50 per month by action of the bay counties district council of carpenters the next regular meetings of millmens union local 42 will be held on tuesday nights of august 22 september 12 and september 26 1967 at our meeting hall at 2085 third st san francisco please put aside at least one night a month to attend a meeting the new agreements have been printed and are now being circulated around the shops to date i have signed over fifty shops to the new agreement i hope that in the next ten days i will have covered all the shops sick list brother ernesto garay is now at home recuperating from an ulcer operation performed at st lukes hospital on july 23 brother fred link a retiree is up and around after a prostrate operation at mt zion hospital brother ralph fitzgerald of unit bilt cut the tip off of his second finger left hand in a saw accident at work bi other art packer of higgins lumber is back at workafter a stay in st joseph s hospital brother joe castro is in french hospital where he had an amputation of his leg above the knee your millmen s blood bank donated 12 pints of blood in his name brother harry horn broke a finger in an accident at his home your blood bank donated six pints of blood in the name of brother paul koppelow of empire manufacturing co in memoriam brother paul koppelow of empire manufacturing company passed away on june 28 1967 after a very serious and painful illness brother koppelow was born in october of 1904 and was initiated into the brotherhood in august of 1944 the officers and members of millmen s union local 42 wish to extend their sympathies to mrs koppelow brother denis maurs who last worked for allwood door passed away on july 29 1967 brother denis was born in june of 1906 and was initiated into the brotherhood in may of 1935 officers and members of millmens union local 42 v ish to offer their condolences to the family of our departed brother ,0,0.7399381508249168
patronize home industryc ccnnce nkflilltcc stockton at otahb ell after easter clearance brings remarkable valuesl an eagerly awaited annual event that brings savings on everything from household linens to boudoir accessories an opportunity for wives to purchase new wardrobes for themselves and their children at way below usual prices for every shop in this great store is joining in with drastically reduced merchandise of the usual fine quality being cleared to make way for fresh summer stock guaranteed full paid investment certificates pay you 6 quarterly by check or compounded monthly if interest is left to accumulate north american building loan association under state supervision 572 market street san francisco calif,0,0.8083594384098896
visits san jose mooney of san francisco general representative of the united brotherhood of carpenters and joiners of america has recently been rendering some valuable service to the carpenters organizations of santa clary county ,0,0.8391000138973588
provide speed accuracy efficiency for electionusing voting machines for the first time members of electrical workers local 6 filed into harmony hall building trades temple on wednesday and elected seven principal officers and six members of the executive board the following officers listed together with the vote cast for each one werechosen without opposition president jack kennedy 506 vice president charles bowman 497 recording secretary allan pultz 480 financial secretary walter gimmel 540 treasurer michael lynch 483 business manager charles j foehn 555 below is the list of candidates who competed for six positions on the executive board the first six named in black type are the ones elected the vote cast for each candidate is indicated executive board ai brunner 321 bentley 289 nick siggins 281 francis smith 240 nunan 228 ralph bell 220 maurice o connor 185 dick maas 172 jack klein 168 william reedy 152 gordon fullerton 152 sig hansen 150 george draeger 135 j jack shaw + 126 charles campbell 107 frank burger 106 harry haines 72 maurice lanning 70 california state federation of labor convention delegate nick siggins 387 members of the election committee were robert e martin judge allan h moulton thomas r smith and l holenstein business manager charles j foehn said use of the machines in contrast to the old method of balloting provided efficiency and speed in balloting and insured accuracy in tabulation while results of the balloting with the use of the machines required only an hour to tabulate it was necessary for several individuals to spend 32 hours computing the returns of the recent election of delegates to the ibew convention members were enthusiastic about the use of machines for voting and during the balloting members and officers of other locals observing the procedure said they will advance the proposition that machines be used by their organizations for voting the devices we used not only provided efficiency in this election said foehn but served to acquaint our members with the type of mechanical voting used in city state and national elections thus those who had not used machines before are better prepared to do their duty in public elections ,0,0.8251228992406356
food prices increasewashington from june 15 1924 to july 15 1924 the average family expenditure for food increased in 37 cities and decreased in 11 cities reports the united states bureau of labor statistics the largest increase was in boston indianapolis and portland me with 3 per cent cincinnati with 3 per cent reports the largest decrease there can be no great or lasting work without inspiration emerson ,0,0.8343880232659104
sen marks gets big labor boost in reelection bidmore than 100 labor leaders have joined john f henning executive secretary treasurer of the california labor federation afl cio and joseph belardi president of the san francisco labor council in pledging their personal support to re elect san francisco s state senator milton marks belardi a life long democrat and spokesman for the organizing group said it is time to forget party labels his record has earned senator marks every worker s personal commitment and we urge all of our sisters and brothers to join us on the united labor committee to re elect senator milton marks henning is a former ambassador to new zealand and under secretary of labor during kennedy johnson administrations he was state director of the department of industrial relations under governor edmund g pat browm labor leaders pledging their individual efforts to the popular legislator s re election i nclude joseph j diviny herman eimers jack goldberger edward howe stanley jensen sam krips joseph o sullivan thomas a rotell ed turner and morris weisberger also lending personal support to senator marks campaign are the following san francisco labor leaders barney apfel george p bailly jr agnes barnhill barros roy beatty earl t bedell mark berrios harry bigarani roger boschetti james bracisco edw ard j bridgeman jr pierre g brigaerts jr fernando bussi gilbert p campbell patrick j canavan william j catalano sr andrew a celiacharles a clancy george corey james w cross mario d angeli jack dempsey philip j deredi peter derenale henry disley peter ditullo mervyn donovan louis m edwards john erjavack morris evanson william ferguson alfred a figone maurice fitzgerald richard l forte captain fuller robert gaul myrl geminani walter j gillies nick glegor charles gricus anthony j guardino jack hatton bob hague anthony c hoffman george t homer ray jackson walter johnson harry jorgensen kelleher elizabeth r kelley edw ard kemmitt edw ard f kenny james e kincaid john t king kirkpatrick letha b lane frank b lee andy leonard morris less james t luther bob mendes george mesure bertha metro henry meyer bernard miles frank h miller phyllis mitchell robert morales henry f munroe max b mcclure frank mcgovern james mcpartlan david f netherby chris o callaghan charles o connor mark reilly john l overstreet george p pedrin dino j polizziani russ pool jerry posner edward c powell peter a pusateri henry m romiguiere hector e rueda george scott clifford j seccombe selva jr john j sheridan phil siegel john silva stanley m smith herman l solomon darryl e storrar william sutherland rudy tham acklin h thibeaux joseph j trovato al vergez art viat venicio val villalta sam vinson john watts louise v wright herman w young bernard zarry and joseph ziff ,0,0.7067118008267383
tile layers send 3 to conventionthree delegates from tile setters local 19 will represent the union at the 20th biennial convention of the bricklayers masons and plasterers international union of america which gets under way in miami on october 16 and will continue through october 21 they are james ahern past president of the local and bus reps edgar fulton and elmer crenshaw due to the unusually heavy press of union affairs the representatives will fly down to miami in order to keep their stay out of the local 19 jurisdiction to a minimum several important matters affecting the good and welfare of tile setters are expected to come up at the convention the three delegates are hopeful that their presence at miami will aid in bringing these matters to a satisfactory disposition the meeting will be the 20th biennial and 80th convention of the international which is one of the oldest trade unions while in miami the delegates will stay at the roney plaza hotel convention headquarterspainters 19 the regular meeting of painters local 19 will be held on monday sept 25 in the building trades temple at 200 guerrero st every member is urged to make a special effort to attend this meeting for many matters of importance will be coming up mullane ,0,0.776587642685909
by dow wilsonas you know we are busy as bird dogs around here so i want to give you some of the love letters which we have received during this strike the first is an exact copy of letter written to us by 4 star painting and decorating a member of the san francisco contractors association i am looking for it right now painter union 2940 16 street dear sir inclose find your letter keep it i dont want to see it any person responsible for all those dirty union demands are not american you know the words there s allready plenty union painter out chisling due to painting too high check other nonunion painters working all you can do is picket it that is if you can fine them all you business agent and union officials thinks painting contractors are making good money nothing stops all of you go in to it and fine out what s stoping you government should freeze the wages and do it fast real soon you wouldn t have contractors if they stick with unions very soon allready painting contractors check bounces to your welfare plans another places this was told in the association monday june 28 1965 so you see for your self you makeing contractors out of union man and more moontighters why not after all if a painter can make $7o per day net same man cost contractors $7o plus we have to make 15 to 18 per cent profit who is going to pay for this painting sure not union people of any sort nor union agents and officials you can bank your life this winter or from here on half of your painters will walk the streets unless they out chisling i can see 25c per hour nothing else what you doing is real plain as the nose on your face is breaking contractors push them out of business if so where your union painters going to work allready now lots of painter out of work the super markets other chain stores all have sales after sales many things are not much than was 20 years ago rents have come down too many places to rent now where you get the high cost of living blu from now on it take contracts over one year to make any money people are not going to pay $7o per day cost on job for painters until they get used to it and contractors can be forced out of business this why the government got to freeze wages it s indangering the country sincerelv pacinialso here are two telegrams one sent by harry bigarani secretary of district council no 8 and one by the officers of local union no 4 aug 2 1965 to officers and members of painters locals 388 507 913 1026 and 1146 dear sirs and brothers as secretary of district council of painters no 8 i strongly urge a vote against the use of the roller i am sorry to see your council take this action requesting a vote on the proposed changes to the agreement which is paramount to a withdrawal from the bay area agreement our history of unity in the bay area is wellknown throughout our brotherhood we are at the cross roads and if the agreement is adopted it means that painters in district council no 33 will have to stand alone and this tends to break the working conditions that we have enjoyed for years the only agreement that will be recognized in district council no area will be the interim agreement that contains amendments to the bay area agremeent as such the interim agreement is legal and binding and can only be terminated when the bay area contract is agreed to or on the expiration date of contract we have legal advice that in order to participate in the bay area painters trust funds one must be a signatory to the bay area agreement i sincerely hope that the members support our position and vote against this agreement and take a position that the only contract we will honor is a contract covering the bay area to be approved by a referendum vote of all union members united will win divided we will fall fraternally yours bigarani secretary district council of painters no 8 and july 31 1965 to pat gass recording secy of redwood city local no 1146 jack belli recordg secy san jose local no 507 worthy evans recordg secy san mateo local no 913 john p bonnell recordg secy palo alto local noo 388 willess recrdg secy santa cruz local no 1026 dear sir and brother on behalf of the 2600 painters of local 4 of san francisco we wish to urge your local union to reject the use of the roller or the recommendations of the federal mediation service to accept and our trust funds and detersevere unemployment in our industry cause serious financial attrition in our purchasing power our health and welfare pension vacation and holiday funds by working less hours at a faster rate of productivity  our union in san francisco believes we have every moral and economic right to protect our purchasing power our jobs and our trust funds and deteermine our working conditions that we feed our families with we will win this strike without the roller with your assistance and determine unity we ask you to support the interim agreement that calls for 50 cents without the roller and provides the best working conditions ev er negotiated anywhere in our industry don t break up the bay area contract and the bay area trust funds the employers smooth talking representatives are attempting to split and divide and conquer our local unions in the bay area it is only with your solid support and unite that we can win this new contract 15 locals in the bay area san francisco pledge full moral and financial support to all local unions and district council 33 we pledge to you that we shall never sell you out to w in the 50 cents and sell our soul our working conditions or to betray the best interest of the journeymen in our trade every major city who has bought the roller is suffering chronic unemployment don t place brother against brother local against local let s stick together and we will all win president thomas kirvin recording secretary dow wil son financial secretary cabezud business representatives morris evenson pete korbus edgar hammer duane hellesto at this writing as many of you know the peninsula locals overwhlemingly rejected the latest proposals of the contractors here is a copy of a communication received from one of our members and quite obviously written right from the heart übi concordia übi victoria  our philosopher said that tears are a silent protest against injustice such tears appeared in my eyes when i saw what was destroying the strength of the union what was an insult to human dignity a group of us from san francisco painters local no 4 went to sacramento our purpose was to encourage our fellow workers have the strength of your convictions stand firmly for the protection of our mutual interests re examine your vote to go back to work because you were sold out ere going to tell them the san francisco union had been waging a titanic fight for almost a month negotiating with the contractor s association for better working conditions and wages it wmuld seem that the time was ripe but alas having learned of our arrival the leaders of the local union did not know what to do we found the doors to the auditorium closed although the scheduled meeting was overdue after some sacramento painters banged angrily on the doors they were finally opened we entered seating ourselves in the back rows the meeting did not come to order the vice president announced that there would be no meeting the executive secretary would not appear the uproar that followed this statement was tumultuous the local painters were divided into two factions one group cried for a meeting the other for adjournment however the former group was in a minority with feeelings of vexation we awaited new developments after some long quarrels and fist shaking the meeting finally started but a subterfuge was used reluctantly opening the meeting the vice president asked for a vote on whether to continue the meeting or adjourn probably being pretty certain beforehand that the meeting would be adjourned a strange and incomprehensible majority group voted for adjourning and the vice president closed the session dejectedly we went outside our dow wilson and dan brown continued to be calm they assured us and other interested workers that they would continue to fight for both sacramento s and our welfare the strike would not end until there was victory but this was not all outside stood a police car with a paddy wagon called by our fellow sacramento union officials i mused for whom are these very good ears meant for us from san francisco or for the minority group of sacramento brothers it was more than a disgrace today when our struggle is reaching a culmination everyone must understand that it is a question of to be or not to be for our union and for our human existence everyone must unite where there is consent and unity there is victory übi concordia übi victoria vladimir ziburtovics the following letter report which was sent to our members will give you another chapter in the story of our local s struggle with the contractors association dear sir and brother the sweetheart agreement signed by george r scott treasurer of marin county local union no 83 and vice president of the tamalpais savings and loan association is a strike breaking contract that provides for the unrestricted use of tools the following telegram was dispatched to the officers and members of local no 83 of marin county district council of painters no 8 with jurisdiction san francisco marin sonoma mendocino and lake county are hereby serving notice to painters local union no 83 officers and members that any attempt to sign a separate agreement with the painters and decorators association of marin county are in violation of the general constitution of the brotherhood of painters section 226 paragraphs and c and the period of agreement and the painters and decorators labor agreement article 17 sections 1 and 1 a and that any agreement arrived at must be ratified by a referendum vote to be conducted under the supervision of district council of painters no 8 before any contract is in full force and effect house painters locals eligible to vote on the referendum vote are locals no 4 san francisco local no 83 of san rafael and local 364 of santa rosa any painter found working in violation of our interim agreement will have charges preferred against him signed harry bigarini secrtary district council of painters no 8 eddie coats business representative of local no 364 william j warrington business representative of local no 83 ernest f kennedy financial secty of local no 83 morris r evenson peter korbus duane hellesto edgar hammer business representative for local union on 4 dow wilson secretary local union no 4 the employers are attempting to split our ranks by this devisive and disruptive activity our brotherhood s general constitution and the district council no 8 by laws are absolutely clear regarding the requirement for a referendum vote to ratify any contract negotiated george scott did not have and does not have nor does any one else have authority to circumvent or by pass the the district council negotiating committee all contracts are district council contracts and must be voted upon by the membership in such district council as we predicted to you in the beginning the employers are using devisive weapons including treacherous skunks to break up the unity of labor in the bay area any time our membership votes to accept the unrestricted use of the roller and the unrestricted use of the spray gun or any other unionbusting conditions will be a hot winter day in the arctic these union busting tactics being worked by the employers are for the purpose of breaking up the bay area contract these tactics are instead uniting our local in a solid determination to win the victory in san francisco the employers hope to smash the bay area negotiating committee and have local by local return to the law of the jungle if such be their plan rest assured that our local union will survive and continue to maintain the history and traditions of the san francisco painters at the present time district council pickets are patrolling all jobs in marin county where painters might go back to work under the sweetheart contract i am sure you realize that this strike has been provoked and caused and perpetuated by the employers association for the purpose of imposing upon our people work rules which have been unanimiously rejected by our membership even though the employers asked our membership to vote on their proposals they seek not to be guided by the expression of the members of this union we as a union are now fighting for the continued existence of a bay area contract and the bay area health amp welfare and pension plans however if push comes to shove we are big enough and strong e nough to go it alone and still maintain all of our benefits within the city of san francisco the employers some day some how will eventually reach agreement with their union they should be thinking of their employees and our members and how they have starved them and their families this past month the employers association particularly in the city of san francisco has been unfair and unscrupulous and has acted in bad faith despite years of good labor relations enjoyed by them with our union in the next few days everything in the book will be thrown at us i have every confidence in the intelligence and integrity of our members and know they shall sustain their original convictions and that they will solidly refuse to capitulate as the panic buttons are pushed notice at the special called membership meeting of july 19th a $4 per day assessment for each day worked by any and all painters who are permitted to work during the present lock out was duly authorized this $4 per day assessment became effective tuesday july 20th and is to be paid at the local union office every friday without fail i our office is open at 7 every morning of the work week and will be open until 6 on fridays for your convenience in making your payments payments may also be mailed in be sure to include your membership dues book so it can be receipted i the weekly receipt which you will be given must be carried on your person while you are working in order to help the strike committee members who check the jobs strike assessments are deductible from your taxable income ,0,0.8254087406559131
labor at the legislaturegeo miller wins george miller cope endors ed candidate for the pivotal state senate seat at stake in contra costa county handily defeated nine other democratic opponents in the special primary eelction last tuesday and will face republican nominee john nejedly as his principal opponent in a special runoff election on march 25 miller chairman of the contra costa county democratic central committee out polled his nearest opponent for the democratic nomination by to 2 margin complete but unofficial returns place the four top votegetters for the democratic nomination in the following order miller 29 707 thomas coll 20 164 pete stark 15 355 elton brombacher 3 307 as soon as the election results were clear stark pledged his full support to miller and offered to assist in his campaign ,0,0.7744945125014798
only one textile union is of l tried policythe united front committee of textile workers of passaic and vicinity has no standing with the of l this declaration was made by the of l executive council in answer to a letter written by albert weisbord claiming to be organizer of these workers he asked for affiliation with the of l we know nothing of the committee which you claim to represent said president green in answer to weisbord s request a charter has been issued by the of l to the united textile workers of america that organization has authority to organize all employes in the textile industry said mr green the of l executive council will gladly co operate with the united textile workers we are in sympathy with all workers w ho struggle and fight in a practical way for increased wages and improved conditions we oppose wage reduction policies of employers in the textile industry we regard these reductions as unjust unfair and unwarranted if wages in this industry are to be established upon a fair and just basis and if w ork conditions are to be improved these things can only be brought about through the established agencies of the of l newark trade unionists are relieving distress caused by the strike of textile workers at passaic near here which is handled by parties outside the bona fide trade union movement for the past fifteen years attempts have been made to organize textile workers of passaic and vicinity but we have been met by opposition of mill owners and city officials and by the indifference and antagonism of workers said henry f hilfers secretary of the new jersey state federation of labor through this attitude passaic and vicinity and the textile industry in particular has proved a fertile ground for all kinds of radical movements which has split the workers into three or four organizations and has left the vast majority unorganized these dual organizations were fostered by employers who realize better than the workers that dissension among employes is to their advantage organization of all the textile workers in one union affiliated with the of l is their only salvation4 issued weekly by the publlehlng company incorporated january 16 1900 owned and controlled by the labor unlone of san francisco office 1122 1 1 4 mission street phone market 4797 i notice to advertisers the manager gt s the only person authorized to sign advertising contracts for this paper advertising patrons will please take notice advertisers desirous of changing copy must supply same on tuesday of currant week otherwise the same ad will be repeated from preceding week notice to secretaries secretaries of unions will please send weekly reports to this office of members who have changed their address giving the old address as well as the new correspondence correspondence to receive early attention must be in at the latest by monday subscription rates single subscriptions $1 50 per year six months $l oo payable in advance single copies 5 cents each entered at the postoffice at san francisco calif on august 20 1901 as eecond elass matter frederick w ely editor cress gannon manager,0,0.8647138212478374
deceased brothers robert burns muni railway retd may 5 f clarence tyler marine helper retd may 5 bruno dunajski marine journeyman retd may 13save yourself and us 25° when your copy of paper north bay news section goes astray because you have moved and failed to notify us it now costs 25 cents to get it back returns used to cost 13 cents but the postal rate commission boosted the cost to 25 cents in july of 1976 that s why paper north bay news is running the change of address form below on this page we will do so periodically henceforth if you will use this form or a future one when you move you ll save yourself and us a quarter however to keep all records straight you must also report your change of address to your union please print or type change of address in order to continue receiving paper north bay news section any subscriber changing name and or mailing address is requested to complete this form and return it to paper editorial offices 2034 blake street suite 7 berkeley ca 94704 all information must be furnished 4s requested on the form union amp local no name last first middlf initial address new city state zip code old address city state zip code,0,0.7700033569361646
the following advertisers in the mission district deserve your patronage herman s hats union made 2386 mission street at twentiethq ran at droq jtwtlrrf fj 2244 mission street complete home furnishers on credit headquarters for occidental stoves deduck newmant i compute ho at furnisher v sou he corner n iqn c li ja h reilly jas h reilly je jas h reilly sc co funbral directors pbone mission 0141 29th and dolores streets jf ember of md officiol undo risk or of typogrophicol union 21 send your overalls to be cleaned by cavanaugh overall service 340 eleventh strebt san francisco california telephone m arket 0143aid on of america urent gt furnuhinf eatablulun nta occidental ranges reduced a special featuring of these highgrade ranges at a decidedly lowered pricing only a limited quantity available visit our stove section tomorrow and secure this important value a liberal allowance on your old stove thrift plan terms pompeii macaroni factory inc mtnuficturwn of high gradb goods oakland branch gt 301 franklin is phont lakttut 1246 lot angela branch 103 court at 2987 89 folsom st near 26th phone mission 3744 si phone market 6000 united states laundry 1148 harrison strbbt san francisco the bank of california mission branch 16th strbbt and julian avbnub commercial savings safe deposit foeeign exchangebuy union stamped shoe we ask all members of to purchase shoes bearing our union stamp on the sole inner sole or lining of the shoe we ask you not to buy any shoes unless you actually see this union stamp boot amp shoe workers union amllatad with 1m amlai fadmtlai mt labor 246 summer strbbt boston mass dbll john j mara crarral txnlar tmnnr gtntrml pmutm workers uni un the correct new styles french 2623 mission street near 22nd2415 mission near 20th et t mi bacm hj w lowmi prlcm and bigpn valaaa la dry gm 4 fmbuagi grocmm uni and t4 cw iron clad money back guarantee2,0,0.7891519350195331
registered nurses at major san francisco hospitals voted overwhelmingly yesterday to approve a two year contract that will increase pay by 16 percent over the life of the agreementtheir action averted a strike that had been scheduled to begin at 6 the vote was 727 to 290 to accept a contract that had been negotiated since january by representatives for the 1750 member california nursing association and the seven member affiliated hospitals of san francisco nurse jan gersonde labor representative for the nursing association said the new contract provides for an 8 percent immediate pay raise retroactive to july 1 and another 8 percent next july the agreement also includespremium pay for evening and night shifts shift rotation and a bonus of about 5 percent added to the top pay of a nurse who has been with one hospital for five years the new top salaries will be $26 196 a year for a nurse with five years of seniority in july 1982 the top nurses salaries will reach $28 292 while the vote indicated enthusiastic support of the new contract gersonde said the nurses were dissatisfied that they failed to negotiate a 10 percent premium for weekend shifts ,0,0.830324985656868
would cut ship boardsenator borah wents the shipping board membership reduced from seven to three in the interest of economy these commissioners are paid an annual salary of $12 000 we arc told that we must get rid of these ships even if we have to pay a large bonus to have some one take them said senator borah why not get rid of some commissioners not that any one has personal objections to them but solely in the interest of economy in times when the whole country is demanding relief from tax burdens neither conscience nor common sense should permit this waste of money in high and unnecessary salaries ,0,0.7661509657357815
first classthe last train was very crowded the only vacant seats to be seen were in the first class carriages jalthough the irishman had only a workman s ticket he felt himself entitled to a seat so entered one of the firsts and made himself comfortable presently the inspector came along and asked severely how is it you re in a first class carriage with a workman s ticket eh shure replied the irishman with a grin it s because first class workman,0,0.509100916246931
unionists on board to recommend lawsalbany five trade unionists have been appointed by governor smith as representatives of labor on the state industrial council this body includes an equal number of employers the purpose of the council is to confer with and make recommendations to the state industrial commissioner the trade union appointees are mrs sara a conboy international secretary treasurer of the united textile workers john hanlon secretary treasurer of the state federation of labor thomas j curtis vice president of the state federation of labor jeremiah ryan secretary of the binghamton central labor union and john j helkett of the brooklyn building trades ,0,0.7202443801388498
kite flying safety campaignwith approach of the spring kite flying season the pacific gas and electric company will this week undertake its sixth annual safety campaign to teach the youth of central and northern california the rules of the game with the assistance of the police in san francisco oakland and other cities throughout the company s territory representatives of the utility will explain to the children in every school the dangers of flying kites near electric telephone and trolley wires and the perils hidden in metallac kite materials the company has conducted safety campaigns annually since 1930 for the protection of the lives of kite flyers educational literature has been distributed school classes visited and instructed and high voltage lines of the company patrolled the result has been a substantial reduction in the number of accidents and the amount of property damage necessity for this safety work was fully demonstrated in oakland only a few days ago said downing vice president and general manager of the pacific gas and electric company a boy climbed a power pole to recover a kite that had fallen across thewires he slipped came in contact with a high voltage line and was seriously injured only the prompt and intelligent aid of a postal telegraph company lineman who was passing the scene of the accident saved the lad s life investigation revealed that the victim of the accident had not attended school at a time when our safety instruction was being given had he known the dangers he might have avoided this acci dent i kites should not be flown near power lines nor any place where they may fall across electric wires of any kind if they do fall no attempt should be made to recover them telephone to our nearest office and our linemen will attend to that no wires or other metallic material should be used in the making of kites nor in the cord used to fly them kite string should be kept dry when wet it is a conductor of electricity the company desires to do everything to prevent kite flying accidents it seeks to safeguard our boys and girls from the loss iof life or serious injury that may result from ignorant or careless disobedience of reasonable safety rules parents and teachers may j do much toward this end by assisting our educational efforts during the five years the and e has conducted these safety campaigns not a life has been lost and the number of kite flying accidents has been greatly reduced this achievement has been due in great part to the effective of the various police departments the members of w hich have given the company wholeihearted co operation ,0,0.7948951003969191
railroads boost california businesscalifornia is one of the six states which benefited most from the expenditures of the railroads in 1937 for materials supplies fuel new equipment and payrolls it is revealed in a special study just completed by the bureau of railway economics of the association of american railroads railway purchases in california last year totaled $46 186 985 the report shows of this sum $45 234 732 was spent for materials supplies and fuel while $952 253 went for new equipment not including that built in company shops these purchases were made in 220 towns and cities located in 47 of the 58 counties of the state wages paid to railway employees in california during 1937 amounted to $92 247 519 i the review discloses that for the nation as a whole the railroads last year paid $1 133 361 468 for the more than 70 000 different items which they use materials supplies and fuel cost $966 383 000 and expenditures for all new equipment except that constructed in railway shops totaled $166 978 468 more than 12 000 towns and cities located in 2 638 of the 3 072 counties of the united states derived i direct benefits from this large volume of railroad buying in 1937 the country s rail carriers also distributed $1 983 990 485 in wages to their employees the report says2 242 000 idle youth given jobs by c1 he great service performed by the civilian conservation corps in providing job for jobless youth was revealed in the fifth annual report of director robert fechner who said that since its establishment the had given employment to 2 242 000 unemployed at a total cost of $1 920 000 000 in my opinion he said the results achieved through use of men in advancing conservation projects have been or soon ill be gt o great in dollar value as to offset the dollar cost of the program ctke james h barry co thf star press printers and publishers 170 van ness avenue south san francisco books magazines newspapers church society and commercial printing phon underhul 7780 good work fuir pric douglas shoes for men sold at a union store by union men french shoe company 2623 mission street at 22nd san francisco california herman s hats union made 2386 mission street at twentieth fine imported and domestic liquors stock of famous brands some 14 to 16 year old whiskey weinstein co main and branch stores r prigioni ttuphonr tu do 9421 a vivorjo bay city grill oysters steaks chops fish and poultry private dining room for ladies 45 turk street telephone ordway 6878 san francieco tray service to any part of the city day or night interesting exciting tusaemmgs ©f the past a every thursday and sunday night at 9 15 over station kfrc ik ij 5 6 presented by the treasure island club of the san francisco bank member federal deposit insurance corporation 8 8 bring your own treasure to treasure island thrift service for your everyday clothes cash and carry c gents suits hats o coats ladies plain dresses plain coats cleaned amp pressed call and deliver 69c thrift prices on inexpensive rugs 1 75 vit axminsters wiltons body brussel thoroughly cleaned sterilized sized call and deliver hem 0180 thomas allec hem 3131 27 tenth st 19 stockton st mo polk st 1360 mission st 1410 polk nl 207 chestnut st oakland branch 1721 franklin st 288 lt irant ave 200 suttek st likiate hb3h 32 powell st reduced prices buy san francisco union made shirts underwear neckwear pajamas etc factory to wearer prices eagleson 8c co 726 market street 1118 market street san francisco wc have a complete stock on hand of the michaels stern brand of union made clothing drink caswell s coffee sutter 6654 geo w caswell co 642 harrison street morning glory sandwiches the only prepared sandwich with a registered union label demand them at your bar and phone us your party and lodge needs san francisco fillmore 6 122 oakland tempiebar 14662,0,0.7269820255396338
warns of saloon must not come back declares of l presidentpresident william green of the of i has issued a statement warning the nation not to permit the old time saloon to return after prohibition has been eliminated from the constitution in december our experience during the days of the open saloon ought to serve us well now the labor chifetain declared urging that laws be made severe and enforced free from political influence tram company union wiped out in denveri he company union scheme was given a black eye when employees of the denver tramway corporation voted 353 to 325 to substitute the amalgamated association of street and electric railway employees tor a company representative committee as their agency for collective bargaining under the nr a code joseph meyers conciliator of the united states department of labor presided over the election the election was called at the request of tramway employees who had organized a union under the leadership of brien representing the amalgamated association in a membership campaign of only a few weeks howard s robertson president of the tramway firm a signatory of the national transit code agreed to the elec tion and announced that the company would abide completely by the result both in letter and spirit officers of division no 1001 the organization now designated to enter into contractual relations with the company say it is a question of only a short time when all the employees will be in the union and working harmoniously for the betterment of the service more than 700 employees are eligible for membership john 11 onsherger was elected president of the division james s mac donnell vice president louis j wallen financial secretary w illiam l ellis treasurer and ge rge w goodfellow recording secretary cheap as stealing pennies from beggar at this time we ask only that you visualize the rare case of a man who has betrayed the confidence of the president and the people of this nation and behind the outspread wings of the blue eagle has inveigled the women of his community to support his business and then imagine that after just complaint and fair and patient hearing he is at last found out as one who would prong pennies in violation of a spontaneous confidence of his government and his neighbors guilt v as charged guilty of trifling with this great chayce to lift this country out of economic hell guilty of a practice as cheap as stealing pennies out of the cup of a blind beggar what should he done with such a man no jail deserves to be dishonored by his incarceration as happened to danny deever in kipling s regimental hanging nßa will have to remove from him his badge of public faith and business honor and tykin of his buttons off an cut his stripes aw v and break the bright sword of his commercial honor in the eves of his neighbors and throw the fragments in scorn in the dust at his feet gen johnson 824 charters issued by of l since july 1the american federation of labor has granted eight hundred and twenty four charters to national and international unions t ed j era labor unions and local unions since july 1 frank morrison secretary of the federation announced the new unions are located in every part of the united states and canada and include all classes of working men and women long terrorized and enslaved by the arrogant practices of anti j labor employers who forced the notorious company union clown the unwilling throats of their employees the workers have sensed their freedom under the national recovery act which guarantees the right to organize in bona fide trade unions without interference from employers and have come to the american federation of labor and its affiliated unions by hundreds of thousands now for ten million members is the slogan of the of l with good prospects for the realization of this goal ,0,0.7827812061004672
statement by paul scharrenberg director california department of industrial relations on proposition number 12as director of industrial relations of california i must add my voice to those of other public officials and leaders of church business and labor who have called attention to the tragic consequences that would follow if proposition no 12 is not defeated the adoption of this proposed amendment would create controversy and confusion in industrial relations it would wipe out a half century of progress in establishing harmonious relations between employers and employees in california more than 2 000 labor unions in this state now have collective bargaining agreements with employers these agreements cover close to a million workers passage of number 12 would throw into utter chaos the contractual relations of these workers and their employers and would seriously interfere with the war effort it would also be a grave threat to successful reconversion in the postwar period by precipitating strife during a time when all energies should be bent on solving the profound problem that will face california after the war california has its history of labor disputes behind her we do not want to repeat that history california labor has an excellent record for keeping its no strike pledge during the war the few strikes that have occurred have resulted in an infinitesimal loss of time in the first half of this year only sixteen onethousandths of one per cent of all time worked has been lost as a result of industrial disputes california workers are justly proud of their glorious record of production from a mere trickle at the beginning california s production and shipment of the implements of war has truly become an avalanche at this fateful hour let us not stir up discord in california let us bend every effort to achieve a very early victory and to bring our boys back to peace at home ,0,0.7499419333288022
define american plannewark in an address in this city james o connell president of the of l metal trades department described the so called american plan as a method whereby the plan is in the shop but the americanism is on the outside,0,0.7259600845340091
the berger mfc co sheet metal products ium igm it fa rtmatcm cal pfcottc hiiid 2728 why not invest your own moneywedgewood stoves and ranges mad in california jas graham mfg co factory newark calif office ssi mission st imperial liquid glue thb strongest adhesive known auoofadwras ky dm imperial clue co san fnoclaco far salt es et l dealers milwaukee concrete mixers gkaves speaks road machinery co mu monaohoce iuxlwalk over shoes represent standard of merit for men and women $3 50 to lt 7 00 764 market street shasta line products company 1550 bryant street natomas crushed rock natomas consolidated of california alaska commercial buodiiif saa prandaco foma building sacramentodirectory patrons waterhouse amo price co bunding mmrteli anchor mmkhlf queen the o connor co pacific rolling mill co structural steel continental pies proofing co 242 balboa building ralston iron works inbi structural steel and ornamental iron work otis elevator company,0,0.8039342159445086
ezux mg ar am gns to 429 morrtflomery street san franeiaeo 1964 please change my address f ron street to street i am a member of union nameit s hard to know what to do isn t it when so many stores advertise the best at the lowest prices but you needn t hesitate where to buy remember we refund your money if the goods we sell you are not satisfactory being thus fully protected you take no chances if you do your buying at california s labgestamerica 9 grandest storfi,0,0.762925371331016
by james rooseveltcalifornia the greatest agricultural area in the world should have an agricultural planning agency to coordinate and utilize its resources properly it has no such agency now squalor which infests our agricultural areas make of california still a grapes of wrath country ,0,0.7567678014644856
office employees in this depressionthe consequences of this depression have penetrated every occupational group light on what has happened to office employees comes from a study by the office management class of the pierce school of business administration in philadelphia that class asked a group of business institutions in and around philadelphia how depression had affected their employment policies the inquiry included retail stores wholesale houses manufacturing concerns financial institutions public utilities and hotels forty one per cent of the companies co operating reported lowered wages shortened hours or reduced office staff it is interesting that 48 per cent of retail stores forced their employees to share the burden of depression while only 34 per cent of wholesale companies handed on the burden to their employees in the manufacturing companies while 75 per cent were affected adversely by the depression 55 per cent cut wages or ordered lay offs or part time the financial group included banks investment houses insurance companies or credit firms this group was not so seriously affected as the others only 24 per cent lowered employment standards from the study it is obvious that no industrial group is immune from unstable employment policies in business depression all alike need to learn the fundamentals of our american business prosperity security involves no down revisions of employment policies all business managements should learn how to meet their problems without recessions of any kind then we would have real efficiency ,0,0.744248279621825
child labor provisions of code violatedpleading guilty to the employment of a 15 year old boy in violation of the child labor provisions of the labor code which prohibit the employment of minors near machinery fou wong laundry operator of san francisco was fined $loo last friday by municipal judge clarence w morris it was reported by carrasco state labor commissioner in prosecuting the case representatives of the state labor commissioner informed the court that the boy had also been employed without securing a permit from the school authorities constituting an additional violation judge clarence w morris in passing sentence stated in open courtr this court will not countenance child labor violations let this be a warning to all employers they must not employ minors without permits and in violation of the labor code as jail sentences as well as fines wlil be imposednow more than 12 million telephone calls a day t he number of telephone calls we handle on the pacific coast has mounted to over twelve million a day each telephone call must be made to order on a moment s notice manufactured and delivered in a matter of seconds that big job but it s only part of the job we re doing today as the west hits its stride on national defense work add to this a program of plant additions this year in excess of $75 000 000 of which expenditures for new construction alone will be over $62 000 000 we are making an all out drive of man power materials and money to supply the kind of telephone service that will help the pacific coast speed its part of america s biggest job the pacific telephone and telegraph company 444 bosh strsst tsltphoas garfiold 90004 i issued weekly bt the organised labor publishing company incorporated january 16 1900 owned and controlled by the labor unions ol san francisco office 238 thirteenth street phone market 4797 between mission and howard notice to secretaries secretaries of unions will please send weekly reports to this office of members who have changed their address giving the old address as well as the new correspondence correspondence to receive early attention must be in at the latest by tuesday subscription rates single subscriptions 11 50 per year sir months l oo payable in advance single copies 6 cents each entered at the postofflce at san francisco calif on august 20 1901 as aecond class matter cress gannon manager,0,0.6983053578510039
special label drive will be nationwidethe union label trades department of 1 announces that the special educational campaign will be from august 19 to september 2 this in an annual movement in the interest of the union label shop card and union button central bodies are asked to appoint committees our annual campaigns have proven an asset to the general labor movement said john j manning secretary treasurer union label trades department every call for the union label creates an interest in trade unionism outside our ranks the executive council of the of l recently urged workers to desist from contributing funds to borers from within and this correct position can be applied by every member of when he spends wages that his labor organization made possible the union label means more than high wages and good working conditions it is a proof that wage earners have a voice in industry that they are not subject to the caprice of an employer and that they live and act as free men and women without consulting those who formerly dictated their lives the union label is emblematic of freedom and independence its presence indicates that that employer accepts the principle of collective bargaining and association of wage earners to ignore the u nion label is to repudiate the underlying principle of unionism ,0,0.7385182710639124
bud papadakis business representative robirt g johnson business manager jack nowe business representativenext meeting september 13 at 1485 bayshore boulevard san francisco please make every effort to attend your union meetings we had a very pleasant visit with louis just last week and he wanted us to remember him to all his old buddys also we heard that sam amendola has been hospitalized at french hospital but when we visited him we found him in good spirits and he hopes to be home by the time you read this paper tile seminar september 21 1974 hayward school board room hayward unified school district corner of amador at elmhurst hayward california courtesy of hayward adult trade industrial programs sponsored by the northern california ceramic tile industry participants tile contractors tile setters apprentices and helpers goals tackle problems that are difficult to solve in tile laying industry trucks brothers this is the final notice before september 1 1974 effective date we have had a number of tile contractors who have requested an interpretation of article 5 sections 1 2 and 3 the union business representative s answer is read the article and section and act accordingly article v section l the employer shall furnish at the job site all necessary equipment not considered the personal tools of the trade of the employee including power saws mixing boxes soaking tubs mortar boards straight edges and floating strips it is agreed that the employee shall not be required to haul this equipment in his personal conveyancesection 2 no tile layer shall furnish a truck or other vehicle to his employer whether compensated therefor or not section 3 each employer shall supply adequate transportation facilities to employees engaged in the patching and servicing of tile work the article is self explan atory remember it is you that will have to answer to the investigating committee should you be found violating the working rules be advised that if your employer insists you haul his material in your truck please inform the union office we will then take the necessary action against the contractor on the violation 25 year pin richard mills and george fleshman have been requested to attend the meeting of september 13 1974 to receive their 25 year pins the union trustees have audited the books of the financial secretary and found them to be in perfect order when you are out of work and seeking employment as per article 2 of the working agreement your name must be placed on the out of work list and the employer is the only one that can call and request you only then can you be dispatched with a referral slip from your union office some members are complaining as to why they cannot be loaned to another shop this is not fait to your brothers who are on the out of work list also this would make it very difficult to keep track of your fringe benefits this is for your own good you are standing a chance of losing eligibility on your health and welfare dental and vision plans and pension credits and monies to your vacation fund when you are jumping around to,0,0.8262840890598616
a noisy labor protestmore than 200 san francisco union officials and labor attorneys conducted a 90 minute demonstration outside the miyako hotel to protest a management seminar that they claimed focuses on eliminating unions rather than dealing with them fairly the pickets were spurred on by fanfares and union songs played by a trio of trumpeters the opening meeting of the three day american management association seminar proceeded without disruption participants told reporters they came from as far away as dallas and detroit they declined to discuss the seminar s content ,0,0.6500944823509024
bids labor to follow ungeorge meany has called upon american labor to follow the proceedings of the united nations general assembly in order better to understand the nature of the world crisis which confronts the free world with the opening of the twelfth session of the general assembly meany in a statement to the afl cio news listed three areas of major concern to the free trade union movement 1 to insure compliance by totalitarian countries with un resolutions particularly with the one concerning russian suppression of the national independence and democratic liberties of the hungarian people 2 the burdensome costs of armaments burdensome yet essential ip the face of the perennial danger of totalitarian aggression of which hungary is only the latest victim 3 self determination for those peoples who enjoy the dubious blessings of a so called enlightened colonialism ,0,0.6955626377942816
chavez opens n lt grape boycottcesar chavez stood on a small platform outside the marina safeway store in san francisco monday gazed round at a hundred or more old allies and many new ones as well and proclaimed the grape boycott of 1985 it was a scene that could have been warped through time from the 19605 with a sea of united farm workers flags whipping in a fresh breeze off the bay black eagles on red brilliant in the sun chavez himself acknowledged this mood as he started to speak it s just like the 605 he said why are we here again starting this new boycott of table grapes in the 1960 s and 1970 s the boycott of table grapes won us collective bargaining we got the agricultural labor relations act and the agricultural labor relations board to oversee the law we are back here today because the law is not working anymore in four years we have won elections covering 18 000 farm workers and we haven t got one damn contract to show for it the board will not enforce the law the board takes no action on legitimate complaints of farm workers against growers while growers get preferred treatment chavez continued we want farm labor law enforcement that does not depend upon the political winds that blow through california we demand good faith bargaining by the growers no matter who is governor of california chavez acknowledged that some people had warned the 1980 s were not the 1960 s and the boycott would not work again but support has been forthcoming in the cities that are the biggest markets for california table grapes he said mayors and city councils in detroit and boston have endorsed the boycott and chicago and philadelphia are committed he said next will come compaigns in london and other european cities that historically have been large markets for california grapes the demonstration started with a march around the parking lot of the supermarket within view of the golden gate bridgespecial notice the first meeting of the san francisco building and construction trades council will be a special called meeting for the purpose of nominations for all officers trustees and committee members due to the july 4th holiday this meeting will take place on thursday july 11 1985 the meeting of thursday july 18 1985 will be a special called meeting for the election of all officers trustees and committee members continued on page 5  continued on page 6 ,0,0.7671556933358731
tabbing aliens is russian plan proposals to register aliens and maintain a governmental supervision over them are too suggestive of russian methods to harmonize with the traditions of america said james m lynch president of the international typographical union these measures would work hardships on unoffending immigrants place dangerous power in the hands of the government and prove an enormous expense said mr lynch this registration plan which certain interests are bent on jamming through the present congress if it can he done quietly is calculated to be of immense benefit to large employers who would like to have a friendly governmental bureau in constant control of their alien employes an instrument they might use for the intimidation of these employes registration proponents claim that this system will permit the government to prepare aliens for citizenship these agencies would wield the constant threat of deportation if their opinions failed to bloom in the desired shades said the trade union executive would those innocents from abroad all hound for naturalization and the franchise be schooled in the traditions of adams and hamilton or of jefferson and madison would a bureau under the present administration lead their trembling charges into safe republicanism or permit them to climb to the higher civilization burdened with democratic fallacies registration will not stop bootlegging of foreigners into the united states because these individuals after the desperate and costly adventure of slipping in will scarcely dread the operation of another law it will not diminish crime unless a vast police spy system is established and americans do not want that it is silly to shift blame for the crime wave on to foreigners any way native talent needs no lesson from abroad on that point ,0,0.7464611113694708
smoking a hazard around carshaving a lighted cigarette in your mouth while opening the hood of your car is sometimes as dangerous as holding a match over the gas tank this is one hazard little understood by the average motorist according to the public safety department of the california state automobile association one recent instance of this error in judgment cost the life of a prominent chicago citizen who looked under the car hood while smoking a terrific explosion occurred which killed him and destroyed valuable property taking their hands off of the driving wheel to light cigars or cigarettes has cost the lives of many motorists as well as innocent passers by struck by the unguided machines ,0,0.8017452204898381
statement issued by the japanese government after an extraordinary cabinet meeting on september 24 19311 the japanese government has constantly been exercising honest endeavors in the pursuance of its settlerl policy to foster friendly relations between japan and china and to promote the common prosperity and well being of the two countries unfortunately the conduct of officials and individuals of china for some years past has been such that our national sentiment has frequently been irritated in particular unpleasant incidents have taken place one after another in regions of manchuria and mongolia in which japan is interested in especial degree until the impression has gained strength in the minds of the japanese people that japan s fair and friendly attitude is not being reciprocated by china in a like spirit amidst the atmosphere of perturbation and anxiety thus created a detachment of chinese troops destroyed tracks of the south manchurian railway in the vicinity of mukden and attacked our railway guards at midnight of september 18 a clash between japanese and chinese troops then took place 2 the situation became critical as the number of japanese guards stationed along the entire railway did not then exceed 10 400 while there were in juxtaposition some 220 000 chinese soldiers moreover hundreds of thousands of japanese residents were placed in jeopardy in order to forestall imminent disaster the japanese army had to act swiftly the chinese soldiers garrisoned in neighboring localities were disarmed and the duty of maintaining peace and order was left in the hands of local chinese organizations under the supervision of japanese troops 3 these measures having been taken our soldiers were mostly withdrawn within railway zone there still remain some detachments in mukden and kirin and a small number of men in a few other places but nowhere does the state of military occupation as such exist the reports that japanese authorities have seized customs or salt gabelle office in yingkou or that they have taken control of chinese railways between supingkai and chengchiatun or between mukden and sinmintun are entirely untrue nor has the story of our troops having been sent to the north of changchun or into chientao any foundation in fact 4 the japanese government at a special cabinet meeting on september 19 took decision that all possible efforts should be made to prevent aggravation of the situation and instructions to that effect were given to the commander of the manchurian garrison it is true that a detachment was dispatched from changchun to kirin on september 21 but it was not with a view to military occupation but only for the purpose of removing menace to the south manchurian railway as soon as that object has been attained a bulk of our detachment will be withdrawn it may he added that while a mixed brigade of 4 000 men was sent from korea to join the manchurian garrison the total number of men in the garrison at present still remains within the limit set by treaty and the fact cannot therefore be regarded as having in any way added to the seriousness of the international situation 5 it may be superfluous to repeat that the japanese government harbors no territorial designs in manchuria what we desire is that the japanese subjects shall be enabled to safely engage in various peaceful pursuits and be given the opportunity of participation in the development of that land by means of capital and labor it is the proper duty of a government to protect rights and interests legitimately enjoyed by a nation or individuals endeavors of the japanese government to guard the south manchurian railway against wanton attacks should lie viewed in no other light the japanese government true to its established policy is prepared to cooperate with the chinese government in order to prevent the present incident from developing into a disastrous situation between the two countries and to work out such constructive plans as will once and for all eradicate causes for future friction the japanese government would be more than gratified if the present difficulty could be brought to a solution which will give a new turn to the mutual relations of the two countries ,1,0.7131966734127523
safeguarding machineryto eliminate machine accidents resulting from unguarded gears belts and pullevs and dangerous points of operation the american society of safetv engineers has sponsored a committee to encourage safeguarding of machinery at the time of manufacture this seems like a bright idea which should have been thought of and pushed long ago most machines now sold are unguarded or must be guarded bv makeshift methods by the user the committee agrees that safe machines with guards an integral part of the machine can and should be the only type sold by the manufacturer and accepted by the user the committee urgently requests the cooperation of state labor departments in standardizing state codes so that machines that are properly guarded at the time of manufacture will be acceptable in whatever state they may be sold as its plans develop the committee s representatives will confer w ith the enforcement agencies in the states for their views on what constitutes an adequately guarded piece of machinery ,0,0.7062668440870523
new york unionists have legislative planalbany in this state have prepared an extensive legislative program which the general assembly will be urged to adopt wherever possible the bills will have a bi partisan sponsorship and will be introduced in one house by a republican and in the other by a democrat the program includes establishment of an exclusive state fund for workmen s compensation and the placing of all disability through occupational disease in the compensation list other proposals are ratification of the child labor amendment to the federal constitution regulation of private fee charging employment agencies restoration to cities of control over fares and rates of street railways bus lines and other public utilities state ownership and development of the state s hydro electric resources legal provision to declare that the eight hour day and prevailing rate of wage laws shall apply to all improvements or construction work financed by public money a constitutional amendment to permit voters to initiate constitutional amendments without legislative sanction preparation of a complete program of public improvements as a step toward lessening unemployment a declaration by law that the labor of human beings is not a commodity or article of commerce provision that no injunction shall be issued in a labor dispute without trial of the facts and jury trials for alleged violation of injunctions ,0,0.6761113389854008
sensitive set of scales can weigh a single hairone of the world s most delicate sets of scales can determine the weight of a human hair or even a man s signature this remarkable instrument accurate to within forty billionths of a pound is used to check the diameter of filament wire in westinghouse mazda lamps during a recent test it showed that the signature of george washington written in pencil weighs two ten thousandths of a gram ,0,0.8543198778474099
tom mooney writes chronicle editor re attorney general webb s chargescalifornia state prison san quentin california editor san francisco chronicle february 11 1938 fifth and mission streets san francisco calif dear sir in your issue of february 10 cccc edition there appears an article under a washington date line which quotes webb attorney general of california as addressing the united states supreme court with the opinion that thomas j mooney is afraid to have the high tribunal read the testimony of witnesses upon whom he is forced to reply in his effort to obtain freedom from san quentin prison your article continues with the statement that mr webb expressed this opinion in opposing a motion by my counsel for permission to file an abstract of the record of the recent habeas corpus proceedings with the united states supreme court and quotes mr webb as stating an abstract would be nothing more nor less than a partisan brief 1 have instructed my attorney in washington john f finerty to file a motion with the court for leave to proceed on the certified typewritten copy of the original record which is twenty volumes in length and runs some 13 500 pages of testimony and constitutes the entire record of all the testimony taken before the referee in the recent habeas corpus proceedings conducted by the supreme count of california i have asked that this motion be filed because i do not want an abstract of the case filed believing as i do that the court would prefer to go to the original complete typewritten record and have the whole case before them if the members of the court are interested as 1 believe they are they will examine the entire record i say in reply to mr webb that 1 am not afraid of any testimony on which i have to rely to obtain my freedom and that so far as i am concerned this entire record and the whole mooney case is an open book and to any person who is at all fair there is no question at all of my completely demonstrated unanswerable innocence the whole record of the mooney case is one of chicanery fraud perjury and fabrication by the prosecution to pillory convict and imprison an innocent man and i am ready to go before any tribunal or agency to prove the truth of what i say i am not afraid to have the supreme court read the entire record i want them to read the whole record knowing full well that if the court considers the entire record and considers my case on its merits i shall be freed by the united states supreme court for twenty two years there has been a conspiracy in california by the officials of this state spurred on by certain financial and industrial interests to deny me justice if anyone has witnesses whom they are afraid to rely on it is the prosecution every single witness against me who testified to any material fact has either confessed perjury or been exposed as a shameless liar and perjurer and recipient of money and favors for the testimony he sold to convict me these are serious charges i make them without one bit of hesitancy and i am willing to stake my life on the truth of what 1 say this has been a long and bitter struggle in which we have been engaged but i am confident that justice and right will triumph and that 1 shall soon be free i hope that you will print this letter so that the public will know my answer to mr webb s charges sincerely tom mooney 3i92i,0,0.7912581364792584
printing the star press james h barry 429 montgomery st of all kinds phone main 358 san francimowhen you drink beer see that thin label is on the keg ¥ w ion xs orlh uhitio state ©^ taaoc mark mmnxii thf evening post is a strictly union paper and bears the union label it is the best daily paper in san francisco subscribe for it forty cents per month delivered by carrier go to deasy bros for serviceable boots and shoes no 20 sixth street corner stevenson street san francisco charles lyons the london tailor the largest house in the city established 20 years main store 721 market street bancroft building branch store 122 kearny st in thnrlow block h bon bon phone south 294 bon bros corner sixth and mission streets san francisco printers lend a hand to california muscle by throwing your type orders our way it s honestly and carefully made there may be as good but none better pacific states type foundry shattcck 608 clay street san franclsoo palm hotel first class board and lodging choice wines liquors and cigars mechanics trade solicited p lenehan prop menlo park cal theoak grovevillahotel menlo park headquarters for union mechanloe on file t fitzgerald prop ferguson wholesale and retail dealer and importer of wines brandies and whiskies 719 market street near the call office san francisce telephone main 1830 branch 141 montgomery street john h schmidt dealer in fancy groceries wines liquors and cigars tile setters headquarters cor eddy and taylor sta ,0,0.7830987333330578
them again marshall caught violating the state eight hour lawthe beautiful classical town of berkeley across the bay harbors a smooth young man of no small talent he is a business man and among all the smart contractors we have ever had the pleasure to meet this gifted individual has no peer like ananias of apostolic fame he stands out in bold relief above all his colleagues but it is not only his proficiency in the subtle art that marks him as the coming man he is equally skilled in ignorance and consequently he is a firm believer in chattel slavery the men employed by him are my men and during his happy moments he even reckons the entire university town as part of his assets he has no use for labor unions his theory is 16 to i a1 a sixteen hours day for one hour s pay recently he did some work in the city and as he did not approve of our methods he concluded to stay in berkeley this versatile gentleman who came all the way from berkeley to san francisco to do up the building trades council had some work todoon a building at the state university and true to his nature he worked his men the usual ten or eleven hours regardless of the eight hour law the business agent of the council was notified of the fact and after due investigation of the matter business agent saunders served the following notice in accordance with the law on the board of regents on the 6th inst san francisco feb 6 1900 to the honorable the board of regents of the university of california berkeley cal gentlemen you are hereby notified that marshall sub contractor for the construction of cement work upon the building known as the gymnasium one of the several buildings of the university of california situated at berkeley cal has violated the provisions of an act entitled an act limiting the hours of daily services of laborers workmen and mechanics employed upon the public works of or work done for the state of california or any public subdivision thereof providing for the insertion of certain stipulations in contracts for public works imposing penalties for violations of the provisions of this act and providing for the enforcement thereof approved march 20 1899 chap cxiv statutes 1890 you are further notified that the said marshall has violated the foregoing law in having worked nine men the full period of ten hours on and during at least four days up to the present date since beginning the said work and is therefore subject to a penalty of $360 which the la w requires shall be withheld by the officer or person whose duty it shall be to pay the moneys due under the contract for said building yours very respectfully building trades council of san francisco mccarthy president saunders bus ag dam attorney for building trades council thus the case is started and we shall watch it with interest as it is the first test of the state eight hour law victor hugo said that the rich would do anything for the poor except get off their backs and what is more the poor fight and slay each other when it becomes necessary to do so in order that the rich may continue to ride on their backs dalton herald p walls secretary of the national federation of blastfurnacemen has been elected to the cumberland county council in england with 112 votes against 100 given for a coal owner the election was a square fight between labor and capital and the result is the gain of a seat to the labor party which now numbers three on the council st paul boxmakers have organized,0,0.6807651364583714
chasing of lboston the national industrial conference board is chasing old of 1 this board represents a score of employers associations and favors present wages if employees will work harder and produce more goods this says the board seems to be the only means of escaping the vicious circle by which an increase in the cost of living is used as a reason for demanding higher wages which in turn are important factors in high prices of goods resulting in another rise in the cost of commodities consumed by the worker this statement to the superficial reader cleverly conveys the impression that the workers are responsible for present living costs a careful reading of the statement however shows that the employers acknowledge the workers are not responsible and that when workers attempt to meet increases by wage advances the employers seize the opportunity to give if c of 1 another boost according to this reasoning if man defended himself against the attack of a highwayman he would be guilty of assault and battery,0,0.818277564936155
san franciscoanderson near eugene all work for a one story frame and basement flat building owner antonio lo hue contractor frank bonacosso cost $550 3600 washington install elevator owner geo a berton contractor las geary cost $7oo francisco near octavia one story frame residence owner carlo forni day s work cost $3500 ft lobos avenue near 22nd avenue one story frame store owner g firpo architect p demartini contractor g sangiacomo cost $650 20 hancock add one room to cottage owner titos f colleran contractors o connor amp finigan cost $350 andover avenue near hickory onestory frame dwelling owner john hammer day s work cost $9oo ellis and van ness alter partitions in hotel owner mrs stanley architect albert pissis contractor lauffer company cost $4oo union and grant avenue carpenter mill plastering plumbing painting glazing marble tiling haw chimneys for a three story and basement frame store and flats owner abramo granucci architect l traverso contractor adolfo pedroni cost $4ooo grading foundations iron work sidewalk lights concrete and cement work on above contractor the cooperative artificial stone company cost $l6oo pine near jones all work for a reinforced concrete building for hospital owner dr mcnutt architect schmolle contractor chas alsup cost $93 600 522 ninth repairs and alterations to building owner ida engelbrecht contractor immanuel jansen cost $6oo fremont and market excavation for a brick building owners s and h eachman estate architects cunningham amp politeo contractor warren improvement company cost $4ooo mission near duboce avenue all work except plumbing painting glazing mantels shades gas and electric fixtures for a three story and basement frame owner paul strickert architect neumarkel contractor ahlgren cost $6515 larkin near california excavation clearing concrete curb brick cement plastering steel work cast iron wrought iron carpenter floor glazing and damp proofing painting plumbing electric wiring for a two story hriet garage owner sarah sloss architects dard amp blohme contractor frank m garden amp co cost $9ooo sacramento near laurel excavating concrete marble and mosaic brick and carpenter work roofing glass and glazing stairs rough hardware lathing and plastering sheet metal and electric work for a two story and basement frame two flats owner dr converse architect smith o brien contractors ward amp mccormick cost $4120 twenty eighth street near diamond five room frame dwelling owner j diferncss day s work cost $l9oo forty fourth avenue near v onestory frame dwelling owner samuel robertson contractor b loronga cost $9oo larkin and pacific avenue threestory frame store and flats owner p ducasse day s work cost $4boo golden gate avenue near broderick two story frame cottage owner jas m cramer day s work cost $boo devisadero near walter all work for three story and rough basement frame flats owner george t mccarthy contractors and keenan cost $7loo mulford alley and taylor fourroom frame 9 apartments owner jas wainwright architect john davis day s work cost $14 000 missouri near 19th all work for a two story frame building flats owner elizabeth l stange architects jos a leonard and russell contractor demarais cost $5600 brennan and eighth streets alter and repair freight office owner western pacific co architect mohr contractors day s sons cost $12 500 broderick near green two story frame dwelling owner chester h woolsey contractor rednall cost $7ooo 2270 broderick street alter basement inot garage owner mr andrews contractor j pasqualetti cost $looo capp near 17th street two story frame barn and stable owner porter contractor nels p johnson cost $450 lake and sixth avenue three story frame flats owner gus wolf contractor alfred legault cost $14 950 sansome near sacramento alter offices owners britton amp rey company contractors robinson amp gillespie cost $475 fifteenth street near guerrero three story frame flats owner thos welch contractors segurson brothers cost $6loo army near diamond one story frame flats owner martin roppoloarchitect bertolucci day s work cost $l4oo first avenue near california twostory frame residence owner c welsh architect henry c smith contractor reese amp rountree cost $6300 397 missouri street alter basement into flats owner scott jr contractor reif i 947 market counters back shelv 1 ing and show windows for store owner the favorite confectionery company architect sylvain schnaittachcr contractor l and e emanuel cost $2820 california and leavenworth interior lathing and plastering owner nellie mcm donovan and mary g lindsay architect smith o brien original contractor william little contractor m morris cost $l5oo jackson near larkin three story frame flats owner show day s work cost $6500 24th near douglas two story frame flats owner t quinn architect richardson day s work cost $3400 utah near 18th one story frame dwelling owner l robatto architect porporato day s work cost $l2oo 1047 9 folsom add one loft to brass works owner florence meyer contractor hardwood interior company cost $looo milton near bosworth one and onehalf story frame dwelling owner koflfer architect markwith day s work cost $2ooo clay and jones rear two story frame dwelling owner koffer architect markwith day s work cost $2ooo 68 post erect steel and hardwall plaster partitions and alter front of store owner holmes inv company architect meyer contractor cook cost $looo 116 belvedere street add and alter flats owner mrs sellers architect evans contractor sellers cost $3500 broadway and polk one story frame stores owner lachman brothers contractor peterson cost $2950 fell near cole three story frame flats owner yager day s work cost $b5oo connecticut near 20th one story frame cottage owner lundberg architect r warman contractor f danielson cost $5oo 25th avenue near h one story frame dwelling owner kelly contractor ed mooney cost $l3oo precita avenue near coso avenue one and one half story frame cottage owner urbanus day s work cost $looo pacific avenue near presidio twostory frame dwelling owner geo w mcginn contractor rednall cost $9ooo bryant near 23rd repair flats owner mrs hendrickson contractor petterson amp persson cost $450 brannan and second conduit and electric wiring for electric lighting system for a five story and basement brick building owner the felton company architect shea contractor globe electric works cost $3250 drumm and merchant piling construction for two story and basement class c building owner samuel a wood architect edward r seely contractor chas c montague cost $lloo polk and washington three story brick and frame apartments owner anna walter e and irene a mcmann architect carter amp foley contractor harry l weis cost 815 800 presidio terrace no 4 all work except electric fixtures for garage owner winfield scott davis architect mcdonald amp applegarth contractor m fisher cost $2988 1263 65 oak street alter and add to flats owner troy day s work cost $3500 austin avenue and gough add to dwelling owner a paulsen contractor e klein cost $4oo clipper near noe two gt tory frame flats owner jas j sullivan day s work cost $2900 hill near sanchez one and one half story frame dwelling owner nelson architect fred o nelson day s work cost $lboo lisbon near france one storv frame cottage owner french day s work cost $b5o octavia near chestnut two story frame flats owner lawrence del carlo day s work cost sbz gt 1721 23 fifteenth erect frame wagon shed owner ferguson contractor f red miller cost $4oo larkin and lombard reinforced concrete bulkheads and foundations for proposed residence owner robt s atkins contractor edwin t huffman cost $2300 andover near powhattan one story frame cottage owner isak e asplund contractor matt esapa cost $looo clinton park near valencia threestory frame flats owner marie bergfeld contractor bergfeld cost $4950 market and second erect glass partitions in store owner calwa distributing company architect powers contractor john biller cost $lboo powell near chestnut three story frame flats owner j and d de martini contractor de martini building company cost $4500 natoma near 7th three story frame flats owner hammercontractor smith cost $6200 mangles near edna one story frame cottage owner mrs goyne contractor chas mcguire cost $l4oo cortland and winfield all work except gas and electric fixtures and shades for a two story frame building flat and stores owner wm j sheehy contractor herdal brothers cost $3565 twenty eighth avenue near california all work for a concrete d frame residence owner florence zugco architect schmolle contractor pierre zucco cost $5boogrant avenue near o farrell all work for a two story and basement reinforced concrete building owner benj h lichtenstein architect milton lichtenstein contractor keatinge amp bradford company cost $14 9 h francisco and stockton painting of building known as corporation yard owner not given architect newton j tharp contractor lange amp bergstrom sub contractor cramer brothers cost $1195 ,0,0.8384178665073716
typos approve disarmament principle also indorse of l railway policythe recent ouebec convention of the international typographical union upon the recommendation of the resolutions committee and by unanimous vote adopted a resolution favoring disarmament and government ownership of the railways of the country the resolution also gives unqualified indorsement to the action of the denver convention of the american federation of labor in establishing in washington an information and publicity service to help the labor movement the typos urge printers to give close attention to the recommendations of the of l relating to school text books the international typographical union is a pioneer among labor organizations in pushing agitation for government ownerhip and control of the telegraph system beginning its propaganda in favor of this policy in the nineties ,0,0.7167688968266586
ask secretary to adjust scale of women in navy yardshealth and wage conditions as affecting women employed in the navy yards and navy clothing factories throughout the country were the subject of a conference recently at the navy department between secretary daniels assistant secretary roosevelt and a committee representing the national women s trades union league and the national federation of federal employees the committee protested to the secretary against the rating of women seamstresses and flagmakers in the navy yards at the pay of common labor against the home work or sweatshop system in the navy clothing factories and against night work bv women at the navy yards sewing the committee contends is a skilled trade and none of the ratings for skilled trades occupied by men are as low as the rating for the seamstresses and flagmakers inspectresses the committee further pointed out are rated on the new navy wage schedule as general helpers among whom are unskilled workers whereas inspectresses should be rated as specialists the men who do inspection work it is stated are classed as highly skilled these inequalities are due we assume the committee told the secretary to the fact that in the navy department the women s ratings are determined by men we are familiar with the report of the industrial manager at the new york navy yard for example and with the statements of other navy department officials who rate sewing as simple and unskilled work but we are also familiar with the findings of women investigators who understand the sewing trades and who maintain that the sewing done in the navy yards especially the flagmaker s work is laborious and skilled we submit that this is a case where a woman s judgment should be consulted rather than the judgment of men alone as to the nature and skill of work that is done by women and we renew a request recently made through our delegates to the conference of trade union women held in october under auspices of the labor department for appointment of a woman on the navy wage board the existence of all the conditions complained of the committee stated would seem to be in direct contravention of the government policies as enunciated by the president the national war labor board the war labor policies board and the woman in industry service of the department of labor in every i declaration from official sources the labor standards called for have included equal pay for equal work by women and men prohibition of home work and prohibition of night work by women except in declared emergencies furthermore the committee on women in industry of the advisory commission of the council of national defense in a printed report on the navy clothing factories issued under date of september 1918 recommends that the home work system which is the familiar sweat shop system be abolished because it carries with it hardship and underpayment for the workers and dangers to the health of the sailors who wear the garments secretary daniels and assistant secretary roosevelt stated that the question presented by the committee would be taken up immediately i have always been a firm believer inequality and a square deal for women said the secretary ,0,0.826997590829066
down town association elect 1940 officialsarthur r fennimore on monday was elected president of the down 4 own association by the board of directors immediately after the adjournment of the annual meeting of the members of the association he succeeds william l hughson who has held the office of president for three years mr i lt ennimore is the son of fennnimore the first president of the association who organized it shortly after the fire of 190 i its first objective being the restoration of the downtown district he attended the l niversity of california and has been prominent in civic activities he is a former director of the chamber of commerce and past president of the retail merchants association haldane s hisher was elected first vice president and w illiam g merchant second vice president incent f finigan secretary and clarence e baen treasurer were re elected l or the expiring terms of one third of the board new members elected were 11 j bennett alfred ghirardelli johnstone and rremoureaux allen william m coffman fennimore vincent f finigan charles p partridge and frank i turner were re elected ,0,0.8381084660213531
spies in labor organizationswhen before the industrial relations commission in los angeles frances n noel of the women s trade union league said that one of the gravest dangers the trade unions have to meet today is the presence of spies planted by detective agencies operating in the interest of unfair employers of labor commenting on this truthful declaration jay fox contributes the following scathing article to the timber worker read every word of it these vermin are slick talkers they are picked men selected by a dozen or more agencies whose special graft is the furnishing of assistance to the employing class by weakening the unions and keeping the bosses posted about what is going on and who the active members are these spies are selected for their low cunning and ability to talk they work themselves into the unions by being given employment at the different trades and once in the unions they begin their nefarious work the power of unions is implied in the very name itself unity a union is a body of workmen joined together for a specific purpose and their strength and success lies in the compactness of their union the oneness of thought and action with which they go about the work they have in view it is plain therefore that the main work of the stoolpigeon is to break down that unity and so far as possible get the members at loggerheads with each other a general outline of the work is mapped out for the crooks by the strategists at the head of the agencies who have studied the question thoroughly the operative that s the official title of the skunk who is detailed to undermine your union goes to work quietly he gets a dollar a day from the agency in addition to the wages he draws where he is employed he is given a number and reports every day signing with the number this precaution is taken to protect his identity from any mishap in the mails he notes everything that goes on among the men in the shop the agitators for unionism are reported promptly to the agency who report back to the boss for this service the boss pays the agency from three to five dollars a day rut it is in the union where the skunk does the most dastardly work the union is the workers only defense without the union the toiler is as helpless as a new born baby individually he is as powerless to influence the order of things as the little stranger just arrived there are two things that bring power in this world money and many the employers have the money they have through divers means got possession of the earth and everything thereon and as a consequence dictate the politics and the economies of the world with their money they buy men in every avenue of life of which the stoolpigeon and his agency of finks are not the most dangerous to society as a whole while of course they are the greatest annoyance to the unions because they attack them direct the power of wealth lies in the organization of the individual dollars a man with a million dollars has an organization a million strong all co operating together always a unit in whatever direction directed everyone knows that a man with a million has twice the power of a man with half a million why because the man with the million has twice as large an organization with twice the strength so the employers especially know and appreciate the power of organization it is thus that money gets its power organization and co operation of the individual dollars now what of that other source of power the many the individual man is the unit here the worker is the unit in the organization of labor a million workers acting as one with a single purpose all moving in one direction that constitutes the power of many this is the workers only power the power of union is the only power that has ever risen to compete with the powerof money is it any wonder the money power uses all its efforts to stem the rising tide of whose power threatens to equal if not surpass their own is it any wonder that they should spend wealth freely in an effort to disrupt the only power that was ever started to give them battle it can easily be understood then why the employers avail themselves so freely of the finks and stoolpigeons that compose the agencies you can see also that their concern is not the individual in the shop but the union that combines the power of the individuals the individual can always be handled without danger to the dollar and crushed ruthlessly by blacklist or faked up criminal charges but the union cannot be so easily handled and its power is beyond measure when permitted to grow to prevent that growth and to destroy it where it has developed is the ntqin work assigned to the stoolpigeon the first work of the spy in the union is to get a line on things he finds out who the best union workers are and what are the principal and most important propositions before the organization when he secures this information he starts to operate on the members the most effective way to destroy a union is to spread and create suspicion and distrust among the members the stoolpigeon is wise to all this and after picking out the victims to be attacked he begins the button holing act he will pick you out on the sidewalk after the meeting and in a smooth manner inject a dose of poison into your mind he will insinuate that so and so is crooked the victim always being an officer of ability and honesty whose endeavors are bringing results for the union he will attempt to get one member pulling against another he will attack the payment of high dues and assessments insinuating and charging that the only object of such is to create a pork barrel for the use of the officers whose only purpose he will assert is to live in ease and luxury at the expense of the rank and file he will be especially strong on this master of union funds for he has been instructed that the most effective way to weaken a union is to keep its treasury empty so it can t pay strike benefits or put organizers in the field to agitate for new members his attack on the officers has a tw o fold purpose first to destroy the confidence of the men and weaken the unity of action second to improve his own chances of getting elected to office the goal of the stoolpigeon is to get into office in the union there he can do the most good for his union wrecking employers and increase his pay from them and he not infrequently gains his object in this respect for his oily tongue and willingness to do things for the union combined with his systematic knocking soon gets him a standing once in an important office he has influence and opportunity to work his master s will this is the danger evenunion has to contend with to day and it is a different matter to guard against the intrusion of these snakes into the ranks of union labor the best way to protect ourselves is to look out for the fellow who pursues these tactics and watch him watch the fellow who endeavors to sow the seed of disruption in your local make him produce the goods the honest member who has some improvement he wishes to introduce will not pursue his aim in a manner that will tend to weaken the strength and unity of the organization he will not pursue the rule or ruin policy he will work for the best interests of the union always careful to take no step that will in the slightest degree lessen the confidence of the membership in the organization watch the underhanded knocker and brand him with the mark of cain when you get him he is a stoolpigeon a scoundrel sent into your ranks to destroy your only protection ,0,0.8500255338576942
the inquisitive boy what place is that pa that is a brickyard my son whose brickyard is it pa it belongs to me my son do all these piles of brick belong to you yes my son every brick of them my how long did it take you to make them did you make them all alone by yourself no my son those men you see working there made them for me do the men belong to you pa no my son those men are free men no man can own another if he could the other would be a slave what is a slave pa a slave my son is a man who has to work for another all his life for only his board and clothes if a slave gets sick who pays for the doctor pa well his owner does he cannot afford to lose his property why do men work so hard pa do they like it well no i don t suppose they do but they work or starve are these men rich pa not to any great extent my son do they own any houses pa i rather guess not my son have they got any horses or fine clothes and do they go to the seaside i when it s warm like we do pa well hardly it takes them all thentime to work for their living what is a living pa why a living well for them a living is what they eat and wear isn t that board and clothes pa 1 suppose it is well are they any better off than slaves pa of course they are you foolish boy why they re free they uon t need to work for me if they don t like to they can leave whenever they choose and if they leave won t they have to work pa yes of course they will they will have to work for some one else and will they get anything more than a living front him no i suppose not well then how are they any better off than slaves well they have votes they are free men if they get sick do you pay for the doctor pa catch me what have i got to do with them they must pay for their own doctor can you afford to lose one of the men who works for you pa of course i can it don t make any difference to me 1 can hire another whenever i like then you are not so particular about them as if they were your slaves are you pa no i suppose not then how is it better for them to be i free oh don t ask foolish questions bov what are bricks made of pa of clay my son do the bricks belong to the men when they make them pa no my son they belong to me why when the men make them because the clay is mine do you make it pa no god made it my son did he make it for you pa no i bought it bought it from god no from man did the man buy it from god no of course not he bought it from another man i suppose did the first man it was bought from buy it from god no i suppose not how did he get it then how was it his more than anybody s else oh i don t know i suppose he just claimed it then if these men should claim it now would it be theirs oh bother don t be asking such foolinsh questions if you didn t own the brickyard and the ciay how would you make your living oh i don t know i suppose i should have to work would you make bricks pa maybe i would how would you like to make bricks for only your board and clothes and let the man who claimed the brickyard have everything else nobody d care how i liked it pqor people must work for their living if these men had brickyards of their own would they work for you pa not likely they d work for themselves probably isn t it lucky that that man claimed the land first and that you bought it why if he hadn t maybe somebody else would have claimed it and then maybe ono of these men would own it now and then you d have to work for him for your board and clothes maybe you ought to be thankful to providence for his goodness to you in giving you a father who can support you without working should these men s little boys be thankful to providence too pa well i suppose they should what for pa oh because their pas have steady work is steady work a good thing pa of course it is my son then why don t you work pa nobody could keep you from making brick could they pa no i don t want to keep men out of a job if 1 worked i would be keeping one of them out of a job that s kind of you pa do you think if you were to wheel that man s barrow once while he rested he d get mad about it oh pshaw gentlemen don t wheel harrows what gentleman pa why gentlemen men who don t need to work the upper class i thought there wasn t any upper classes in this country i heard a man 1 say all men were equal the man who said it was a socialist or something or maybe it was election time and he was trying to catch votes say pa my sunday school teacher says we are all god s children is she a socialist or is she trying to catch votes oh no that s the right thing to say in sunday school and churches well pa honest now are these men god s children just as much as we are why yes my son to be sure they are say pa do you remember when you bought the dozen allies for brother jim and me 1 grabbed them all and made him give me his top before let him play with them and you called me a greedy little hog and gave me a licking yes my son i remember well do you tnink you did right certainly my son a parent does right to correct his children and keep them from acquiring bad principles i bought the marbles for you both jim had as much right to them as you well pa if those men are god s children just as much as you then you and they are brothers and if you make them give you nearly all the brick they make for allowing them the use of the clay which god made isn t that the same as making jim give me his top for a chance to play with the marbles oh bother don t ask such stupid questions say pa do you think god thinks you a greedy little hog and that he will punish you for grabbing that clay oh don t talk so much say ma put this child to bed he makes me tired spokeshave ,0,0.8388429388783616
payment of wages by check opposedcolumbia manufacturing plants ir this state would be prohibited paying wages by check under a bill proposed by mr godfrey in the state house of representatives plants located within a quarter of a mile from the bank would be exempt violations would be punishable by a fine of not less than $lo nor more than $loo or by imprisonment for not more than 30 days any check so issued would be prima facie evidence of violation of the act ,0,0.5838892470345598
reardon praises macdonald and creemin his march monthly report to the governor s council of the activities of his department director reardon of the california state industrial relations concluded with a glowing tribute to frank c macdonald and joseph j creem he said a survey of the reports of the various divisions of the department of industrial relations proves satisfactory to the writer the department of industrial relations is engaged as its name indicates in taking care of both the employer and the employee and the reports submitted by the chiefs of the various divisions plainly indicate that each and every division is performing its full quota of the obligations imposed upon it by law upon the appointment by governor rolph of the writer reardon to the directorship of the department of industrial relations and chairmanship of the industrial accident commission mr frank c macdonald former labor commissioner and president of the state building trades council was selected to fill the vacancy created by the writer s promotion mr macdonald will undoubtedly prove a valuable acquisition to the staff of the industrial accident commission by reason of his wide experience in business and labor circles and he is well qualified for the position to which he has been elevated by reason of his long experience in appearing before the commission in litigated cases mr macdonald s place as labor commissioner was filled by governor rolph in the appointment of mr joseph j creem prominent labor representative of the san joaquin valley and whose home has for many years been in the city of fresno mr creem brings to his office a wealth of valuable experience by virtue of his long connection with labor organizations and will certainly prove worthy of the trust placed in him by our chief executive ,0,0.7142354212454021
unionists stop cuttoronto ontario an attempt to cut wages of building craftsmen by starting on the painters ended in disaster for the contractors the move was started on one large job and when the painters objected the master painters association declared a general lockout and their adoption of the non union shop the other building trades swung in behind the victimized painters and all hands quit the employers quit in less than 48 hours ,0,0.7972175394607982
by ornburnoctober 29 through november 2 are the dates set for the 1946 of l union label and industrial exhibition the time for the of big show was determined at a meeting of the officials of the central trades and labor union of st louis and vicinity and the st louis union label trades section which i recently attended in the gateway to the west it will be held in the spacious henry w kiel muncipal auditorium the location is very desirable because st louis is advertised as the city surrounded by the united states the union label exhibition promises to be one of the foremost events of the coming year many national and international unions are now planning to have individual booths to display their union made goods as well as to demonstrate union services they are also urging the manufacturers and merchandisers of articles that are union made to obtain display space at once in order to exhibit their respective products the last union label exhibition held in cincinnati was highlighted by personal appearances by stars of screen and radio a greater number of celebrities are expected to appear next year they will furnish topflight entertainment during the entire week in addition to the educational value of the show this union label project is the best good will building occasion for management and consumers alike all groups will cooperate to make this gala event an outstanding success$22 million annually for california highwayscalifornia is scheduled to receive $22 303 236 annually for the next three years for highway improvement from federal aid highway funds under provisions of the federal aid highway act of 1944 according to information received by the california state automobile association from the american automobile association these funds have been made available for the current fiscal year ending june 30 1946 through passage by congress of a concurrent resolution authorizing the public roads administration to enter into contracts with the states for road work federal aid road funds are to be matched by the states on a fifty fifty basis over the three year period provided in the act the total of funds allocated to california will amount to approximately $66 909 000 under the allocation to california $9 018 749 is apportioned annually for expenditure on the federal aid highway system $5 162 254 for secondary or feeder roads which include farm to market roads and $8 122 233 for urban highways california ranks fifth among the states in the amounts apportioned by the federal works administrator new york will receive the largest amount with an annual total of $33 892 018 and texas is second with $28 765 649 pennsylvania and illinois each receive slightly larger allocations than california the biggest fight our unions are putting up today helps the pocketbook of every union family they are demanding a 30 per cent wage increase to make up for loss of overtime pay most of us can t buy the things our families need right now without eating up our small savings or going into debt meet success like a gentleman and disaster like a man ,0,0.7105271579837007
court shatters antiunion claima labor union may be as interested in the wages of non union employees and of the conditions under which they work as in its own members because of the influence of one upon the other organization today is not based upon the single shop unions believe that wages may be increased and collective bargaining maintained only if union conditions prevail not in some single shop but generally that they may prevail a union may call a strike and picket the premises of an employer with the intention of inducing him to employ only union labor and it may adopt either method separately picketing without a strike is no more unlawful than a strike without picketing both are based on a lawful purpose resulting injury is incidental and must be endured new york state court of appeals there is nothing so elastic as the human mind like imprisoned steam the more it is pressed the more it rises to resist the pressure the more we are obliged to do the more we are able to accomplish t edwards ,0,0.7746624863427843
have a laughit helps keep the wrinkles away true or false auto examiner do you know what it means if a driver puts out a hand applieant well if it woman it means she is going to turn right or left shake the ashes off her cigarette or reverse or stop or she s pointing to a hat store or admiring her ring or examiner yeah and if it man applicant why he s usually waving at a woman daddy amp son daddy may i ask you a question sure son well if a doctor is doctoring a doctor does the doctor doing the doctoring have to doctor the doctor the way the doctor being doctored wants to be doctored or does the doctor doctoring the doctor doctor the doctor the way he usually doctors ladies beware so long as you live of judging men by their outward appearance la fontaine stop in the rear view mirror she spied a cop on her trail she swung into the nearest service station skidded to a stop and rushed into the rest room when she came out her pursuer was awaiting her at the car she smiled her sweet smile and said gee officers i almost didn t make it dunking doughnuts in your coffee may be bad form but it s awfully good taste first bride i ve got my husband where he eats out of my hand second bride saves a lot of dish washing doesn t it lady driver can you fix this rear fender so my husband will never know i dented it mechanic no but i can fix it,0,0.7570426698533548
the funny dogi saw a little purple doggie running round a farm and i told him to be careful and he said he d do no harm then i gave him something nice to eat and said now run along and this grateful little doggie sang me such a pretty song iieen tkadin6 stamps 61 ven with all pibciases always reliable 1238 t0 1250 market st at jokes 1904 calendars new year cards and souvenirs of all kinds an entire department devoted to these pretty novelties prices from 5 cents upfor best value in underwear go to hansen amp elrick examiner building don t fail to hear the whistler at boim bros just arrived from paris a gt ^ gt ® holiday novelties prices that talk every day brings you closer to christmas and if you are going to give any shoe presents come to us we have the finest assortment of holiday novelties in this city and as usual our prices are the lowest ladies warm lined felt slippers $ 5° ladies black or red felt fur trimmed juliets 75 ladies warm lined felt or kid lace shoes 1 25 ladies crocheted slippers with fleece soles 90 men s black kid house slippers with patent leather trimming be wise and give sensible presents shoes and slippers are always acceptable because they please the old or young if you desire to make a present and do not know the size or style buy one of our shoe orders they are as good as cash and made out for any amount b katschinski philadelphia shoe co adjoining building tern urn street san francisco,0,0.7312923240579652
special railroad fare arrangements for state federation conventionthe executive council wishes to announce that the following plans have been worked out to provide delegates to the coming convention of the state federation of labor with special round trip fares upon certified application to the state federation s office special identification certificates will be sent to elected delegates from there on the procedure will he as follows the ticket agents of principal rail lines in california on presentation and surrender of identification certificates will sell round trip tickets to san francisco california and the certificates which you will later receive entitling you to reduced fares will show on the reverse side the convention fares that will apply to san francisco from principal rail points in california tickets are of three classes first class fares will be on basis of first class one way adult fare for the round trip and will be honored in coaches and chair cars also in sleeping and parlor cars on payment of charge for space occupied intermediate class fares will be on basis of 85 per cent of the first class one way adult fare for the round trip and will be honored in coaches and chair cars also in tourist sleeping cars where operated on payment of charge for space occupied coach class fare will be on basis of 75 per cent of the first class one way adult fare for the round trip and will be honored only in coaches and chair cars tickets will be on sale from september 17 to september 27 1941 inclusive and return limit will be october 7 1941 stopovers will be allowed if longer return limit is desired consult railroad ticket agent ,0,0.6752605403779783
crystal bawlingthat was the year that was 1971 more presidential power and more presidential surprises changes in economic policies without producing effects for better or worse continued discontent among americans labor poor minorities aged young farmers i little ones business people little ones and people holding their collective breath for an unexpected pleasant surprise continued unemployment and continued inflation continued withdrawal of american troops together with continued heavy air bombing in indochina con tinued presidential objection to admitting red china into the united nations simultaneous with his friendly overtures to that country a disastrous nix on in the on red china and loss of world prestige tht protests over the war byyour cope dollar a winner at the polls in 1970 moil doll tri took a beating from nllatron id 19 0 but tire bn k you gave to com went further ttian aver belora it helped elect man friend of working people tlere i the bo gt ic r cope andorted candidate in 19 0 hcr liberal gain of 20 seats in as states the result wilt be better fairer law lor work ing people and than tarmlie and your cope dollar helped do the job m make 1972 even better give $1 to cope now continued on page two continued on page two continued on page two ,0,0.7810360122359673
