"date","volume","number","sentences","id","code"
"1900 03 03",52,11,"sulphite and paper mill workers john donovan los angeles central labor council and john f","s10476",0
"1900 03 03",84,1,"well now the fight is on and not only will jessie jackson bring some ex citement to the primary process he has the ability to register and bring to the polls regardless who the candidate is millions of new voters","s12404",0
"1900 03 03",28,51,"the injunction is used to make the union illegal and to outlaw its activity by judicial decree to penalize through equity procedure acts and agencies that are legal according to law as enacted by our law making bodies","s6791",0
"1900 05 05",33,34,"hearings in accordance with the provisions of the act authorizing its establishment the commission has conducted public hearings in various sections of the state to give opportunity to all persons interested to present their views as to what action the state should take to meet the problems of unemployment","s8440",0
"1900 05 05",11,47,"anderson of santa cruz cal requesting material for debate upon the asiatic exclusion question granted","s2587",0
"1900 05 05",11,47,"from home industry league stating that a large quantity of chinese cement is being brought into california referred to secretary","s2589",0
"1900 05 05",33,34,"a national opportunity to improve living conditions and to ameliorate the plight of cities which built up haphazardly during an era of rugged individualism will be missed if action is not taken before the coming winter mr","s8474",0
"1900 05 05",33,34,"it was further provided that work will be given to bona fide residents of wisconsin and emergency work will be staggered so as to provide jobs for as large a number as possible","s8486",0
"1900 05 05",18,3,"we found that there is a general system in vogue in the check room privileges of hotels and restaurants and some of the persons holding these privileges operate in the larger cities throughout the united states","s4328",0
"1900 05 05",18,3,"the number of other ofllces to be opened depends however upon the amount of money approp dated for this purpose and any ac the legislature may take towards he elimination of the private agencie","s4356",0
"1900 05 05",21,4,"what to do carpenters not receiving their check should immediately write to the fund office supplying their new address","s11974",0
"1900 05 05",21,30,"but and this question may well be put to the learning of new england to the thought of the south will we add unto our strength by introducing into our country a people alien to our laws our religion our traditions our ideals our national conceptions a people with no inclination no capacity foi self government","s4967",1
"1900 05 05",9,23,"customary reports will be tabled and only the cardinal and salient points replete with roseate pleasure will be presented","s2009",0
"1900 05 05",25,34,"one afternoon as she was running down the brush bordered lane which was the last of her route the child saw what appeared to be a very strange animal with downbent head and terrifying horns","s5787",0
"1900 05 05",69,16,"reliance on the states to improve standards is a throwback to the eisenhower administration observes james o brien an unemployment insurance specialist in the afl cio dept of social security","s11477",0
"1900 05 05",25,52,"it is charged that the reactionary element in that island resorted to coercion and other illegal means to rob the workers of their well earned election victory","s6470",0
"1900 05 05",4,22,"the doctor can use a word a yard long without knowing what it means but if the editor uses it he has to spell it","s973",0
"1900 05 05",1,39,"report was made that everything was in readiness for the first annual ball of the union which will take place to night october 27th at odd fellows hall","s343",0
"1900 05 05",3,22,"french the energetic business agent of bridge structural iron workers no 31 visited palo alto in the interests of his craft last thursday","s643",0
"1900 05 05",27,22,"labor saving machinery may be installed but employees are denied any share in this increased efficiency while rigid living standards are based on government statistics","s6003",0
"1900 05 05",67,11,"arbitration board chairman andrew fawver jack kessler dan sweeney william mulkeen pres compliments of western pipe engineering co inc","s11483",0
"1900 05 05",30,41,"heaven help the sailors on a night like this will take on a new meaning punch","s7690",0
"1900 05 12",22,6,"we lost brother john aleximas to the grim reaper this past month in the state of florida where he has been retired for the past 12 years","s12193",0
"1900 05 12",11,47,"the board of the asiatic exclusion league met at its headquarters 815 metropolis bank building and in the absence of the president and vice president was called to order by delegate knight at 8 p in saturday","s2590",0
"1900 05 12",27,49,"migration and immigration numbers of native agricultural workers are said to have decreased progressively in the past decade due to a general movement on the part of these classes toward cities and towns to engage in better paid industrial occupations","s7299",0
"1900 05 12",29,9,"these men are telling our senators and representatives in washington that there is a scarcity of labor here and that the mexicans are needed to do the necessary work in san francisco and california","s6824",1
"1900 05 12",21,30,"we want no antagonistic races we want no hostile classes we want no castes we want no serfs we want no beasts of burden we want no anarchists we want no aliens incapable of republican government we want no pagans burning incense to confucius","s4992",1
"1900 05 12",21,30,"but you men of the south do you welcome or will you permit the invasion","s4977",1
"1900 05 12",30,47,"secretary mellon in announcing his plan said it would be economy for the government to push the work to completion","s7780",0
"1900 05 12",1,14,"as an example we have seen the organizedeffort of the cloak and suit manufacturers to disrupt the cloakmakers union in order that they might hire japanese labor","s16",1
"1900 05 12",30,47,"if the house carpenters succeed in establishing among themselves the eight hour system and i hope and believe they will it will be but a few weeks until eight hours will be as regularly a day s work as ten hours have been heretofore","s7826",0
"1900 05 12",1,14,"for some time past the numbers of japanese entering this city and state have shown a rapidly increasing ratio to other immigrants until they have now become an actual factor of competition in every pursuit manual labor mechanics arts and sciences","s27",1
"1900 05 12",72,9,"affiliates wishing to order the film should specify both a preferred showing date and an alternative date and agree to return the film to the federation s san francisco office within 24 hours after showing it","s11731",0
"1900 05 12",1,14,"to do this sufficient pressure must be brought to bear on congress to force the enactment of such exclusion laws as will exclude","s08",1
"1900 05 12",9,23,"there the finger was placed squarely upon the point of the whole problem of centralization and states rights","s2037",0
"1900 05 12",1,14,"the working people realize their situation today as they have never done before and they are not only ready to relegate to the political backyard any lawmaker who neglects his duty or is found to oppose any legislation which the people and the best interests of the country demand but labor is also ready to start a vigorous crusade against mongolian made goods and all employers of asiatic labor","s10",1
"1900 05 12",40,25,"also with certain modifications the treatment may be used effectively on slender people don t ignore the women s vote says mrs","s9149",0
"1900 05 12",1,14,"the san francisco labor council and the building trades council have entered in full earnest to combat the asiatic curse recognizing that unless the gates of our country are closed against the invading hordes of chinese and japanese the pacific coast states will in less than one generation be flooded by asiatics and enslaved by farm and factory lords","s11",1
"1900 05 12",74,9,"in addition it extends federal wage and overtime requirementswage controls endmoscone bill bars illegal evidence in u l","s11794",0
"1900 05 12",74,9,"senator moscone noted that since a november 1968 decision president benefit decision number 57 by the state unemployment appeals board illegally seized evidence has been admissable in all stages of unemployment appeal hearings","s11796",0
"1900 05 12",74,9,"while normal rules of criminal procedure do not apply in unemployment hearings moscone said we ought to outlaw the use of illegally seized evidénce in any governmental proceedings","s11797",0
"1900 05 12",25,21,"given this opportunity the law abiding citizens of san jose by r hfg reuijority vote repudiated the illegal socalled american plan and cast their ballots for the labor candidate who stands for real americanism","s5746",1
"1900 05 12",7,2,"now it is extending around its borders property across the street is undesirable for whites and the mongols take it","s2032",1
"1900 05 12",85,15,"roots general president operative plasterers and cement masons international association of the united states and canada 7th vice president of the bctda native of berkeley california melvin h","s12514",0
"1900 05 12",16,36,"advance in labor conditions must proceed with a fair degree of uniformity throughout any line of industry","s3996",0
"1900 05 12",21,46,"men and women with youth health and good jobs go blithely on living up to every cent they earn making no provision for the future and saying confidently for me the rainy day will never come","s5749",0
"1900 05 12",3,33,"any toiler who possessed of the knowledge that he can be partially the means by which the union cigarmaker and his family may have a comfortable living a pleasant home and a little of life s happiness deliberately smokes a chinese or eastern scab cigar is guilty of the grossest heartlessness and cruelty and through his selfish indifference to the welfare of his brother toiler is unworthy of the respect or consideration of his fellow men i is an ulcer on labor s cause and a scab at heart","s804",1
"1900 05 12",11,2,"no fair idea of france can be gleaned from the champs elysee the rue de la paix and the boulevards des italiens any more than could be gathered about america or new york by looking only at broadway and fifth avenue","s2444",0
"1900 05 12",7,2,"he is the son of white laborer who was guttered s the unequal contest bis sons miss their schooling and at working ts bad to compete wjth chinese la a the competition was impos a","s2037",1
"1900 05 12",1,5,"the success of the cloakmakers union in this fight means sanitary workshops white labor and fair conditions its defeat sweat shops with their attendant horrors and mongolian labor in the cloakmaking trade","s54",1
"1900 05 12",15,7,"we your committee believe that to enforce the request literally would result in serious complications we therefore recommend that same be referred to the executive officers of the state b","s3333",0
"1900 05 12",5,16,"seven eights of the union mechanics in the building crafts in sacramento are now at work under closed shop conditions","s1401",0
"1900 05 12",5,16,"furniture handler s union no 1 meets second and fourth mondays of each month friendship hall 927 mission st","s1473",0
"1900 05 12",66,15,"anyone able to help in this respect please donate at the peninsular hospital in millbrae","s11161",0
"1900 05 12",5,38,"the better opinion is that the common law did not include labor organizations among combinations m restraint of trade which were illegal because during the reign of edward vi and george 111 statutes were enacted which subjected workmen conspiring either treduce the time < t labor or to their wages to punishment and imprisonment","s1337",0
"1900 05 12",24,37,"in giving the truth about san francisco to the public the san francisco call is to be highly commended and in behalf of organized labor we take this opportunity to thank the san francisco call for telling the truth about union labor japanese appreciate labor s aidpresident gompers of the american federation of labor received from the japanese ambassador an expression of deep appreciation in response to mr","s6241",0
"1900 06 02",30,47,"47official paper of the state and local building trades councils of californiasan francisco saturday november 23 1929$1 50 per yearplan full time work for convicts while army of law abiding citizens are unemployedshall all convicts do regular full time work","s7759",0
"1900 06 02",45,47,"uso camp shows also provide recreational and welfare services in this country setting up travelers aid desks hospital show units hospitality houses and mobile services","s9851",0
"1900 06 23",87,10,"illegal contracting activity uncovered by the labor research group on behalf of the alameda county building trades has resulted in hatch being debarred from bidding on future public works contracts in california for two years and has cost them hundreds of thousands in penalties","s12649",0
"1900 06 23",23,1,"the problem becomes moi e a question of metallurgy than design and it is only by close < ollaboration between the foundry and the designing office and a good deal of experimenting that the right solution will be found","s5878",0
"1900 06 23",11,19,"nicolls is in receipt of letters from every part of the country asking for this investigation and witnesses from the border states have signified their willingness to come to washington and testify before a congressional committee as to the systematic persecution in this country of the political enemies of mexico s president by the united states officials","s2436",0
"1900 06 23",3,22,"soldiers remarked the kansas city journal are the only ones who really have pride in their profession","s684",0
"1900 06 23",34,14,"our appeal is to the heart and conscience of the world let those who officially speak for germany be advised that the people of our beloved land will neither tolerate nor condone the persecution of the people of a noble race who through all the centuries of recorded time have made a distinct contribution to the advancement of the moral spiritual and intellectual well being of the human race it is in this spirit and in this purpose i join with vou in this most extraordinary and impressive meeting","s8592",0
"1900 06 23",27,24,"if a porter misses his line because of doubling he is not paid during the time he must wait to catch his regular run","s7038",0
"1900 10 20",47,7,"we won t let you wear it unless it fits outfitters since 1965 ★ sir hxrcisci oarlani leikeiet nil alto fresno san jose is llt 01 america s finest pure white quality toilet tissue buy the 4 ii family pak cpmfo ioj ost fnew m abin dell milk rlzt® 6 fa sts habindbi m bbrn listen to budda s amateur hour every saturday 8 00 p","s9846",0
"1900 10 27",4,28,"they did it and did it with such results that even furuseth who during the entire controversy has befriended the union lumber company began in the eleventh hour to talk about settlement japanese working women the social condition of woman is a fairly trustworthy meas t ure of the civilization of a state and judged by this standard japan has not yet reached the summit of aa estem culture","s1049",0
"1900 10 27",27,22,"for some little time johnnie drove his car through imaginary towns up hills and across rivers","s6966",0
"1900 10 27",27,22,"japanese scientific mission a japanese scientific mission composed of some ten persons has arrived in para despatched at the suggestion of the tokyo cotton spinning association to study the prospect of the cultivation and development of that product in the amazon valley","s6983",0
"1900 10 27",15,22,"the poll tax is one of the earliest and crudest methods of raising taxes used by ancient and oppressive governments","s3557",0
"1901 02 02",23,17,"how the ford mind operates is shown by this story in an article by aaron hardy ulm in forbes magazine n","s6014",0
"1901 05 04",1,15,"he presented incidents where japanese have displaced white men and white women in employment in shops factories and the fields","s119",1
"1901 07 13",36,6,"over forty public bodies were notified of commissioner nolan s stand that such classifications are illegal in california and not one has failed to cooperate in preserving california standards and rules of fair competition in this regard the commissioner announced","s8291",0
"1901 07 13",9,31,"this is the man who declared boycotting was illegal and asked the supreme court to outlawtrade unions in the interests of law and order","s2168",0
"1901 08 03",48,5,"in spite of this fact attorneys for the plaintiff tried for a whole week in the sonoma county superior court to find some evidence which would convict them of contempt of court","s9866",0
"1901 08 03",20,5,"these officers had the power to determine whether the workers were entitled to the insurance and other benefits","s5346",0
"1902 02 22",33,7,"the aunt agreed with me and i asked her how she came to understand children so well and this was her answer i always try to put myself in the place of the child and then intensify the feeling","s8384",0
"1902 02 22",5,10,"the worker of brisbane australia says that as the whole of the chinese furniture trade bosses in melbourne conceded the demand for increased wages all their pig tailed employees resumed work","s1353",1
"1902 02 22",38,7,"it has instigated the organization of extralegal strikebreaking vigilante groups such as the flint alliance and the citizens league of anderson resulting in illegal violence against the unionists and denial of their rights of free speech and assemblage","s8568",0
"1902 02 22",7,2,"since i came a ship landed a thousand chinese laborers and thirty five prostitutes shipped to the masters here for whom they must slave in infamy","s2026",1
"1902 06 28",49,28,"gaffney assemblyman 26th district addressed the delegates and thanked them for their support in the past election","s10399",0
"1902 06 28",20,19,"nevertheless business has co operated with the government in a fine and patriotic spirit and has thereby gained greatly in governmental esteem and in the respect of the people at large","s5498",0
"1902 06 28",15,41,"casey did not explain to the audience how the unions came into possession of the documents but it is supposed that these are the records which are said to have disappeared from the office of the m m","s3723",0
"1902 08 02",3,29,"george holl 3004 mission st bat 2 th ft 27th sts bm oomplete took of uni tod worfetaamen s man shoes also ladles shoos buo by slobe shoo company and t o","s731",0
"1902 08 16",6,45,"what further information is contained in the returned papers may be summed up as follows the japanese are extremely clannish one gang having but little in common with other gangs except that they combine to get employment from the white laborer","s1811",1
"1902 08 16",25,5,"lundström hats are made to retain their form and snap for the season at least","s6382",0
"1902 09 13",1,15,"where the chinese have been competitors in boots and shoes cigars brooms and clothing in the latter industry lately depriving four thousand wives and daughters of exsoldiers of the work of making the uniforms worn by our soldiers in the philippines so are the japanese now coming forward as formidable competitors in furniture fancy goods crockery and restaurant and other lines of business and throughout our city can be seen the small cobbler shop in competition with the american shoemaker across the street ihey have even invaded the professional line an is evidenced by the signs of doctors and dentists even going into the occult sciences and foretelling the futnra","s152",1
"1902 09 13",10,33,"the executive board of the asiatic exclusion league met at its headquarters 815 metropolis building saturday august 7 and was called to order at 8 30 p m by the vice president the president being excused on account of absence from the city","s2360",0
"1902 09 13",11,2,"efforts to get the people to thinking abolit the church and labor as having vital relationship to each other","s2433",0
"1902 09 13",18,41,"secretary treasurer paul scharrenberg and president daniel murphy were both re elected bv the unanimous vote of the convention for another year report of committee on legislationthe members of the legislative committee to this session of the state federation of labor are of the opinion that the anti injunction bill presented by this body to the last session of the legislature by senator flaherty and receiving the endorsement of both houses of our state body should be again presented at the next session of the legislature and vour committee recommends that this action be concurred in","s4865",0
"1902 10 18",12,11,"tveitmoe believes that when the hills pass prohibiting this class of aliens from owning any land in california those who already have gained title to land will eventually dispose of it for the reason that without others coming in to join their ranks they would find it quite unprofitable","s2681",1
"1903 01 03",1,15,"dam at the metropolitan massmeeting may 7th we are assembled to night to discuss the japanese labor problem and its relation to american labor in california","s125",1
"1903 01 03",25,47,"new business in accordance with the request of the san francisco labor council president flaherty appointed the following committee to represent the building trades council of san francisco and to co operate with the labor council in making the arrangements for the theater party f","s6429",0
"1903 01 03",20,2260,"we will try to follow with a first aid course and still continue with our module programs","s11887",0
"1903 01 03",41,20,"nothing she said could induce her to run for anything or to accept an appointive office at any time for any reason 4 hat disposes of rumors that the tirst lady planned to run for congress against congressman hamilton fish new york republican representing the district in which the roosevelt hyde park home is located security against the inevitablecharles evans hughes who is now the distinguished chief justice of the united states once said this as a young man i realized that there was one way a man without capital could protect his family from the vicissitudes of fortune and make proper security against the day that comes tb us all that was through life insurance","s9266",0
"1903 01 03",41,20,"as surprising as it may seem on the average 24 500 people a day secure service in some form from the eighty five welfare organizations of the chest gret your next suit at roos bros","s9270",0
"1903 02 21",3,38,"the little more than 3 000 000 colonists rose in rebellion and gave tl e world that magnificent sentiment which will ring down through all the ages that all men are born free and equal and to each is vouchsafed the inalienable right to enjoy life liberty and the pursuit of happiness","s593",0
"1903 03 21",5,16,"after several months of agitation as to whether or hot it would be of benefit to the 450 members of the boston building laborers union to attach themselves to the international hod cariers and building laborers union and thus secure affiliation with the national structural building trades alliance and the american federation of labor it was decided by the union appointing a committee to secure a charter from the international union one hundred and ten colored waiters in memorial hall harvard s big eating house have threatened to strike and 1200 crimson students are wondering where they will feed themselves in case demands of alleged overworked negroes be not satisfied","s1423",0
"1903 05 30",10,33,"spiers who has spent considerable time in the southern part of california who had advised him of the inroads made by the japanese in that vicinity giving the names of several large firms which were controlled by japanese and operated by whites","s2370",0
"1903 06 27",20,33,"simons f the american alliance for labor and democracy i enine disconcerted his parlor proselytes when he frankly avowed his program of violent seizure of power by a minority and its maintenance through terror directed by a few autocrats presuming to speak lor the proletariat","s5561",0
"1903 08 08",49,8,"since that time he had been an active member of local no 22 serving as business representative for a while","s9932",0
"1903 08 08",27,49,"she ate large dishes of it whenever it appeared on the table and sundry fragments salvaged trom the kitchen after the table was cleared","s7264",0
"1903 08 08",43,27,"in the wealth of the wood since the world began the trees have offered their gifts to man henry van dyke drummond wrote two painters each painted a picture to illustrate his conception of rest","s9382",0
"1903 10 03",46,42,"union representatives who are experienced in civil service procedure see in the proposal an excellent opportunity to pass the buck if some future commission should take advantage of this omission and appoint three employees to do the work which is now being handled by","s9758",0
"1903 10 03",43,27,"tell them you want to buy war savings bonds regularly starting now get your next suit at roos bros","s9452",0
"1903 10 31",30,47,"now we are about to adjourn not to meet again until the result of our deliberations shall have culminated and i hope in one of the grandest processions that has ever marched the streets of this city","s7825",0
"1903 10 31",72,9,"this was true enven though the compliance officer explained that the fair labor standards act protects workers against such vengeful acts by employers","s11743",0
"1904 04 02",49,8,"the program adopted for the conference calls for the establishment of committees at the local state and national level to undertake the job of organizing trade union veterans in their fight on the law","s9962",0
"1904 04 02",32,34,"we further propose that a plan of stabilization of industry of economic planning of a thorough definite and accurate survey of economic needs and of the actual adjustment in working time reqiired in order to supply all with an opportunity to work be formulated and put into effect","s7370",0
"1904 04 02",3,4,"in our modern factory we manufacture complete outfits for ladies children and infants employing skilled white labor exclusively 918 922 market st","s634",1
"1904 04 02",18,12,"fifty per cent of the entire native american population of the pacific coast states has migrated from other sections of the country to make permanent homes here","s4634",0
"1904 04 02",74,9,"to not do so is to encourage eavesdropping and invasions of privacy about which so many people are so justifiably concerned concluded senator moscone there was a collective sigh of relief in the american labor camp on may 1 two and one half years after the federal government had instituted a system of wage and price controls which was intended to relieve an in flationary economy a relief that never came","s11798",0
"1904 04 02",18,12,"in 1910 a normal year prior to the later great rush new york had 580 000 alien immigrants and san francisco 3000","s4638",1
"1904 04 02",9,23,"in many respects the russian form of labor organization resembles that of the american unions of the early period of their development vladimir v","s2034",0
"1904 04 02",1,14,"the citizens of this coast must at once make a decided stand for the absolute exclusion of the chinese and japanese","s06",1
"1904 05 14",32,34,"labor council demands that the exclusion law apply to filipinosat the regular meeting of the san francisco labor council held august 14 the question of the present exclusion law was the subject of lengthy discussion owing to an article appearing in the christian science monitor which claimed tliat labor on the pacific coast had reversed itself regarding persons ineligible to citizenship of the united states","s8126",1
"1904 05 14",9,23,"poultry from texas for less than a cent and a half a pound beef from western ranges at less than a cent a pound","s2069",0
"1904 05 14",1,14,"japanese laborers are now flooding our shores at the rate of nearly i oth a week","s12",1
"1904 05 14",1,14,"the mass meeting to be held monday may 7 at the metropolitan temple is but the signal for a general anti asiatic crusade","s13",1
"1904 05 14",9,23,"that the officers of the chicago federation of labor be instructed to request the illinois state f ederation of labor to call a conference of the centra","s2083",0
"1904 05 14",74,9,"moscone has introduced legislation designed to prohibit the use of illegally seized evidence in state unemployment hearings","s11795",0
"1904 06 11",25,21,"bigger member of carpenters union no 316 of san jose a consistent aggressive trade unionist representative of the law abiding american citizenry of san jose was found to be elected by a handsome majority over the candidate of the industrial association which for three years past has been engaged in an illegal conspiracy against labor the public and the united states government","s5744",0
"1904 06 11",65,8,"the agreement with associated general contractors agc and engineering and general contractors association egca climaxed four weeks of spotty picketing","s11009",0
"1904 06 11",65,8,"subsistance allowances for work in areas defined in the contract go up to $7 a day this year $8 in 1966 and $9 in the third year","s11028",0
"1904 06 11",18,12,"t native well it used to be until j folks began cornin here for a rest ijjoston transcript shall the saloon control the labor movement","s4652",0
"1904 06 11",18,12,"mccarthy s report ordered sent to state legislature hotels in marysville were swamped when the delegates to the seventeenth annual convention of the state building trades council which is now in session at the hub city began to arrive last sunday afternoon","s4669",0
"1904 06 11",18,12,"to me there is nothing more impressive than these periodic convocations of the chosen representatives of labor","s4695",0
"1904 06 11",18,12,"in the last analysis labor is the ultimate producer of all wealth and labor clarion tongucd demands that her sons shall be paid a living wage","s4697",0
"1904 06 11",18,12,"we have clasped their honest palms and we have found them to be incomparable hosts","s4702",0
"1904 07 09",18,41,"as of june 30 1917 there was paid the sum of $537 783 49 for compensation and medical cost","s4851",0
"1904 07 09",47,7,"the remainder 166 concerned various other labor laws as follows child labor 52 private employment agencies 41 collective bargaining and anti kick back 16 weekly day of rest 15 sanitation and ventilation 9 misrepresentation 6 semi monthly pay day 5 all other 22","s9825",0
"1904 07 09",25,21,"elythe so called american plan branded as illegal by the federal courts was repudiated at the polls by the law abiding citizens of san jose at the municipal election held in that city last tuesday","s5741",0
"1904 07 09",30,49,"evans would nullify oregon s eight hour law applying to public work by the simple trick of ruling that when workers labor more than eight hours they are parties to an illegal contract and therefore can not collect for overtime","s7948",0
"1904 07 30",21,3,"and to raise the initiation fee for helpers in the kie con yard from $loo oo to $130 00","s11926",0
"1904 07 30",35,14,"the work is intended to save millions of acres of fertile land from being transformed into washes by the invasion of gullies bearing water streams which strip the soil","s8066",0
"1904 07 30",15,39,"we must remember that wisdom makes the countenance to shine intellectuality cuts and chisels the features so that the signs of sensuality and sloth are removed and that purity benevolence and unselfishness kindle an illuminating flame which adds glory to the plainest face","s3607",0
"1904 07 30",15,39,"this is the truth back of our child i hood maxim handsome is as hand i some does the people s home j journal","s3608",0
"1904 10 15",44,20,"tobriner submitting his bill in the amount of $250 00 for legal services rendered re united states of america vs","s9611",0
"1904 10 15",20,33,"the packers coal mine owners shoe makers clothing factories builders in fact every business puts up no such weak plea of continued loss in earnings they don t have to","s5559",0
"1904 10 15",24,37,"59 4 per cent of the families were native white and 25 per cent colored","s6262",1
"1904 10 15",29,9,"during the hearing before the blouse committee on immigration it developed that there are already in california approximately 1 000 000 mexicans the majority of them in the large cities like san francisco and los angeles that the majority of them are objects of public charity that 25 per cent of the white inmates of san quentin penitentiary are mexicans and that 25 per cent of all the crimes committed in california are committed by mexicans","s6827",1
"1904 10 15",30,11,"wide provisions the foregoing provisions must also apply to persons performing labor in the commissary or other auxiliary department of labor conducted in the course of the execution of such contract or any part thereof and the said provisions shall also apply to any work done for or by the city or any officer board or commission thereof when such work is to be done at the expense of the city or paid for out of moneys deposited in the treasury","s7557",0
"1904 11 05",15,39,"it imply resolves itself into the acts of the genuine friend who in a helpful spirit does all that she can to better the conditions of a family in which she is genuinely interested","s3634",0
"1904 11 05",66,2,"pr 5 6722 san francisco 94102 notary public maude woodmansee nash formerly with fairmont hotel 65 lick place between post sutter san francisco california phone yukon 6 4493 campaign advertising union dues buttons 177 minna street 362 1727 san francisco w i tty famous roman nopdle dish cooks in 3 minutes","s11138",0
"1904 11 12",33,3,"the list of delinquents posted by the local union secretaries is known as the slackers list","s8241",0
"1904 11 12",46,24,"employers who are found to be in violation of the wage stabilization act are subject to disallowance in computing their costs for income tax purposes of the entire illegal payroll and not merely the amount of the improper overpayment","s9951",0
"1905 01 07",58,10,"i recognize that as an employer representative it is quite unusual for me to be among those who are opposed to the right to work proposal he told the teamster lawyers","s10947",0
"1905 01 07",87,10,"this is the only time of year that you will be given the opportunity to change your present coverage to kaiser or union labor life of bay pacific plan","s12640",0
"1905 01 07",87,10,"have a great one ö $ 0 millmen s milestone angelo balistreri business representative frank mendibles asst","s12676",0
"1905 02 11",17,9,"all editorial or other reading matter published in any such newspaper magazine or periodical for the publication of which money or other valuable consideration is paid accepted or promised shall be plainly marked advertisement","s4189",0
"1905 02 11",19,4,"thompson continued i do not want to minimize the russian problem but americans are too prone to forget the trials and tribulations our nation suffered after we had established our independence","s5063",0
"1905 02 11",19,4,"i sincerely believe that russia is pointing the way to general peace just as she is pointing the way to great and sweeping world changes","s5094",0
"1905 02 18",30,43,"ilns the total amount of farm mortgage indebtedness in the united states on january 1 1928 was about $108 000 0 30 or about 1 per cent greater than on january 1 1925 the bureau of agriculture states new mexican penal code effective january 1the new mexican national penal code abolishing the death penalty for common crimes and substituting trial by committees made up of alienists and other experts for the jury system will become effective january 1","s7720",0
"1905 05 20",19,46,"there is only one acceptable finish to the war and that is the unconditional surrender of the teutonic powers so that war may be abolished for all time or that we may come as near that result as possible","s5237",0
"1905 06 24",19,46,"this veteran has a wound chevron on his sleeve and is quoted in a local newspaper there is one kind of news that roiles every soldier to know that some dastardly creatures are making great sums of money by illegally squeezing the government and the people at home for whom you are giving your life if necessary arouses a feeling that you can t describe except that you despise and hate these traitors as much as you despise and hate the hun","s5294",0
"1905 10 14",17,38,"this remarkable structure will be the new building now being erected for the southern pacific company in san francisco to pccupy an entire city block on market street from steuart street to spear street a distance of 215 feet on market street with a depth of 209 feet to the private street running parallel to market between it and mission street","s4265",0
"1905 10 14",17,38,"smart dress styles union stamped men s patent colt dress shoes new and very nobby black cloth tops latest shaped toes close edge soles military heels","s4336",0
"1905 12 02",52,11,"personal comment the stiff excise tax proposals are of course just a form of sales tax","s10513",0
"1905 12 02",41,20,"several families got together and have begun to clear up the littered playground behind the apartment and make it safe and pleasant for the children","s9259",0
"1906 02 03",15,39,"native of norway denmark or sweden lured by the charms of the garden of eden","s3596",0
"1906 02 03",21,3,"the comparison of a speed tennis shoe mechanic with a highly qualified fully trained journeyman with pride in his work is not only unfair but is breaking the conditions of the trade beyond that with which we can cope","s11952",0
"1906 02 03",25,52,"commonwealth college has nearly 100 students all of whom help to earn their way by working four hours daily in the colony s various enterprises","s6500",0
"1906 02 03",69,8,"the awards will be made at the regular meeting in september and incidentally they are sharp looking tv s","s11922",0
"1906 02 03",43,44,"auville assistant field director in the fiji islands now in washington to report to chairman davis revealed that the american troops have been enthusiastically received by the natives as well as the british residents","s9507",0
"1906 02 03",1,39,"f of l also assisting in adoption of constitution with president of the council and secretary of the cloakmakers union called on m","s306",0
"1906 02 03",16,13,"these have all however been recorded in the minutes of the local council are regularly published through our official paper organized labor much of the news matter has also been printed in the public press","s3841",0
"1906 02 03",16,13,"on february 18th the local council at its regular meeting adopted the following resolution whereas there is now pending in the state legislature a bill fixing the term of judges of the superior court at twelve years instead of six years but providing that said judges shall be elected by the people and whereas the term of the judges of the supreme court and of judges of the district court of appeal is twelve years and there is no reason why judges of the superior court should not be elected for a similar term and whereas it has been proposed to make the judges of the courts of california appointive and to deprive the people of the privilege of electing their own judges and whereas","s3858",0
"1906 02 03",16,13,"we believe that the people are fully capable of electing their own judges and that the system of an elective judiciary guarantees in a measure that the judges of our courts shall not become alien to the common people and representative of private or political interests and whereas we believe that the system of an elective judiciary is essential to preserve both the rights of the people and the freedom of the courts now therefore be it resolved that the building trades council of san francisco endorses and approves the bill providing the twelve year term for elective judges of the superior court subject to recall or impeachment and opposes any proposal by which the power of selecting judges shall be taken away from the people and placed in the hands of any official or group of officials","s3859",0
"1906 02 03",52,16,"jack reid of the department of public health and member of butchers 115 says support mattrocce newstat and o marie and show the health service board that we know that our friends in private employment and under union contracts are getting better medical benefits than we are","s10543",0
"1906 02 03",30,49,"the company has been quietly raising prices and the lower prices now widely heralded only offset these advances","s7921",0
"1906 02 03",30,49,"on this basis says barron s authoritative financial journal the public is little better off in purchases of ford product than in 1927 when business conditions were considered sufficiently sound to require no artificial stimulus from the ford price policy","s7922",0
"1906 02 03",14,52,"a gloomy mood as a rule is not conducive to the accomplishment of best results","s3261",0
"1906 03 10",4,28,"the respectable firms of merchants likewise rigidly excluded members of the fair sex refusing to employ them as saleswomen only in a few cheap bazaars where the work was very fatiguing and the pay utterly inadequate were women to be seen behind the counter","s1060",0
"1906 03 10",31,22,"there is no law that prevents their patrons from going to these stock gambling marts at any hour they desire","s7229",0
"1906 03 10",45,28,"grimmer evidence still were the stiffened bodies of dead american youths who advanced into the deadly fire of the defending nazis casualties during the first eleven days of the invasion amounted to more than 3 000 americans killed and more than 12 000 wounded","s9755",0
"1906 11 17",25,52,"but without adequate occupational disease compensation our state safety and health inspectors are deprived of their greatest aid in promoting industrial hygiene in the factories mines land workshops of america","s6479",0
"1906 11 17",14,52,"exclaimed the elderly english lady to her husband on her first visit to the united states","s3243",0
"1906 11 17",71,16,"within the union he served as a trustee on the health and welfare and pension plans for the marine industry","s11649",0
"1908 06 06",68,7,"the san francisco building tradesnews deadlines please post the deadline for twicemonthly news copy is on tuesda y s preceding publication dates second and fourth mondays","s11384",0
"1908 06 06",47,23,"evening calls to hospitals homes offices by appointment only phones west 4307 and west 6710 405 baker street at hayes near s","s10044",0
"1908 06 06",51,49,"as a medium for selling to other unions and to outside sources any project which a particular union or council may be interested in and especially a work stoppage","s10365",0
"1908 06 06",15,19,"burke all civilized governments and all the rational and reasonable thinking men of our time including the vast majority of the employers of labor have learned from study and experience and are supremely cognizant of the fact that the trade union movement is the natural product of our peculiar industrial conditions and is an absolute necessity for the well being of the workers and society in general","s3443",0
"1908 06 06",15,19,"they aspire to ride the topmost wave not of tempestuous ocean which tries the heart of oak and the hand of iron but of some pitiful sectarian mud puddle or political goose pond","s3485",0
"1908 06 06",28,50,"for instance in the case of an alien ordered deported because convicted of crime and sentenced to a year or more in the penitentiary if after the deportation is ordered and before execution a complete pardon is received from the governor of the state under whose law he was convicted the case would be reopened thus getting into the record of cases reviewed a second time","s6676",1
"1908 06 13",16,13,"the company gave the union their notice two weeks ago and up to the present we have been unable to settle the difficulty","s3908",0
"1908 06 13",16,13,"in conclusion we wish to thank the officers of the state council for the advice and assistance given to the sacramento building 1 rades council during the past year and also extend to this convention an invitation to hold the sixteenth annual convention in sacramento the heart of california","s3838",0
"1908 06 13",60,24,"the warning was made with special feeling by del a director of the golden gate bridge highway district who was largely instrumental in helping win these conditions as a bridge director and as former secretary of the building trades council","s10729",0
"1908 06 13",34,21,"a half day or a day knocked off the week revolutionizes the living ways of people","s7997",0
"1908 08 01",28,50,"w etc 52 assisted aliens 337 barred zone 100 children under 16 unaccompanied 215 crimes involving moral turpitude burglary felony forgery grand larceny murder perjury robbery smuggling etc","s6678",0
"1908 08 01",18,6,"phone market 1675 san francisco carhartt overalls first in the hearts of true union men factory fourth and mission streets san franciscono first payment necessary for $25 00 worth of carpets or furniture small weekly payments newman s furniture carpets mission at 18th onnrrtrnannrtttttttttt rrt 11 1 phones sutter 4025 sutter 4033 grand buffet f","s4520",0
"1908 08 01",67,7,"the training program which is open to all union members and is aimed at sharpening leadership capabilities and broadening the union member s understanding of organized labor s philosophy and goals will open sunday july 30 and extend through friday august 4","s11208",0
"1908 08 01",20,19,"and as the path of competition was strewn with the commercial dead so also is the way along which combination ran","s5461",0
"1908 08 01",28,14,"the company produced 9 070 873 tons of coal in 1924 but output has declined since then","s6215",0
"1908 08 01",14,41,"you perhaps remember detective burns making a public statement that the conviction of tveitmoe was bv far most important","s3165",0
"1908 09 19",45,22,"in our opinion such an issue will cause great dissention between industry and labor at a time when it is most vital to unite for undivided attention for the prosecution of the war and the maintenance of essential production","s9632",0
"1908 09 19",5,50,"brick stone terracotta iron cementing on above contractor j w miller cost $32 221 50","s1789",0
"1908 09 19",5,50,"clement near sixth ave all work for a two st ory and basement frame building owner julia bressler architect j b ogborn contractor j b ogborn f b adams cost $5436","s1791",0
"1908 09 19",15,19,"the so called open shop is the antithesis to the union shop and therefore an economic falsehood and can never prevail","s3450",0
"1908 09 19",20,19,"it is not quite respectable any more than it is safe to take advantage of the government in trade either as to price or as to quality and there is a larger respect in the business world for the government s ability to take care of itself in these matters arising from certain experience therewith","s5497",0
"1909 08 14",17,50,"when i was in such a fight i never stopped to consider who the fellow beside me was so long as he was hitting in the same direction as i was","s4402",0
"1909 08 14",36,6,"president roosevelt advised him that he has placed the matter before the federal emergency administrator of public works for consideration and protests have been pouring in to washington from all quarters against this order since the commissioner so forcefully called the attention of all involved to what it will mean to organized labor throughout the country if this order is allowed to continue in force with its illegal and unconstitutional discrimination against union contractors who will be effectively barred from receiving any public works contracts so long as the order remains in force as they cannot meet the competition of open shop contractors who are permitted under it to hire as many as four rough carpenters assistants or helpers to one carpenter","s8293",0
"1909 08 14",5,24,"the international typographical union has withdrawn the charter from telluride printers union for taking part in the deportation of union miners the curious power","s1279",0
"1909 08 14",5,50,"they are those who use the forms of law to work injustice those who prostitute authority to selfish ends","s1843",0
"1909 08 14",83,6,"immigration service has found that many of the employees around the country are illegal aliens but the company bails them out as soon as they are arrested after all good labor at starvation wages is hard to find","s12478",1
"1909 08 14",15,22,"the brutal manner in which the latest strike in british south africa was crushed to please exploiting capitalists who stopped at no crime and the deportation of those persons who through the faith which the workers placed in them were at the head of the movement have all the more for the reasons stated aroused feelings of bitter disappointment and abhorrence","s3582",0
"1909 08 14",4,28,"curiously enough in the higher callings and professions which require skill or scientific training instead of mere mannual labor there was hardly any field for woman s activity","s1058",0
"1909 08 14",1,39,"director will proceed to sacramento and look after branch no 1 for a few days","s323",0
"1910 01 08",5,50,"the charge against these men is that they used such influence as they had to persuade american citizens to vote for or against candidates for office","s1826",0
"1910 01 08",23,1,"guldner gives 2 cylinder engine 1750 lbs 3 cylinder 1300 and 4 cylinder 1100 lbs of concrete per b","s5890",0
"1910 01 08",23,1,"i have gone into some of the details as above merely to show what an enormous field there is for an economical power producing engine like the diesel","s5893",0
"1910 01 08",14,41,"new home of the sailors and fishermen organized labor is indebted to its esteemed contemporary tbe coast seamen s journal for tbe accompanying illustration of the new san francisco home of the sailors union of the pacific and the alaska fishermen s union","s3107",0
"1910 01 08",21,3,"we of the building industry and in private enterprise have suffered more in the last eight years since the depression of the thirties","s11948",0
"1910 01 08",1,39,"frank bricker a member of the board of directors was appointed as financier of the union to look after the financial welfare and to hold for safekeeping all valuable papers badges etc and to assist the secretary","s315",0
"1910 02 05",21,5,"secretary of labor ray marshall is making his first trip to san francisco since his appointment by president carter to attend a meeting of the federal committee on apprenticeship","s12158",0
"1910 02 05",3,22,"americans he said had not solved the problem of evolving a high type of labor leaders","s665",0
"1910 02 05",11,19,"this gray haired woman who has been in the thick of every miners struggle for the last thirty years has lately made a trip along the mexican border where she received at first hand proofs of the systematic espionage persecution and imprisonment which continually follows mexican political refugees in this country","s2441",0
"1910 02 05",11,19,"it is well known that the great mineral belt running thrugh arizona crosses the border into the state of sonora mexico and that an economic menace to american miners is fast developing through the starvation wages paid mexican miners whose product competes with the output of american ore","s2439",1
"1910 02 05",26,13,"34 dealing with minimum wage for members of his craft and the committee recommended concurrence which was adopted","s6637",0
"1910 04 09",17,4,"entered at the postoffice at san francisco cal on august 20 1901 as secondclass matter","s4128",0
"1910 04 23",1,21,"it is notable that the miners parliament excludes the press and the public from its deliberations","s249",0
"1910 05 07",1,21,"such a refusal is an exercise of their own right of contract and it cannot be a violation of the right of anybody else","s267",0
"1910 05 07",18,8,"most of the women carried babies their faces showing the pinch of hunger in their arms","s4545",0
"1910 05 07",15,39,"after we have reached the age of responsibility each one of us makes his own face","s3602",0
"1910 05 07",1,14,"noted men in politics labor and science will address the meeting on behalf of the people attend the mass meeting at the metropolitan temple next monday night may 7th and help shut the doors on the japanese","s02",1
"1910 05 07",18,12,"it pays to day cash at pragers our bargains prove it hats trimmed free iiur market sc the bargain storeorganized labor saturday march 24 1917 7","s4667",0
"1910 05 07",69,16,"hummel was one of about 20 witnesses to appear at a fivehour hearing of an assembly sub committee presided over by assemblymman j","s11501",0
"1910 10 01",1,14,"be it further resolved that we respectfully petition our senators and representatives in congress to use their best efforts to enact a similar law or secure such international agreement as will secure this coast against any further japanese immigration and thus forever settle the mooted mongolian labor problem demands of the labor council the following resolutions in reference thereto introduced by w","s24",1
"1910 11 19",26,13,"at the request of the conciliator the workers remained at work pending settlement and an agreement was reached without recourse to strike","s6658",0
"1910 11 19",23,17,"there is much more to this analysis that is pertinent to the subject and that is worthy of careful study by every active man in the labor unions","s5949",0
"1910 11 19",23,17,"call tabloid of international labor newschina building building in shanghai was particularly active during 1921 there having been erected 5 344 structures of a total estimated valuation of $14 161 976","s5951",0
"1910 11 19",19,39,"if you act boldly you will make some mistakes you will suffer pain hut you will learn and you will live","s5152",0
"1910 11 19",12,17,"sanchez near 22nd all work except plumbing for alterations for two story frame building flats","s2717",0
"1911 03 18",12,17,"cost $5440 16th and guerrero excavation carpenter roofing mill stairs glazing j terracotta glazed brick hardware and plastering for three story and i basement frame undertaking establishment and flats","s2721",0
"1911 03 18",65,13,"we might add that more exact ing vigilance during budget periods over funds reqeusted by the various departments for proper maintenance will not be cut to the bone to the retriment of equipment and facilities of such departments which will result in higher costs and higher taxes in the following years","s11030",0
"1911 03 18",65,13,"cards for the non registered will be used by local cope to secure the registration of those members the job of checking registraj tions which usually takes volunteers in one county about three months will be done in a","s11091",0
"1911 03 18",23,17,"seamen s strike the recent strike of seamen dock workers and cargo coolies of hongkong has almost completely paralyzed shipping at that port there being over 250 000 tons of freight and 170 steamers tied up at the beginning of last month","s5952",1
"1911 03 18",28,19,"campbell who was murdered last october took the witness stand and identified madsen and pesce as two members of the party who attacked campbell his testimony was discredited when it was shown that coyle in testifying before the grand jury last october said that he could not identify any members of the attacking party because he was in a dazed condition his glasses were blurred and the men were running away from him","s6356",0
"1911 03 18",72,19,"they often respond to power pressures giving up against their better judgment unless they can prove a different public reaction","s11848",0
"1911 03 18",23,17,"tear down the barriers of prejudice and isolation with which certain elements are showing a tendency to surround you as with a chinese wall","s6026",0
"1911 03 18",30,9,"the japanese petition president hoover among the letters sent to washington for consideration of president elect hoover is one from the kobe japan japan ameri can society signed by its president shinkichi tamura","s7486",0
"1911 03 18",23,30,"read these reports regularly and keep yourself posted in regard to what is going on","s6148",0
"1911 03 18",23,30,"principle does not permit of dilution or amendment a fact that is ignored by politicians and barterers in the people s rights","s6170",0
"1911 04 29",27,22,"from wurtemberg 190 and from baden 201 out of every 100 000 inhabitants emigrated home education the child s first school is the family froebel issued by the national kindergarten association 8 west fortieth street new york city","s6959",0
"1911 04 29",34,14,"when great tall structures commanding enormous loads long spans and high walls as successfully resist an earthquake as did the los angeles city hall it must be obvious to laymen that smaller commercial buildings stores apartment houses churches schools hospitals and theaters surely can be built to protect life and limb","s8632",0
"1911 04 29",67,11,"the total package of the bricklayers local no 7 starting january 1 1969 will be $7 81","s11480",0
"1911 11 11",6,3,"marcus junius brutus the last of the romans has been extolled by the poets and philosophers of the last two thousand years not because he assassinated caesar but because of his unquenchable spirit and manliness","s1918",0
"1911 11 11",15,22,"the executive council of the amalgamated danish trade unions representing 110 000 members enters a protest against the inhuman illegal and uncivilized acts of the government of south africa which were directed against the workers during the recent labor dispute in that british dominion","s3586",0
"1911 11 11",61,8,"salvatore scoma monterey mohawk service drop in and let us serve you better 198 monterey blvd","s10775",0
"1911 11 11",12,17,"the abolition of all forms of in voluntary servitude except as a pun ishment for crime","s2736",0
"1911 11 18",34,14,"the amendment gives the president authority to fix the manner of recruiting the workers and the right to fix a cash allowance for the workers","s8569",0
"1911 12 23",29,52,"the passage of this amendment it is asserted would remedy difficulties often encountered by deputies of the division when they endeavor to ascertain the number of hours worked by men on public work where overtime is reported to have been worked in violation of the law","s7024",0
"1912 04 13",1,15,"it was a meeting of americans willed together to protest against a coolie invasion and to prevent american communities from being orientalized","s81",1
"1912 04 13",1,15,"congressmen do vries and needham expressed themselves emphatically in opposition to the further immigration of japanese and in favor of the enactment of laws to prevent it at once senator perkins declared that he was apposed to thei further immigration of japanese but he held that nothing other than a rigid enforcement of immigration laws can be done >ntil jbi treaty with japan is modifle these letters will be published in organized labor in the next issue","s84",1
"1912 04 13",1,18,"to effectively fight chinese convict and scab made shoes the san francisco labor council has organized the local boot and shoeworkers as a local of their national union and to day an agreement was signed between the united workingmen s boot and shoe co and the boot and shoeworkers union by which every boot and shoe henceforth turned out by this company will bear the union stamp of the boot and shoeworkers union","s187",1
"1912 04 13",30,9,"9organized labor saturday march 2 1929$1 50 per yearwould open the doors of the united states to japanesetwo units of the federal council of the churches of christ in america the committee on the orient and the national committee on american japanese relations decided in a joint meeting of their respective executive committees to put into operation at once plans considered prior to the recent election for securing immigration quota for japan","s7480",0
"1913 04 12",67,25,"94116 phone 564 2970 of menlo park 610 santo cruz avenue menlo park 94025 phone 324 1625booming economy","s11266",0
"1913 10 11",23,17,"public health service reports that efforts during the year to discover the unidentified food substance whose absence from the diet causes pellagra have excluded two of the three known vitamines","s5966",0
"1913 10 11",18,49,"the report is presented in eight sections showing the results of inquiries in eight separate districts of great britain","s4894",0
"1913 10 11",27,22,"i m hungry repeated johnnie and the tears started on their course down two rosy cheeks","s6970",0
"1913 10 11",5,27,"every contract combination in the form of trust or otherwise or conspiracy in restraint of trade of commerce among the several states or with foreign nations is hereby declared to be illegal","s1657",0
"1913 10 18",26,32,"he decried reports that there have been extensive bootlegging of emigrants or that there has been any great influx of smuggled aliens across the canadian or mexican borders condemn paint sprayingaberdeen wash the paint spraying machine was condemned at a conference of organized painters at their annual conference here","s6859",0
"1913 10 18",5,27,"chairman and gentlemen it has not been the aggressions of the labor organizations that have caused this disturbance bnt it has been the reckless unlawful and unprecedented use of the injunction","s1691",0
"1913 10 18",5,27,"simply nodded his head as he artlessly said bring out all wot you ve got an i ll try ally sloper husband now wipes the dishes a luray man objected to doing the chores around the house and attempted to show by quoting the scriptures that such duties belonged to the women","s1694",0
"1913 12 27",27,22,"it is the extra quality that we can pet into our shirts because we make them that has made eaoleson ft co famous for its fine shirts and enables us to guarantee every one unconditionally","s6991",0
"1913 12 27",27,22,"the star press printers and publishers 1122 1124 mission street san francisco books magazines newspapers church society and commercial printing phone park 6380 6381 good work fair prices emerald","s6993",0
"1913 12 27",5,27,"all are requested to help secure the enactment of this bill during the coming session of congress","s1643",0
"1914 02 14",30,48,"it is charged that some aliens are now employed on this work which is in violation of the state laws of california california will leave nothing undone to aid prosperity drivecalifornia was the first state to officially respond to the appeal of president hoover to speed up construction work as a means of relieving unemployment and stabilize industry as a part of the nation wide prosperity drive launched by president hoover at a series of conferences in washington the past week with leading bankers manufacturers farmers and labor officials","s7855",0
"1914 02 14",30,48,"letter from greenlocal labor organizations are in receipt of communications from william green president of the american federation of labor ur ng that the san francisco labor movement conduct an aggressive campaign of organization as part of a national organizing campaign care of aged workers is duty of industryby james p","s7878",0
"1914 03 14",27,22,"seine et oise seine et marne and oise the san francisco bank savings commercial incorporated february 10th 1868 one of the oldest banks in california the assets of which have never been increased by mergers or consolidations with other banks member associated savings banks of san francisco 526 california street san francisco cal","s6985",0
"1914 03 14",30,48,"so that when you ride trains or street cars when you purchase electrical machinery or appliances or buy a kodak or rent a telephone in the price you pay is included the cost of such insurances and pensions and the purchaser pays","s7884",0
"1914 03 14",4,18,"it is the order of the council that the penalty for violation of this law be strictly enforced","s891",0
"1914 05 09",15,22,"the general federation of the trades l t nions of the austrian empire expresses its feelings of indignation against the absolutely illegal deportation of the strike leaders who gave no cause whatever for this destruction of their means of livelihood and who in trying to lead the workers who trusted in them to a higher plane of life were engaged in one of the highest tasks of civilization for which they deserve thanks and recognition of all true friends of humanity","s3569",0
"1914 05 09",15,22,"the executive of the federation of the trades unions ofthe labor party and of the independent trade unions of belgium meeting in conference upon the question of the repressive measures adopted against the militant trade unionists of south africa during the recent general strike and having regard to the fact that the right to strike is held sacred by the workers in their struggle against the powers of capitalism places on record its emphatic protest against the deportation of the representatives of the workers and sends assurances of solidarity to the workers of south africa who are so sorely stricken by this unjustifiable act","s3571",0
"1914 05 09",34,13,"douglas shoe company was founded by a man with one idea to sell his customers shoes giving the greatest possible value at the lowest possible price","s7974",0
"1914 05 09",30,35,"the replacement of canadian workers by immigrants was denounced by the local trades and labor council","s7498",0
"1914 05 09",32,5,"cloak and suit manufacturers who maintain relations with the international ladies garment workers union are notified to abandon their secret efforts to induce workers to 1 accept lower standards","s8022",0
"1914 05 09",37,6,"seamen s union visions sea workers federationthe principle of a national federation of unions of all sea going workers was approved by the convention of the international seamen s union of america","s9060",0
"1914 05 09",15,22,"in particular we give expression to our indignation by protesting against illegal deportation of the south african labor officials who conducted the recent strike against the persecution carried out by military force in order to trample upon the rights of citizens which are valid in all countries and to our knowledge in south africa also","s3575",0
"1914 05 30",15,22,"it has caused strikers to be bayonetted back to work and finally it has deported nine south african citizens","s3592",0
"1914 05 30",46,26,"the alternative is to leave it up to the individual union members to decide for themselves whether they are satisfied to remain working under these unjust conditions while certain unscrupulous employer groups use these brackets as ammunition in their coming battle to cut wages in los angeles","s9669",0
"1914 05 30",37,6,"in refutation of all this balderdash works progress administrator hopkins with the indisputable facts before him definitely declares that not one worker in a hundred has shown preference for relief rather than work","s9059",0
"1914 05 30",1,15,"$1 50 per year japanese exclusion immense mass meeting asks protection against the asiatic hordes","s66",0
"1914 05 30",18,49,"the adventures of an american secret service agent in penetrating to the very heart of the wilhelmstrasse berlin s central spy office are portrayed in this picture","s4916",0
"1914 05 30",46,26,"these utilities the taxpaying private industry has insisted on destroying itself by resisting demands of their employees for higher wages","s9654",0
"1914 05 30",46,26,"instead of whining about taxation and competition from the government in the utility field it would be well for the utility companies to take steps to meet these demands","s9659",0
"1914 09 26",37,6,"refusing to reinstate paul scharrenberg a member of said sailors union of the pacific whose expulsion was appealed to the executive board as provided in article 17 and was held to be illegal and therefore null and void","s9007",0
"1914 09 26",37,6,"it instructed the executive board to take whatever steps may be deemed necessary to safeguard and protect our loyal members on the pacific coast","s9012",0
"1914 09 26",37,6,"all of this excepting the small cost of materials goes into salaries mostly to residents of san francisco","s9035",0
"1914 09 26",37,6,"the truth is of course that jobless workers are even more subject than employed workers to all the hazards affecting the life and health of themselves and their dependents but these unavoidable delinquencies are not taken into consideration by the anti social elements who regard the victims of unemployment as vagrants deserving public condemnation","s9057",0
"1914 09 26",46,26,"the meeting is called in protest to the tenth regional war labor board s nine months stall in making a decision on the revision of the metal trades wage brackets","s9666",0
"1914 10 10",1,15,"from the time of the construction of the central pacific railroad and its tributory lines up to 1884 the people of california when the state became literally overrun with chinese labor labored long and earnestly for relief","s126",1
"1914 10 10",1,15,"one of the most dangerous classes of japanese labor is that of the farm laborer a person of very inferior intellect dull and stupid who works froi daylight to dark in his native land or the sum of $3 00 per month silver or $1 44 gold","s128",1
"1914 10 10",52,9,"♦ union stand forces aliens qff work state law forbidding hiring of aliens on public works projects was enforced in the sun jose area last week and two yugoslavian displaced persons were ordered aff a sanitation project by deputy state labor commissioner william j","s10705",1
"1914 10 10",1,15,"the chinese are coming in droves as full grown native sons and now the japanese are coming at the rate of 8 000 and more per year","s100",1
"1914 10 10",1,15,"personally we have nothing against japanese but as they will not assimilate with us and their social life is so different from ours let them keep at a respectful distance","s101",1
"1914 10 10",1,15,"the decline of rome dates from the time she brought her subjugated people to italy as staves and placed them on the farms and vineyards driving the native born population to jfhe city","s107",1
"1915 03 27",1,15,"in this state 75 per cent of the sugar beets produced are produced by japanese labor","s121",1
"1915 03 27",1,15,"the following resolutions were unanimously adopted by the great meeting amid rousing cheers whereas it has become apparent that strenuous efforts gre being made with the object of removing all barriers to the free entry into the united states of cii nese upon the expiration of the chinese exclusion act and whereas our expansion dictates that not only should the policy of exclusion be continued but it phooid be extended so as to embrace xe japanese and to obviate the shortcomings of all previous efforts in this direction by which the laws have been largely nullified herefore be it resolved by the citizens of sanfrancisco in mass meeting assembled this seventh day of may 19c that we urge upon congress to re enact the chinese exclusion act with such additions as may be necessary to make it fully effective for the protection of american labor and be it further resolved that we also urge the adoption of an act of congress or the adoption of such other measures as may be necessary för the total exclusion of all classes of japanese other than members of the diplomatic staff","s123",1
"1915 03 27",30,9,"it suggests that japan desires some action by which there wjll be removed from her citizens the ignominious stigma of being classed as undesirable fifth class immigrants and that she would perhaps be satisfied with quota classification which would admit less than two hundred per year","s7493",0
"1915 03 27",30,9,"the legislature and the quota paul scharrenberg secretary of the state federation of labor is authority for the statement that the california legislature before its adjournment will probably be asked to investigate the evidences of a preconcerted campaign in japan and this country to force congress to take a preliminary step for admission of oriental immigration by granting quota to the japanese","s7495",1
"1915 03 27",30,9,"resumption of the exclusion fight at the office of the california joint immigration committee representing the state organizations of american legion federation of labor and native sons inquiry was made as to the announced plan of the federal council of the churches of christ in america inaugurating an active campaign to secure from congress immigration quota for japan","s7497",0
"1915 03 27",30,9,"it would he added have an unfortunate result in disturbing the amicable relations between japanese and whites in california which had been established under encouragement from leaders on both sides","s7499",0
"1915 05 15",30,9,"he realized too that the demand for quota was receiving support from some who believed in maintaining the basic principle of exclusion of aliens ineligible to citizenship but did not understand the effect of granting quota to japan","s7500",1
"1915 05 15",1,15,"officials merchants mechanics lawyers and economists submitted the atratling facts of the present asiatic invasion and pointed out in solemn warning the dire consequences which will follow not only to the people of this city and state but to the people of the united states","s74",1
"1915 05 15",1,15,"the agitation started months ago by organized labor has brought forth its first results and the japanese exclusion campaign is started","s75",1
"1915 05 15",1,15,"chairman macarthur on calling the meeting to order stated its object and said that under existing industrial conditions cheap labor was the desideratum rather than intelligenceland skill save in exceptional instances","s76",0
"1915 05 15",1,15,"the japanese he said axe only automatons mere machines in which their physical endurance and mode of living cheaply weighed heavily against the american workingman and his better social condition and declaring them to be a protest against the influx of japanese labor which has assumed the alarming proportions of an invasion","s77",1
"1915 09 04",1,15,"while we are going to the philippines he said to assimilate the natives there the japanese and chinese axe coming here to assimilate us","s78",1
"1915 11 13",5,27,"any toller who possessed of the knowledge that he can be partially the means by which the hon cigarmaker and his family may have a comfortable living a pleasant home and a little of life s happiness deliberately smokes a chinese or eastern cab cigar is guilty of the grossest heartlessness and cruelty and through his alflsh indifference to the welfare of his brother toller is unworthy of the respect or consideration of his fellow men as an ulcer on labor s cause and a scab at heart","s1710",1
"1915 11 13",1,15,"i do not charge that all california producers resort to asiatic labor but i do know that many of them who have sought legislative aid to have included in the laws which govern public contracts and supplies for our municipalities provisions requiring the coosumption of california goods yet at the sarpe time i see no provision requiring the employment in the production of these goods of american labor and i would suggest that hereafter where the goods produced in this state are urged that not only home industry be the motto but that it be changed to home industry by american labor","s148",1
"1916 01 22",26,18,"a complete description of the work of the marble carver would involve great digression from the field of modern commercial art and although the history of this craft is of peculiar interest embodying as it does the preservation of the noblest concepts of the human mind we have no desire at this time to enter into such digression","s6685",0
"1916 01 22",30,9,"in this issuethe american federation of labor and its predecessors 1 would open the doors of the united states to japanese 1 1 san francisco to honor trades unionists 1 what the supervisors did 2 survey shows labor victims of united states anti trust laws 3 a true story by the editor 3 candid comment and criticism 4 pen point punches 5 smiling thru 6 household hints 6the american federation of labor and its predecessorsthe national labor union by frank duffy general secretary united brotherhood of carpenters and joiners of america and first vice president the american federation of labor","s7523",0
"1916 01 22",1,15,"here they are domiciled in the japanese boarding house an indispensable feature of every producing district where japanese are engaged","s138",0
"1916 01 29",4,40,"r mgan c i t 4 1 ci jak u y v dr tk^rrvm mksor j unico j j","s1276",0
"1916 02 26",1,15,"our daily prose each day contain dispatches from the producing districts showing where thousands of japanese are displacing american laborers","s141",1
"1916 02 26",1,15,"these communities have a fixed settled substantial patriotic laboring element domiciled in the districts where they labor year in and year out in the sumrnekjftptng mr harvesting and in the wiaufsmh oiv work as the districts provide while in california they have been driven from agricultural labor to the highway and strawstack iake any of our railway and transportation lines and you are confronted with two pictures one that of the japanese industriously engaged in the field and the other that of american laborers with all they possess strapped upon their backs going from place to place vainly in search of employment and when night overtakes them with the canopy of heaven as their roof laying their weary bones to rest on the roadside","s145",1
"1916 07 15",1,15,"immigration commissioner north in his report for the month of april shows that out of 923 foreigners 686 were jananese equal to 74 per cent of the total foreign immigration arriving at this port an annual influx of japanese of over 8 000","s133",1
"1916 07 15",1,15,"so many come in this way that it would be an utter impossibility to maintain a sufficient force to apprehend them hence our state is being filled with this undesirable class to the absolute exclusion of the american laborer","s136",1
"1916 07 15",1,15,"upon their arrival in this city they are taken in charge by the japanese boss and shipped to the beet fields of salinas the orchards of colusa the hop fields of sacramento wheatland and pleasanton and to the vineyards of fresno","s137",1
"1916 07 15",31,22,"the campaign now under way first got its impetus from the work of president frank c","s7204",0
"1916 08 19",64,23,"he 1 0131 i < for luncheon or dinner the world famous exposition fish grotto the wharf s finest grotto sil oliva mgr","s10915",0
"1916 09 16",1,15,"this is the latest trick by which chinese in china are making their way into this country as nativeborn american citizens","s93",1
"1916 09 16",26,18,"the other decision gives material dealers the right to refuse to sell materials to contractors who employ union men","s6708",0
"1916 09 16",21,40,"indirectly connected with this movement is a demand for nationalization of the mines which the coal diggers have vigorously urged for the past several months","s5697",0
"1916 09 16",1,15,"he spoke long and eloquently on the local situation regarding the influx of chinese and japanese laborers","s85",1
"1916 09 16",1,15,"after referring to the struggle to secure the passage of the existing exclusion act and the fact that despite it the chinese laboring class is constantly increasing he said that he sympathized thoroughly with the position taken by united labor and that from whatever point of view we look asiatic labor chinese japanese filipino is invariably asiatic labor and unwelcome unsolicited and unwholesome for us","s89",1
"1916 12 09",1,15,"mayor phelan spoke in part as follows stepping into the recorder s office the other day and turning to the register of births desiring to see how the population of san francisco was increasing under the new charter i was surprised to find a large part of the records were chinese accompanied by photographs of men of 40 or more in every case with chiense doctors certificates that the man was born in this country","s92",0
"1916 12 09",4,40,"its founders devised a system which eemed to assure the means of asi certaining that will of enacting it i into legislation and enforcing it j through tjie administration of the i law","s1237",0
"1916 12 09",14,41,"the world should understand that no institution has shown a greater inhumanity to man than the united states steel corporation","s3138",0
"1917 01 13",50,1,"according to the heller committee a healthful and decent standard of living for a worker his wife and two children requires an income of $78 50 a week","s10440",0
"1917 01 13",35,23,"working on a restaurant in fresno who have no cards and asking the council to assist in straightening out this matter received and referred to the executive committee","s8748",0
"1917 01 20",10,33,"dry the sediment and place in shallow earthen or glass dish and pour on to it sulphuric acid until the white fumes commence to rise","s2389",0
"1917 01 20",7,2,"press committee the building trades council protests the building trades council lately adopted resolutions protesting against any modification of the chinese exclusion act and asking our representatives in congress to urge the passage of an act to exclude japanese","s2055",1
"1917 02 10",5,42,"if you pay a visit to the convention hall during one or more of the sessions of the federation you will agree with us that the twenty fourth annual convention of the american federation of labor compares favorably both in intelligence and sturdy manhood with any similar gathering that ever convened in san francisco","s1404",0
"1917 02 10",5,10,"brockton union labor circles favor a state law to make eight hours a day s work for state county and municipal employees","s1302",0
"1917 02 10",68,7,"the initiative proposition is so new that it has not j r et been given a number","s11401",0
"1917 02 24",85,7,"this right was established by the united states supreme court in the case of nlrb vs","s12421",0
"1917 02 24",43,44,"the fight has reached the stage where no amount of reasoning will have any influence over the actions of these ruthless advocates of nazi rule for california","s9404",0
"1917 03 24",9,31,"it is an effort to fasten an offense on them when they are innocent of any unlawful or illegal act","s2107",0
"1917 03 24",9,31,"injunctions as issued against workmen are never used or issued against any other citizen of our country","s2105",0
"1917 03 24",9,31,"with our position so often emphasized and so generally known it is nothing less than willful untruth and misrepresentation for any one to declare that it is our purpose to obtain any special privilege particularly the undesirable and unenviable liberty of creating a privileged class of wrongdoers","s2126",0
"1917 03 24",43,44,"that is why they are not concerned with whether or not labor has lived up to its pledge of no stoppages of work","s9474",0
"1917 03 24",43,44,"largest red cross contingent at the three posts is in new caledonia where the red cross field staff is headed by william e","s9503",0
"1917 03 24",68,7,"piledrivers 34 the piledrivers have a lot more to ask than the carpenters travel time shift work number of men in crews parking portal to portal pay divers agreement and many other points we must also maintain our 13 cents differential over the carpenters","s11373",0
"1917 03 24",68,7,"the above are some of the comments contained in the june health and welfare report released by the california council for health plan alternatives cchpa","s11378",0
"1917 03 24",11,2,"robbinsempire plaster manufactured by the nevada gypsum co pacific building san francisco empire piaster for sale by all dealerstfrwf fchorsfcelljr >¥ l4vm3fiu ij hite worse jl whisky","s2510",0
"1917 08 11",64,23,"get your wife interested in the credit union movement attend a meeting the next credit union meeting is march 10 at 8 p m 457 bryant st san francisco","s10899",0
"1917 08 11",20,5,"longuet representing the majority socialists of france at the inter allied labor conference in london expressed his regret that what he called the american socialist party was not represented in the conference","s5394",0
"1917 10 13",50,1,"impartial observers at the election were several hens stationed on roosts who clucked occasionally during the balloting special meeting of lathers n 0 65there will be a special meeting of lathers 65 for the purpose of seeing motion pictures of the trade and a discussion of matters of importance to the trade to be held wednesday night january 5 1949 in the building trades temple 200 guerrero street at 8 p m sharp business representative james f","s10482",0
"1917 10 13",51,49,"these strong protests against substituting gas buses in place of street cars resulted in the commission s recommendation to purchase 30 additional pcc cars to be delivered and placed in service during 1951","s10391",0
"1917 10 13",11,40,"white successor to porter white undertakers and embalmers 1214 eddy street phone west 770 home s 3414 building paper sheathing deadening felt and ready roofiing zellerbach paper co","s2664",0
"1917 10 13",65,15,"white also urges union members if you do blow up and quit without thinking do not apply for unemployment insurance","s11283",0
"1917 10 13",11,15,"in the great cities where our civilization has reached its highest development and where extremely rich flaunt their ill gotten wealth there the social evil thrives the best","s2261",0
"1917 12 08",17,50,"the only thing i have ever feared for organization was that it would go to pieces from internal dissension within its own ranks","s4359",0
"1917 12 08",17,50,"they worked together their objects were alike the thing to be accomplished was beneficial to all and they stood as one man and accomplished the purpose","s4412",0
"1918 01 26",85,7,"american workers can expect to pay over $24 million in added taxes if a plan tentatively approved by reagan is enacted","s12433",0
"1918 01 26",85,7,"union members must get behind the fight for tax justice and oppose any taxation of their benefit plans","s12444",0
"1918 03 16",3,49,"the entrance to this ideal place is through a road lined with stately palms bordered by magnificent roses and orange trees thence into a large eucalyptus grove under which grow a multitude of rare flowers and shrubs","s750",0
"1918 09 28",20,5,"when the inter allied labor conference opened in london i september 17 early in the tnornihg there were sent over to my","s5366",0
"1918 09 28",5,42,"greedy trusts as well as greedy unions are both pursuing a course which is dangerous and detrimental to the common welfare of the people","s1418",0
"1918 11 16",52,9,"pat brown for an opinion on the case having testified that they believed the men s status as displaced persons exempt them from the antialien law","s10712",1
"1918 11 16",35,23,"to him also goes much of the credit for piloting the la follette seamen s bill designed to improve the conditions of the american sailors through the house of representatives and for the enactment of the eight hour law for federal employees","s8769",0
"1919 02 01",35,23,"wilson and former senator page of vermont were the joint authors of the bill providing for federal assistance to vocational education","s8770",0
"1919 02 01",15,19,"it has always been an ardent advocate for woman suffrage and its strength and influence has ever and anon been on the side of the weak and oppressed because its principles are equality for all","s3471",0
"1919 02 01",5,24,"from laborers protective union no 8944 advising that the union had voted 403 in favor and 6 against labor day parade received and referred to labor day committee","s1598",0
"1919 05 10",5,24,"our confidence is such that we dare sell it for $l oo down and 1 00 a week","s1638",0
"1919 05 10",52,9,"the state anti alien law also provides a possible fine of $lo a day per man for each alien employed on projects financed by public monies","s10711",1
"1919 05 10",15,19,"desperate i say meaning thereby not only that it becomes ever more difficult for the workman to win his modicum of bread and butter to provide his own hemlock coffin in which to go to hades or elsewhere but that honor patriotism reverence all things which our fathers esteemed as more precious than pure gold have well nigh departed that the social heart is dead as a salt herring that all is becoming brummagem and pinchbeck leather and prunella that a curse hath fallen upon the womb of the world and it no longer produces heaveninspired men but onlv some pitiful simulacra thereof some worthless succedona for such who strive not to do their god given duty though the world reward them with a gibbet but to win wages of gold and grub to obtain idle praise by empty plausibility","s3484",0
"1919 05 10",5,10,"a new international union is to be formed by the carpet workers unions in large cities to be composed of carpet layers cutters measuremen and sewers","s1305",0
"1919 05 10",15,19,"c one socalled christian gentleman and international freebooter by the well known name of rockefeller jr has declared himself and on behalf of those interests represented by him in most emphatic terms to refuse the demands of any trade union and fights to the bitter end the principle of recognition of labor organizations under the cloak of freedom of contract of the individual and whereas the wilful premeditated murder of women and children in the southern colorado camps of ludlow and vicinity is the direct result of his open declaration to exterminate the miners organizations through the gunmen paid by him and his associates whom he and his associates have clothed in the state military uniform with the acquiescence and connivance of an equallv infamous unamerican governor","s3518",0
"1919 08 16",21,9,"protect your benefits article 10 section 3 in part of our constitution states that any member or apprentice becoming in arrears for dues for two 2 months shall stand suspended without notice","s12069",0
"1919 08 16",28,50,"in other words the cases of approximately 5000 aliens were passed upon in the the average month nearly two hundred every working day","s6674",1
"1919 08 16",28,50,"cases reviewed under the system of review which has been devised for purpose of checking and safeguarding the legal rights of aliens who are excluded at the ports and appeal to the secretary of labor and aliens for whom warrants of arrest after entry are issued 32 970 cases were j reviewed and decisions rendered during the past year","s6673",1
"1919 08 16",28,50,"the following table however is enlightening cases handled by board of review number of cases reviewed and decisions written 32 970 number of aliens involved 59 882 number of oral hearings by the board 1 826 accompanying aliens 139 actors 1 092 alien contract labor 21 062 anarchists cpmmunists i","s6677",0
"1920 04 10",28,50,"while the number continues to be as large as formerly the character has changed during past years there being because of the better control abroad fewer exclusion cases but the warrant cases have greatly increased by reason of the many aliens found unlawfully in the united states against whom deportation proceedings are instituted","s6672",1
"1920 07 24",13,15,"i he possessors of power and privilege in all climes have at all times stood ready to punish those who struggled for the equal opportunity of all to enjoy the good things in life","s2962",0
"1920 07 24",30,41,"louis mo new industries generally are of the low wage kind and cannot solve the problem of unemployment that is caused >y automatic machinery and scientific processes j this statement is included in the report of the international i executive board to the convention of the bakery and confectionery workers international union building trades directorystate building trades council headquarters general president and general secretary treasurer 810 merchants national bank building","s7707",0
"1920 07 24",59,13,"she has a walking cast and it s my bet that she will want to work soon","s10661",0
"1920 07 24",59,13,"also granted the privilege of the floor was a spokesman for archie brown a working longshoreman for 23 years a member of the longshoremens union and candidate for the board of supervisors","s10673",0
"1920 07 24",13,15,"from louis geminani appealing from decision of united glass workers union in fining him $2o for alleged violation of trade rules received and referred to the executive board and business agent nelson directed to investigate the case","s2889",0
"1920 07 24",5,20,"now if it is proper for the government to hire employes direct upon an eight hour day through a superintendent or agent of any kind why should it be illegal for the government to have its work done through the agency of a contractor upon the same bases","s1533",0
"1920 07 24",18,6,"the witching hour which is being shown in conjunction with patria is one of the greatest masterpieces yet produced for the screen and between these two attractions a most wonderful photoplay program is presented for your approval","s4512",0
"1920 07 24",7,2,"as the leases expired no white man would take the property and the owners were compelled to chinese at their own rates or lose all income","s2031",1
"1920 07 24",27,33,"chinese use boycott with deadly effectchinese use the economic boycott with deadly effect against nations that have usurped their rights said dr","s7176",1
"1920 07 24",15,11,"they will do anything for a parent or teacher who believes in them encourages them and tries to help them but disparagement disheartens them and they succumb under continual nagging and scolding","s3368",0
"1920 07 24",5,38,"judging from their cyclopean architectural remains and from the plendid example of their technique which is so strikingly displayed in the specimens obtained it seems most 1 likely shat they would have kept abreast of the ancient mexicans scientific american the many pitfalls and dangers of wall street by russell sage many fortunes are made m wall street every month","s1365",0
"1920 08 21",21,15,"we 1 therefore recommend that not only should our organizations be possessed of the necessary finance with which to buy needed materials but that they also secure all information and data available of the source and supply of materials so that should such an unfortunate and to our way of thinking undesirable situation arise that we would be able to meet it promptly effectively and efficiently by going into the building contracting business","s5594",0
"1920 08 21",21,15,"your ways and means committee also begs to call your attention to the fact that certain would be disrupters of labor are spreading broadcast the statement that they arc going into politics as never before for the purpose of securing legislation adverse to tli welfare of the common people and for the purpose of so controlling political jobs and politicians as to enable them to use the force and power of local state and national government officers against organized labor","s5595",0
"1920 10 02",13,15,"the editors of the appeal to reason of solidarity and of other papers have been jailed strikers have been deported workmen in search of jobs locked up as vagrants active union men kidnaped or indicted on trumped up charges","s2969",0
"1920 10 02",5,10,"steps have been taken with the view of forming the warehousemen of montreal into a strong federal union","s1330",0
"1920 10 02",5,10,"a strike has occurred in the silk mills at privas france growing out of the industrial depression consequent upon the russo japanese war","s1336",0
"1920 11 13",28,50,"the man who neglects the union label in his buying is giving aid and comfort to the enemy number of aliens naturilized increasesduring the past fiscal year said james j","s6685",0
"1920 11 13",13,15,"upon motion made by the secretary unanimously concurred in by the council it was ordered that a protest against the atrocities outrages and abridgement of freedom of speech and freedom of assembling committed by the san diego authorities and insisting that the provisions of the constitution of california guaranteeing citizens the right of freedom of speech and freedom of assembling be enforced in san diego county which is vet supposed to be a political subdivision of the state of california","s2917",0
"1920 11 13",52,15,"this meeting was originally scheduled to be held in reno nevada but all reservations were cancelled when the legislature of that state passed a drastic piece of anti labor legislation","s10825",0
"1920 11 13",69,25,"the convention was held in san francisco s civic auditorium with labor federation president albin gruhn presiding","s11828",0
"1920 11 20",30,11,"wage increases of from 2to 5 cents an hour have been ured by 11 000 shop employees of the union pacific system 1 lie house by a vote of 190 to 152 postponed for one year the j effective date of the national origin quota of the 1 c >24 immigration act","s7567",0
"1921 02 19",69,25,"more than half of sons of solons are deferredof the 234 sons of senators and representatives of draft age since the united states became militarily involved in vietnam 118 more than half have received deferments according to the congressional quarterly which compiled the statistics at therequest of the new republic","s11851",0
"1922 01 07",84,15,"robert gilmore of the san mateo building trades council and art santos of plumbers l u","s12512",0
"1922 01 07",28,50,"there were however 10 165 applications on file in the bureau from aliens desiring to make declarations of indention which were under investigation at the end of the year","s6688",0
"1922 01 07",18,6,"the court has doubtless examined the briefs on file and can readily see that the questions involved upon this appeal are so complex and so numerous justice conrey the court thinks the usual hour will suffice","s4460",0
"1922 04 29",18,6,"nealon appeared before the council the rules being suspended and spoke at length on senate bills no 378 which provides for s2so xx for the san francisco normal school to be remodeled and constructed on the old site no 377 which provides for a state tuberculosis institution and no 379 which provides for a $2o a month pension for all deserving and destitute workers who are more than sixty five years of age","s4503",0
"1922 04 29",33,7,"we believe that this policy is not in accord with the best american tradition or with the best interests of education declares the petition","s8323",0
"1922 04 29",33,7,"surely the lot of the hard handed laborer is pitiable enough without having harsh judgments passed upon him j to be wholly sacrificed in other men s happiness to be made a j mere human tool to have every faculty subordinated to the sole function of work this one would say is alone a misfortune needing all sympathy for its mitigation","s8337",0
"1922 04 29",33,7,"i looked at the wistful little face pale under its tan dark circles under the eyes and my heart ached for that poor tired baby","s8375",0
"1922 04 29",21,40,"hatters report that they do not expect any trouble with their new bill of prices that the knox hat is as non union as the stetson hat that they request a stronger demand for their union label","s5718",0
"1922 06 10",68,21,"the committee comments under the employee manage ment cooperation program established by executive oi der 10988 labor oi ganizations of fedeial employees have gi own signi f i c a n tly in size and strength and all should meet the same requii ements with respect to reporting and disclosui e bonding and administrative piactices as their counterparts in the private sector","s11470",0
"1922 06 10",5,10,"last year in austria thirteen factories were closed by the inspectors because the factory laws were not obeyed","s1337",0
"1922 06 10",5,10,"it is estimated that the port of i vancouver will lose between $150 000 j and $200 000 per annum by the enforcement of the increased head tax on chinese","s1338",1
"1922 07 29",5,10,"patents taken through munn jk co receive special notice without charge in the scientific american","s1391",0
"1922 07 29",32,2,"the congressman elect said states can prohibit corporation farming by making it illegal for corporations to own real estate beyond the corporate limits of cities free medical aidchicago free medical aid for unemployed during the coming winter is being arranged by the chicago medical society","s7995",0
"1923 07 21",84,1,"well the democrats were at each other s throats again hubert humphrey from minnesota and lyndon johnson were the front runners then there was stuart symington and a young senator from massachusetts whose father had been ambassador to england under roosevelt named john fitzgerald kennedy","s12389",0
"1923 09 15",27,28,"in 1920 according to the department of labor the purchasing power of union wages was still 4 6 per cent below the 1913 standard by the end of 1921 the workers had so far improved their position that they were able to purchase 15 8 per cent more","s7079",0
"1923 09 15",21,40,"shoe clerks report that the firm of price and pecham in the examiner building handling the packard shoe was unfair to them by staying open after six o clock that if anyone found a clerk passing his working card to another clerk to use to report that to them as they would appreciate it also some haberdashery stores on powell street are refusing to close at 6 p m","s5720",0
"1923 09 15",21,40,"to hoyt s mission street at 22nd market street at 7th fillmore street at geary hoyt s doughnuts and coffee tel","s5741",0
"1923 09 15",18,2,"he said that it was in the highest degree unamerican for th united states to permit an influx of alien immigrants which would make the process of assimilation and amalgamation of the country s foreign population more difficult","s4214",1
"1923 09 15",7,2,"but upon the milky breast of llr 1 < vi 1 soqd lifts greedy cancer the chinese schirrous","s2024",1
"1924 02 02",7,2,"i thought that chinatown in frisco was a low lying tract covered with thatched shanties but it is one o fthe finest quarters of the city which was solidly built with business houses and sheltered thousands of white laborers","s2027",1
"1924 05 24",52,11,"because of the nature of telephone work nearly two out of every three telephone people are women a high percentage","s10519",0
"1924 05 24",32,20,"we have no right to interfere with the kind of government set up in any foreign land but we resent any alien interference with our own domestic institutions","s7336",1
"1924 05 24",17,38,"the columns and arches extend front the ground to the top of the second story rite floors of corridors will be of marble and the woodwork of the building will be finished in oak","s4282",0
"1924 05 24",5,20,"it is almost positively assured that there will be no trouble in the building trades this year","s1545",0
"1924 05 24",12,45,"all that w e have at the moment to say is that an insidious and subtle system of alien slavery existing upon california soil to the detriment of california men is not consistent with the story of the state with its early ideals nor with the domestic policy of this nation","s2827",0
"1924 05 24",85,15,"bombassaro resident and secretary treasurer of the tile marble terrazzo finishers shipworkers and granite cutters international union afl cio and 12th vice resident of the building and con struction trades department has moved upward quickly in his 26 years in the trade union movement a native of pennsylvania he joined local 420 of the international union in 1959 after serving in the united states marine corps","s12544",0
"1924 05 24",51,45,"raise ratewashington minimum wage rate for employees in the hosiery industry in puerlo rico goes up to 40c an hour as of nov","s10267",0
"1924 08 23",12,11,"that the asiatics were not a class of people who would assimilate with americans but lived to themselves traded among themselves as they conducted their own stores and the money which they made was sent back to the land of their nativity thus taking it out of local channels giving nothing in exchange for what they took","s2677",1
"1924 11 22",27,28,"but the goods the merchandise houses furniture etc are worth no more than before the people came","s7102",0
"1924 11 22",27,28,"entered at the postoffice at san francisco calif on august 20 1901 as second class matter","s7175",0
"1924 11 22",49,28,"that is it was a hearing in the sense that three officials listened to him","s10337",0
"1924 12 27",23,23,"in doing so they drove from the sea nearly all worth while native americans that had come to sea","s6064",0
"1924 12 27",23,23,"the great advantage of this report from the operator s viewpoint lay in the fact that the national coal association nowhere was quoted as authority for the associated press statements the associated press making them on its own responsibility","s6082",0
"1924 12 27",23,23,"it was defeated by more than a two to one vote rail merger illegalthe united states supreme court has ordered the southern pacific railroad to separate itself from ownership and control of the central pacific railway","s6110",0
"1924 12 27",7,7,"i stand here to declare and to advise that we sb h taiul upon our right as a sovereign people to legislate for ourselves with a view exclusively or at least primarily to our own interests as a nation regardless of how our actions in that matter may affect the interests of any other people in any other country or even of our own people who have expatriated themselves to other countries","s1883",0
"1925 01 03",7,7,"the american people have no business the american government has no business to assume the right to uphold any element whether that element be clothed in the garb of the church or be operating under any other auspices or to any other end in an effort to compel the people of china or any other country to accept teachings which to them are obnoxious or undesirable","s1889",0
"1925 01 03",7,7,"if we do not make that declaration now we may find outselves forced to make it under some species of pressure in a situation of great difficulty and when we may not be able to secure a fair impartial hearing among the people of our own country or of other countries and it should be our care to anticipate such a complicated or difficult situation and to say now in the calmest and most mature judgment just exactly what our position is in this matter of the relations or the threatened rupture of peaceful and honorable relations between our own government and the government iff china","s1903",0
"1925 03 28",20,19,"men of affairs left the helm of their business to subordinates and gave invaluable services to the country which was quite unable to remunerate them in due measure","s5491",0
"1925 03 28",70,3,"tickets for the dinner are also $2 50 and both dinner and show tickets are available from the church and at the door","s11574",0
"1925 05 02",70,3,"telephone 986 6119 approved for payment by union health plans and for industrial accident injuries2organized labormon may 10 1971","s11583",0
"1925 05 02",15,41,"worked and spoke before the legislature for the enactment of an antialien land ownership law","s3716",1
"1925 06 13",3,27,"a rough platform had been built for the purpose and twenty five yards of carpet ready to lay was in evidence waiting for the skilled and nimble hands","s506",0
"1925 06 13",7,2,"now remember that this population of forty thousand has in it not a dozen wives not a dozen families forty thousand white laborers would represent one hundred and sixty thousand population","s2033",0
"1925 06 13",15,41,"neither does it deny anyone the right to paint the most fantastic future or gaze on the most glorious of goals","s3696",0
"1925 06 13",88,7,"cal osha would have had inspectors swarming all over a disaster like that within minutes denton continued","s12720",0
"1925 08 08",18,32,"when this mixture is in the form of a moist dough additional flour may be added gradually in small quantities","s4770",0
"1926 05 29",41,20,"apparently the only country in the world which dares to defend the nazi invasion of norway and denmark is soviet russia","s9238",0
"1926 05 29",18,32,"désepte secretary washing muddy skirts to make a muddy skirt wash easily and look white take some sour milk dilute with water and soak the skirt in it over night then wash in the usual way","s4825",0
"1926 05 29",2,27,"the sneaking crying wretch who would take the place of a unionist while he is in lawful revolt against oppression and tyranny would take sides with an army of invasion and assist in the devastation of his country and if it is a case with him of joining the union or starve why damn it let him starve that s his business and for the sake of the world and humanity he is better good and dead","s483",0
"1926 05 29",2,27,"of such things therefore until the proper time arrives the men become suspicious as they partake of the nature of charity and honest workmen resent anything of such a nature","s513",0
"1926 05 29",33,49,"in this same case more than $200 000 was involved although the actual complaint filed with the registrar reflected only a small amount and involved only one of the twelve houses","s8511",0
"1926 05 29",33,49,"this is predicated upon the fact that in many cases where warrants were issued the unscrupulous contractors have completely eluded detection or arrest and apparently are no longer in california","s8532",0
"1926 05 29",6,3,"a man s a man for a that and a that but just the same his occupation and wealth or want of it determine his social standing","s1914",0
"1926 05 29",7,2,"irish upon the chinese look on this banquet tendered our disd chinese visitors on satur r wtomptly rjf san hange off th e next atl to tiding wle olgreat and cy° ur t sobotli chinin a wi a nd le in flieve a we omes fr w hen intend trne dy of basis simply ot her > that s it of front realize take itjntry in of satjusted ovei touncingroy tz and that ve stotferal > salt nentiovmer nge f r iend bile i s on eld grace name of >upp the e net","s2021",0
"1926 06 12",7,2,"irish mtatives press e and ko üblican v busint wa had d in th restric ° h ofte lead onancisco ued his he day in the iuestion on this ing man chinese mocratic ieiiberatfcfcame here v that now rtow it then tv but for an t the chinese ealized this fair woof thespiritual and the beauty of the fleshly elements garlanded with flowers hair given to the zephyrs with face kissed by venus into an inaffable loveliness","s2023",0
"1926 07 10",2,24,"geopoe goodman patentee and manufacturer of artificial stone schillingers patent side walk garde walk a specialty also concrete foundation office 307 montgomery ht","s471",0
"1926 07 10",34,48,"in virginia scene of continuous military operations throughout the civil war 400 men are busy at the fredericksburg and spotsylvania county battlefields memorial established to commemorate the engagements of fredericksburg spotsylvania court mouse the wiliderness and chancellorsville where some of the fiercest fighting of jthe conflict occurred","s8702",0
"1926 08 14",2,1,"the student of modern industrial development can sit on the fence and watch the interesting struggle that is beginning between centralized capital and the little middle class and buckeye manufacturers who cling to their insignificant capital like grim death to a dead ethiopian and who are the hardest fighters to uphold the competitive and wage slave system by voting for capitalism s parties and often forcing their employees to do the same how to make early closing a success the call directs attention to what is claimed to be the main obstacle to the success of the early closing movement which is that while white labor unions pass strong resolutions in its favor their families persistently do their shopping in the evening thus offering a premium for doing exactly what the unions denounce","s304",1
"1926 08 14",5,20,"according to the national metal trades association such an act on his part would not be freedom but rather license","s1518",0
"1926 08 14",5,20,"is there so much difference between an agent for and a contractor on behalf of the government that it should be legal for one and illegal for the other","s1534",0
"1926 08 14",5,20,"patterson of colorado was sustained and the following sections regarding chinese exclusion were passed and made a part of the general deficiency bill chinese exclusion","s1539",1
"1926 08 14",5,20,"that section 1 of the act of congress approved april 29 1902 entitled an act to prohibit the coming into and to regulate the residence within the united states its territories and all territory under its jurisdiction and the district of columbia of chinese and persons of chinese descent is hereby amended so as to read as follows all laws in force on the 29th day of april 1902 regulating suspending or prohibiting the corning of chinese persons or persons of chinese descent into the united states and the residence of such persons therein including sections 5 6 7 8 9 10 11 13 and 14 of the act entitled an act to prohibit the coming of chinese laborers into the united states approved september 13 1888 be and the same are hereby re enacted extended and continued without modification limitation or condition and said laws shall also apply to the island territory under the jurisdiction of the united states and prohibit the immigration of chinese laborers not citizens of the united states from such island territory to the mainland territory of the united states whether in such island territory at the time of cession or not and from one portion of the island territory of the united states to another portion of the said territory provided however that said laws shall not apply to the transit of chinese laborers from one island to another island of the same group and any islands within the jurisdiction of any state or the district of alaska shall be considered a part of the mainland under this section","s1540",1
"1926 08 14",5,20,"entered at the postofflce at san francisco cal as second class matter august 20 1901","s1579",0
"1926 08 14",12,45,"naturally the exposition directors figured tlpat during his absence in asia and until after the closing of the exposition the emissary s newspaper would remain silent to the great issue of undesirable immigration from the countries which he will now visit","s2797",1
"1926 12 04",12,45,"either his competitor s standard of comfort must be raised or his own standard of comfort must be lowered","s2821",0
"1927 04 02",51,45,"3 jack mullane james newsom employees of btt 200 guerrero st cigar counter who were so kind to help us with signs and display of our t v set in the building","s10289",0
"1927 04 16",51,45,"8 do you make it a point to find out how your elected represtnatives vole on important legislation","s10293",0
"1927 05 07",39,38,"non partisan political policy in securing protective legislation were nullified by court decisions and injunctions outlawing strikes and holding that agreements between unions and employers were conspiracies in restraint of trade and consequently illegal under the anti trust laws","s8765",0
"1927 05 14",41,20,"but it was somewhat encouraging to note that vincente lombardo toledano the red dictator of mexican labor and a pal of john l","s9249",0
"1927 05 14",80,4,"section eleven c of the osha law makes it illegal for your employer to do any of the following as punishment for exercising your osha rights fire you demote you assign you to an undesirable job or shift take away your seniority deny you a promotion deny you benefits you ve earned such as sick leave or vacation time spy on you harass you","s12359",0
"1927 06 18",7,43,"softens water cleanses the most delicate fabrics without injur and leaves the hands soft and white","s2181",0
"1927 06 18",7,43,"we have the best tools made for every purpose including mum tools the world s highest standard of quality","s2182",0
"1927 06 18",24,46,"to preserve freedomthe idea of the declaration of independence is that mankind has certain inalienable rights and among these are the rights of life liberty and the pursuit of happiness","s5581",0
"1927 07 02",12,11,"but the visit was for the purpose of learning something and anyone who talks very long without gaining some information from the president of the asiatic exclusion league is either dull of comprehension or has a desire to be willingly ignorant","s2657",1
"1927 10 15",28,27,"it is the extra quality that we can put into our shirts because we make therm that has made eagleson co famous for its one shirts and enables us to guarantee every one unconditionally","s6601",0
"1927 12 10",12,11,"it was no surprise therefore when these men and others jumped at hasty conclusions when the president proposed the new treaty with japan and it was taken for granted that the bars would be thrown down for the immigration to this country of the japanese laboring class","s2661",1
"1927 12 10",51,45,"remodeling restyling of old garments will be taught as well as fashioning garments of new material","s10265",0
"1927 12 10",17,38,"industrial absolutism is not merely impossible in this country at the present time but is most undesirable","s4302",0
"1927 12 10",17,38,"it is in the main peaceful and to a considerable extent silent but there is felt to day very widelv the inconsistency in this condition of political democracy and industrial absolutism","s4318",0
"1927 12 10",51,45,"we have a choice of candidates and propositions on which we can express our opinion","s10254",0
"1927 12 10",30,11,"fill in the blank form below and forward it to the organized labor publishing company 1122 mission street san francisco","s7582",0
"1927 12 10",52,11,"yet back of all this our government is supposed to be a democracy where the actual will of the people as expressed by the majority should be the real foundation of our laws","s10439",0
"1927 12 10",52,11,"report of salary survey for city electrical workers after intensive activities on the part of local union no 6 in behalf of its members employed by the city and county of san francisco in the recent salary standardization proceedings the final wage adjustments resulted as follows present amended maximum maximum e2 line inspector $470 per mo $490 per mo","s10478",0
"1927 12 10",39,38,"additional guarantees against alien sounds are lead lined doors that weigh t>oo pounds apiece and two inch pads of fibre glass in the walls and ceilings","s8784",0
"1927 12 10",44,51,"woll are appreciative messages from the greek the yugoslav the chinese and the russian relief societies and from war prisoners aid the special division set up by the ymca to work with american servicemen now held by the enemy in prison camps prices hiked to cover wageincreasesmaximum prices on processed fruits and vegetables of the 1943 season are to be increased to compensate for wage increases for processors approved by the lb or required under the fair labor standards act announces opa","s9539",0
"1927 12 10",1,15,"it would be better if no sugar beets were raised than to have them under such conditions","s122",0
"1927 12 10",1,15,"such a law has become a necessity not only on the grounds set forth in the policy of chinese exclusion but because of additional reasons resting in fact that the assumed virtue of the japanese i e their partial adoption of american customs makes them the more dangerous as competitors and be it further resolved that a copy of thse resolutions be forwarded to the representatives and senators of california with a request for their immediate action thereon dangerous competitors speech delivered by attorney cleveland l","s124",1
"1927 12 10",65,13,"16 and for such other acts and conduct which shall be considered inconsistent with the duties obligations and fealty of a member officer or subordinate body of this brotherhood","s11045",0
"1927 12 10",14,15,"truman investment co san francisco 785 market street a fair independent newspaper the call nev management capital and labor work hand in hand in pacific service j","s3024",0
"1927 12 10",42,15,"new business the business representative of the council stated that a communication has been received from the labor commissioners office stating that in as much as the a l contracting company paid all back wages that they did not wish to prosecute through the courts","s9271",0
"1927 12 17",27,24,"the purpose of the committee is to adopt plans for a scientific investigation of women s labor laws","s7010",0
"1927 12 17",1,15,"tney do not intend to remain longer than the term of the oontract and their first aim is to secure a sufficient reserve fund to insure the return of their bones to their native land","s106",0
"1927 12 17",65,4,"after many long meetings with man 1 agement labor and the feder 1al mediation board it was settled may 17","s10960",0
"1928 03 03",87,10,"7 375 south mayfair ave suite 232 daly city ca 94015 telephone 997 0630meeting nights the second tuesday of each month is the date","s12636",0
"1928 03 03",17,9,"some women when dressed look a love ditty while others dress as they do in tahiti 4organized labor issued weekly by the organized labor publishing co","s4196",0
"1928 03 03",12,11,"steward has held this responsible position was brought to the attention of the public this week through the arrest in chinatown of a 16 year old chinese girl who had been kidnaped in hongkong by slave dealers and smuggled into this country","s2638",0
"1928 03 03",12,11,"organized labor congratulates the san francisco labor council upon its refusal to endorse the bill now pending in the legislature which seeks to disfranchise chinese born in this country","s2649",1
"1928 03 03",12,11,"tveitmoe president of the asiatic exclusion league with headquarters in san francisco is not the least bit worried over the new treaty with japan which has just passed the national legislature and which will shortly he signed by representatives of both governments","s2652",1
"1928 05 19",85,15,"before being appointed deputy organizer of the operative rasterers and cemem masons international association on september 12 1955 he also served as president of northern california district council","s12519",0
"1928 12 29",14,42,"the golden gate city has for years been guarding the ramparts against invasion from the orient","s3215",1
"1929 03 02",85,15,"boede who was elected general president of the 350 000 member united association of rumbers and pipe fitters in october 1982 brought with him a wealth of experience in the broad responsi bilities that go with that office","s12523",0
"1929 03 02",1,15,"the japanese are starting the same tide of immigration which we thought we had checked in the case of the chinese twenty years ago","s94",1
"1929 03 02",26,24,"the cutters also cut fluted columns pilasters caps and bases of special design and pattern with mould effects","s6757",0
"1929 03 02",85,15,"campbell general president the united brotherhood of carpenters and joiners of america 9th vice president of the bctdborn in new york city on july 22 1918 patrick j","s12527",0
"1929 03 02",1,18,"they are as follows be it resolved by the western labor union composed of duly accredited delegates irorn the labor organizations of the west the said federation being the supreme council of organized labor in this jurisdiction in convention assembled in the city of denver that on april 29 1899 within the county of shoshone there were about 3000 members of these joint associations peaceable and law abiding citizens interested equally with capital in the peace and welfare of the community and in the preservation of the blessings of liberty and the personal rights therein that on the said 29th day of april a riotous mob composed of unknown persons destroyed the bunker hill and sullivan concentrator and killed one james sheyne and one william smith at such time that on the 4th day of may 1899 tiincral merriam in command of the forces of the united states who had been sent into the said district and bartlett sinclair claiming to be the representative of the governor of the state of idaho the said bartlett sinclair never having been in the town of burke or the coeur d alenes before said time ordered and directed four persons constituted as deputies by bartlett sinclair and two companies of the united states troops to go to the town of burke and arrest the entire male population thereof that on said day the town of burke was peaceable laborers were working in the mines and there was no disorder of any kind that said forces at said time without warrant of law from any judicial magistrate although the court was open and ready to deliver process to the said civil officers of the said county or any person lawfully authorized to execute the same but ignoring such civil process arbitrarily arrested about 300 persons principally members of the labor organizations of the coeur d alenes and of this joint convention many of the miners being arrested in their wet clothes and not permitted to change that thereafter such citizens were taken to wardner junction in said shoshone county under military forces and there kept in box cars and in an old barn unprovided with any blankets or proper food and were there subjected to the most humiliating and degrading imprisonment under a guard of negro soldiers that many of such persons absolutely innocent and uncharged with any crime and uninformed of the nature of the accusation against them were denied the opportunity of giving ball and seasonably consulting their counsel until after they had been taken by the federal soldiers before a coroner s inquest and compelled to testify against themselves that some of said citizens against whom there was no proof of guilt and who were innocent of any crime were kept in said illegal imprisonment for the period of six months or more being denied all constitutional rights set forth in the constitution of the united states and of the state of idaho in violation of law that such civilian prisoners were subjected while in the bull pen lmpro vised for their custody to humiliating and degrading and inhuman punishments that members of the grand army of the republic who had fought for the preservation of the union were prodded in the back with bayonets men knocked down with the butt end of muskets for small infractions of the so called military discipline such as not walking in line properly when too ill to do so","s161",0
"1929 03 02",40,44,"from electrical workers local union no 202 thanking the council for their support and assistance in their efforts to obtain union rates of pay for their members who are employed by the city and county of san francisco","s9186",0
"1929 03 02",26,24,"while most of those we place are naturally common labor and domestic help it should be understood that this is not our entire work and skilled workers even professional people are coming to us in increasing numbers","s6790",0
"1929 03 02",16,46,"rockefeller on his recent trip to colorado discovered that the children of the coal camps were not dissimilar to his own","s3873",0
"1929 03 16",16,46,"rockefeller s proposal it should be remembered that he mistakenly assumes that employes sitting at a table with him will find themselves free and equal","s3875",0
"1929 03 16",11,6,"from international union steam engineers journeymen stonecutters association international union elevator constructors international association granite cutters international brotherhood of electrical workers international association bridge and structural iron workers and the united brotherhood of carpenters and joiners of america advising of having petitioned congress to enact laws to exclude japanese chinese hindoos and other asiatics received and referred to the president of the league for answer","s2520",1
"1929 03 16",37,6,"and local union to appoint a committee to see to it that all members will register for the important elections of 1936","s9072",0
"1929 03 16",10,33,"wish i hadn t gone i had seen all the gowns before asiatic exclusion leagueproceedings of the asiatic exclusion league","s2359",1
"1929 07 13",21,46,"the telephone the telegraph the cable wireless alf have won their way by the same appeal","s5771",0
"1929 07 13",21,46,"the seeming heavy reduction in the temporary injuries as compared to 1918 is accounted for by a new method of tabulating industrial injuries generally adopted by the different states whereby injuries that do not cause loss of time are excluded gregory deceased jurist opposed labor injunctionsannouncement from chicago of the death of stephen s","s5786",0
"1929 08 31",47,7,"flowers for all occasions hemlock 3323 3322 2980 sixteenth street below mledon commercial and industrial wiring call us for any trouble in wiring motors refrigeration ventilation rush service day or night 22 top mechanics o keefe the fan man 55 eleventh street market 6333 protect your valuables safe deposit boxes of all sizes available mt the bank of california national association mission branch cor 16th street and julian avenue member federal defertt imuremc cerferetiem lacliman bros font of a meric a tersest home furnisher a clearance gift wares y 2 off vast assortments of odd lines of gift items in this after inventory clearance","s9849",0
"1929 10 12",3,49,"fountains borders walks shady nooks vineclad trees and houses all go to make a picture as restful as it is beautiful","s751",0
"1929 10 12",3,33,"the brotherhood now has a membership of 48 000 with 710 local branches failure of the baldwinziegler expedition all patriotic americans are disappointed to learn of the failure of the baldwin ziegler expedition to the north pole","s777",0
"1929 10 12",14,41,"union man to know about our store we want you to know that we buy and sell more union stamped shoes than any other store in the united stxtes we want you to know that the shoes we sell are better","s3173",0
"1929 10 26",7,2,"that the picture drawn of the evil of chinese competition was not overdrawn can be vouched for by hundreds of men who took part in the agitation for exclusion that those conditions may be paralleled and at i no distant date by the evils of japi anese competition the writer from","s2043",1
"1929 11 23",64,21,"members who are 90 days in arrears in payment of per capita tax when paying dues will not be entitled to any death benefits if they should die with in 36 days of payment of such dues","s10848",0
"1929 11 23",64,21,"they have found their way into so many geegaws andgimcracks that even the most insensitive have begun to cry for a stop","s10855",0
"1929 11 23",11,2,"we have those aspirations more than in the making and we go at it in much the same happy spirited way that they do","s2442",0
"1929 11 23",11,2,"the church in america under every name does prize and applaud the workingman far more than he thinks","s2467",0
"1929 11 23",15,19,"hosannahs mounting in costly churches here the starving babe tugging at the empty breast of the dead mother there and we send to the famine sufferers many bibles and hymn books little bacon and beans","s3503",0
"1929 11 23",15,41,"prevented renewal of franchise of old geary street railway san francisco thus making present successful municipal line possible","s3711",0
"1929 11 23",10,33,"kelley secretary of the anti jap laundry league of fresno relative to literature and information concerning japanese exclusion received and request complied with","s2361",1
"1929 11 30",10,33,"from the peralta heights and vicinity improvement club requesting information relative to the invasion of japanese on holliday avenue and costa street received and referred to the secretary","s2362",1
"1929 11 30",10,33,"yoell salary 35 00 postage magazines and papers 6 55 towel supply co 75 allen s press clipping bureau 12 00 the bills were referred to a committee consisting of delegates doyle fisk and summers who upon investigation recommended payment and on motion the secretary was directed to draw the necessary warrants on the treasury","s2368",0
"1929 11 30",7,2,"so the vvhite laboring class is festering out livid with the leprosy of this chinese curse rotting with the cancer which grows and thrives as they decay","s2041",1
"1929 12 07",44,51,"excluded are products for which adjustments are already specifically provided certain packed food products frozen fruits berries and vegetables and dried and processed apples and apple products","s9540",0
"1929 12 07",7,2,"we knew the gentleman at that time and it was a pleasure to be in his company but since he became inoculated with the vims of job chasing his thoughts and their expression have become as crooked as the trail of a serpent","s2042",0
"1929 12 07",1,15,"from the country the japanese laborer after having made sufficient money gravitates to the city and here he is to be found employed in factories stores and dwellings in each instance taking the bread from the mouths of our residents and citizens","s149",1
"1930 05 31",6,4,"to guarantee that all such goods have been produced under fair conditions as to hours pay and surroundings of employes","s1988",0
"1930 05 31",28,25,"the very lawyers who have been the loudest in demanding this self governing bar are the ones who have also been most active in denouncing the illegal and un american tactics of the labor unions","s6513",0
"1931 01 10",21,46,"at druggists 56 cents by mall 70 cents e jones sts headquarters for and work shirts<r^1 visit the largest hardware store in the mission wolfe lumber hardware company nineteenth and folsom streets hunting and fishing licenses <l 00 automobile accessories ford parts skat 3 cans 25c edison mazda lampa goodyear service station tires and tubeswhich was the first garment in america to bear the union label 7 carhartt overalls made on the pacific coastorganized labor saturday november 13 1920 5","s5813",0
"1931 01 31",18,41,"the first hearing is called for next thursday october 18th at 10 a m to consider tentative general construction safety orders","s4845",0
"1931 08 22",1,15,"when that relief came in the adoption of the exclusion act and chinese labor became diminished we felt that better times and more opportunities would obtain but the tespite was of short duration for following upon the heels of chinese immigration has come the influx of japanese tenfold more dangerous","s127",1
"1931 08 22",18,41,"la follette the greatest right of all democracy a right to be heard a right to express the views of an intelligent minority for on this rock is founded all liberty","s4863",0
"1931 08 22",3,33,"this country is at the present day entirely dependent upon lithography for the native production of books and journals which are very rare","s759",0
"1931 08 22",7,2,"so the girl s feet take hold on perdition and they carry their bodies to market to meet the chinese woman and compete with her in the foot race to hell","s2040",0
"1931 10 03",27,33,"the chinese have been stripped of their power as a nation and are compelled to accept the theory of non resistance and refusal to buy goods of those who wrong them","s7177",1
"1932 01 16",27,33,"they are denied the right to make their own tariff laws to suppress the opium traffic and to enforce criminal law against foreigners who are tried by their own nationals in china for any violation of chinese law","s7178",1
"1932 01 16",27,33,"the withdrawal of japanese troops from shantung was not so much the result of conferences either at paris or washington as it was of the very stringent boycott in china against japanese goods which caused japanese merchants to lose millions of donars a day for several months and finally led them to see that the predatory aims of the militaristic group then controlling this governmental policy were modified","s7179",0
"1932 01 30",40,25,"roosevelt defines a liberal as a person who is willing to listen to many sides of the question to keep an open mind so that if new facts are presented be or she can change bis previous conclusions on any subject","s9150",0
"1932 02 13",1,15,"more than that the chinese are springing upon us native sons full grown men and able bodied voters","s90",1
"1932 02 13",26,1,"no you read it to me when i was a little chap don t you remember","s6540",0
"1932 02 13",26,1,"if we were a primitive people we would have read something sinister into this coincidence likely as not terrifying ourselves with the idea that moloch the god of fire enraged at our puny attempts to set at naught his destruction was warning us to desist from our attempts to again clothe the hillsides","s6548",0
"1932 02 13",1,5,"she looked at me in astonishment and said i am surprised that you would suggest factory work to me i am a self respecting girl and wish a ladylike position with fairly good pay","s17",0
"1932 08 20",27,33,"approximately $1 50 a ton is charged to the lakes a distance of 150 to 170 miles while the rates from kentucky southern west virginia and virginia to the great lakes a distance of 400 to 500 miles is from $1 85 to $1 95 a ton","s7244",0
"1932 08 20",27,33,"these freight concessions are a powerful weapon for the anti union coal operators in their fight against the united mine workers herriot didn t last quit after two daysparis","s7245",0
"1932 08 20",15,7,"resolved that the thirteenth fourteenth annual convention of the state building trades council of california instruct the secretary to notify the california locals of the bricklayers and masons international association to desist from handling any work that has been conceded to the marble workers international association","s3332",0
"1932 12 03",70,21,"you should now be thinking what your demands will be for the forthcoming agreement and be prepared for special called meetings","s11586",0
"1932 12 03",70,21,"we must formulate and implement new programs and policies to guide us through the next decade and beyond","s11617",0
"1933 01 14",41,20,"4 one of america large 1 home fumuherr no money down 2 years to pay on all home furnishings at lachman bros","s9272",0
"1933 04 01",14,42,"but the land owners the money boarders and rheir cappers of the commercial gambling game will have increased the population and the value of their holdings will fee soaring skyward from the orient millions of coolies will still continue to press on to our insular possessions in the pacific as their midway house whence they will steal surreptitiously on to the mainland","s3211",0
"1933 04 08",38,7,"when the employes of general motors exercised their legal right to strike against the illegal anti union discriminations so long practiced by the corporation against wholesale discharges for union activity and against denial of their collective bargaining rights then general motors defiance of american institutions turned to outright hostility","s8564",0
"1933 04 08",2,24,"go to any city where unionism is thoroughly entrenched and you will find that a copy of the local labor paper goes into the home of nearly every union man in that city","s450",0
"1933 04 08",34,2,"good of the council matters of general interest to organized labor were discussed by several delegates","s7755",0
"1933 05 27",20,2260,"at this writing we have brother dick croft working on recovery in the peninsula hospital after they decided there was no use in him having a gall that wasn t workin a tall","s11901",0
"1933 12 02",86,12,"but the work of the committee goes far beyond its supposedly single minded fight against compulsory unionism","s12671",0
"1934 04 07",17,34,"c j with the present market in such a precarious condition housewives would do well to take advantage of these offerings","s4050",0
"1934 04 07",21,24,"but a simultaneous 6 7 per cent inflation rate wiped out any increase in purchasing power","s12201",0
"1934 06 09",42,24,"in an editorial appearing in the june issue of the american federationist official monthly magazine of the a","s9349",0
"1934 06 09",15,11,"holmberg representing the james furlong company manufacturers of cement trays appeared before the roard in reply to grievance of sheet metal workers no","s3420",0
"1934 07 14",22,8,"when all else fails try chiropractic for references ask your delegate 14 a week buys new clothes for all the family tk style shop of the missbon aood rf","s5856",0
"1934 12 15",5,16,"niarmaker and his family may have a comfortable living a pleasant 5 fljj yyittlp of life s happiness deliberately smokes a chinese or rustem l lmtltv of the grossest heartlessness and cruelty and through his to the welfare of hts brother toiler is unworthy of the respect","s1398",0
"1935 02 09",22,8,"v 7 sf fl m credit clothes on credit mission corner 22nd mayerle s new double vision glasses oanbtae both reading and distance corrections la one lens have no ugly earn thereby avoiding the annoyance of changing glasses when you wish to soo far or mayerle s glaeaee relieve eye strain freshen yeur lory and strengthen your eyas","s5857",0
"1935 02 09",25,4,"w e looked at a number of alternative locations including the transbay terminal but found that the combination of economics traffic flow existing investment and shor lead time available to improve our service in downtown san francisco pointed to the location we have chosen nageotte stated","s12238",0
"1935 02 09",25,4,"open shop contractors have contended in the past that their jobs arehome building dips in statethe number of homes and apartments under construction last year in california declined 8 9 percent bank of america reported","s12261",0
"1935 06 22",19,3,"tveitmoe recording and corresponding secretary building trades council of san francisco salt on grapefruitduring the recent sugar shortage the market for florida grapefruit was affected to a degree that led the growers there to suggest the use of salt instead of sugar on grapefruit i recripened grapefruit such as begins to come from honda m ecember is often preferred without any sweetening at all","s4957",0
"1935 07 06",25,52,"the most effective aid to prevention of industrial sickness in the absence of workmen s health insurance laws now lies in the inclusion of occupational diseases along with work accidents in our workmen s compensation laws","s6476",0
"1936 02 08",28,20,"much of what labor has long regarded as its inalienable possession is now being torn from it or will its adversaries hope soon be torn from it","s6430",0
"1936 02 08",21,46,"gregory said the constitution has thrown around the prosecution of criminals the constitutions state and federal a number of securities","s5793",0
"1936 02 08",3,33,"there is a compulsory feature in such an agreement that is along the same lines as is suggested incompulsory arbitration","s748",0
"1936 02 08",15,11,"when they have planted hope instead of discouragement confidence in the place of doubt courage in the place of timidity they shall have won a great victory in a boy s life","s3379",0
"1936 02 08",5,16,"the question is this would you advise me to marry a beautiful or a sensible girl","s1438",0
"1936 02 08",66,15,"the meeting will be short to the point that we will send you on your way home early","s11151",0
"1937 02 13",16,13,"the question of withdrawingbuilding trades directorystate building trades council headquarters general president and general secretary treasurer 810 merchants national bank bid","s3912",0
"1937 02 13",45,22,"to avoid delay in filling jobs with veterans the eight opa regional offices are working out plans to place orders with the civil service commission for direct hiring for a number of positions in certain categories bowles said","s9639",0
"1937 02 13",29,20,"leiserson makes a fundamental mistake in assuming that the alternatives for progress are between the free labor union and the company union freedom and dictatorship","s7454",0
"1938 09 17",11,47,"if you are really working for your wish you will grasp these even if it means weary hours of study or the sacrifice of personal pleasure","s2580",0
"1938 09 17",11,47,"proceedings of the executive board the executive board of the asiatic exclusion league met at its headquarters 815 metropolis bank building and in the absence of the president and vice president was called to order by delegate knight at 8 p m saturday november 5 1910","s2582",0
"1939 06 24",6,38,"seventy five years ago the weavers of lancashire england thought they could head off an invasion against their trade at that time","s1696",0
"1939 06 24",35,50,"hence her recent suggestions for the conclusion of other locarno pacts in eastern central and southern europe","s8836",0
"1939 07 15",30,41,"a young man who was trust officer in a financial institution was asked to make a talk at the meeting of a business and professional women s club","s7699",0
"1939 07 15",18,41,"we recommend a continuance of theestablished method of questioning candidates and presenting their replies and their true record for the information of the trade unionists of our state","s4871",0
"1939 07 15",10,33,"prether enclosing advertisement calling attention to imported japanese canes to be used in parade etc received and the secretary directed to notify the central labor organizations and the general labor day picnic committee","s2363",0
"1939 11 04",17,29,"the united states supreme court he declared is in fact falsely labeled and is in fact not the supreme court but the supreme lawmaking body of the united states though responsible neither to the people nor to congress under the system that it has itself created","s4228",0
"1939 11 04",17,29,"the lecturer cited two similar american cases in which the supreme court of the united states had made decisions that absolutely forbid any legislature state or national to pass laws making blacklisting by employers illegal and commented on them as showing not only the control of the supreme court over legislation but the unsympathetic attitude of the judicial mind toward labor organized or unorganized lf the american people were really intelligent was the lecturer s conclusion this state of affairs could not exist over night","s4231",0
"1940 05 18",17,29,"a part missing the next ford peace expedition ought to have a muffler chicago post öooöodöew>oö4xtoooomooo<^ herman s hats union made 96 mission street at twentieth^ kh^oowooofjoooooooooocooooooowatch the papers for prices and details uljllijui","s4251",0
"1940 05 18",40,28,"hesketh dies was high official of hotel and restaurant employees unioncincinnati ohio robert bruce hesketh general secretarytreasurer of the hotel and resturant employees international alliance and bartenders international league of america died here july 3 at the age of 69","s8825",0
"1940 05 18",40,28,"f of l wings of the united automobile workers millions of youths unable to find jobsbetween 5 000 000 and 6 000 000 young people between the ages of 16 and 24 years who are out of school are seeking employment and unable to find it","s8864",0
"1940 05 18",16,20,"wears a 10 hat for a yms head and is going from bad to worse in estimating the size of his own importance","s3929",0
"1940 05 18",16,20,"has ability and a sense off horror brat cannot be depended open to help in securing needed labor legislatiortl h b","s3942",0
"1940 05 18",16,20,"will go further on labor and progressive issues than the great majority of his profession","s3952",0
"1941 04 12",35,28,"they have done numerous other things as an association and an organization for their own benefit and advancement","s8203",0
"1941 06 14",5,38,"combinations of capital therefore because danger to the people is inherent in them are the combinations that the common law consireded illegal","s1343",0
"1942 07 04",11,2,"communication from the golden gate lodge of plasterers protesting against ruling of council and setting forth agreement on trade jurisdiction claims submitted to and approved by the building trades department of the american federation of labor received and the law ordered enforced","s2482",0
"1942 07 04",28,42,"parades banned any act which might interfere with the production mining transportation or shipment of coal was restrained","s7392",0
"1942 07 04",82,14,"conroy has been appointed to the staff to fill the vacancy created by pierre s retirement and wewelcome him in his new position","s12366",0
"1942 07 04",14,42,"it is ait very well for san francisco and california to blow whistles and ring bells in exultant jubilation while the staid and stolid engineers and their plucky mechanics and laborers as a matter of fact business are busy digging and finishing the big ditch on the isthmus that the exposition city will celebrate the greatest world achievement in a record breaking way with all civilized peoples of the earth participating heartily in her unrivaled outburst of joy is of course all very natural","s3213",0
"1942 10 31",5,16,"the employment of children in turn displaces adult workers and sends them to compete for new jobs","s1442",0
"1942 10 31",47,7,"they knew the war workers were at home instead of in the fighting lines and on the sea and in the air through no choice of their own but because of reasons over which they had no control","s9815",0
"1942 10 31",16,20,"ideal type of legislator unassuming yet earnest intelligent and ever willing to help the canse of labor","s3957",0
"1942 10 31",47,7,"a sacramento trucking operator was fined $5o with an alternative of 25 days in the county jail for failure to pay the wages of one of his drivers","s9838",0
"1943 05 15",19,39,"of the old men and children murdered of the women and girls ravished of the non combatants taken from their homes and deported to work foj their conquerors of the merchant ships sunk and passengers and crews murdered of the hospital ships sunk the hospitals and unfortified it ies bombed of the mutilation and murder by crucifixion and otherwise of wounded and captured soldiers of all this beastliness there is plenty of evidence evidence that no disbelieve the best answer to german peace propaganda is sinking more u boats sending more men to france speeding up our work along every line and a heavy subscription to the fourth liberty loan","s5140",0
"1943 12 18",16,20,"hale s 39th anniversary sale now in progress the most important merchandising event in the history of hale s offers you thousands upon thousands of dollars worth of fresh new spring and summer goods at such savings that you will long remember this great may festival of bargains","s3985",0
"1944 05 27",44,20,"henry as supervisor of the state labor commissioner s san francisco cornels office was announced today by paul scharrenberg f industrial relations","s9645",0
"1944 07 08",17,5,"eliza de luce and walter holloway ja atu x januaa st the popular price l jewelry store 715 market street near call building san francisco phone kearny 2017 jewelers watchmakers opticians all watch repairing guaranteed for two years","s3981",0
"1944 07 08",27,22,"if you are going to act like that you had better go right to bed","s6973",0
"1944 11 25",33,5,"take therefore the talent from him and give it unto him which hath ten talents","s7508",0
"1944 11 25",30,9,"it requests that hoover on assuming office recommend to congress such amendments to the law excluding as immigrants all aliens ineligible to citizenship as will make exception for the japanese","s7487",1
"1945 06 16",9,38,"but there are more ways of taking the life of a canine than tilling its trachea with butter","s2309",0
"1945 06 16",9,38,"tone california asking for information and data on the question the control of the pacific received and the secretary directed to comply with the request","s2322",0
"1945 06 30",35,23,"he reported that he had interviewed the musto keenan company and informed them that complaint had been made that the marble masons employed on the hamilton field job had been underpaid","s8728",0
"1945 06 30",20,19,"separate parts if the units were in themselves well balanced and strong should normally have been the more profitable of the two until the time should come when if competition bv the separate","s5475",0
"1945 06 30",15,41,"experienced capable and untrammelled he would have but one client in washington the people of his native state the berger manufacturing co","s3717",0
"1945 10 20",20,33,"it would help the professional man for then his services would be in greater demand and qt higher fees","s5534",0
"1945 10 20",20,33,"the company s alleged success was frequently commented on at meetings of southern foundry men and the plant has been the inecca of other employers to secure information on the company s success","s5575",0
"1945 10 20",24,37,"these injunctions invariably abrogate the free speech free press and peaceful assemblage provisions of the constitution of the united states","s6247",0
"1945 10 20",24,37,"general pershing believes cannot be done if we continue to admit the undesirable elements which have destroyed peace and prosperity in europe and are seeking to break in here partly to escape from the anarchy which they have helped to create and partly to engage in producing similar conditions here","s6250",1
"1945 10 20",24,37,"according to the reports just published officially by the department of labor the union scale for carpenters $1 25 an hour is higher in st","s6316",0
"1945 10 20",24,37,"c $1 25 lima 0 $1 25 san francisco $lo a day los angeles $lo a day and richmond ind $1 40 an hour","s6321",0
"1946 02 16",28,16,"the union is formed with a nominal capital stock and only members may participate in the organization","s6293",0
"1946 02 16",3,29,"from amalgamated wood workers no 15 stating that report of conference committee had been adopted by unanimous vote and the union had also decided to parade on labor day 378 votes received and filed","s712",0
"1946 02 16",30,11,"b67 market street opposite powell union made a friend of labor for 57 years eagleson s since 1872 the shirts we sell are union made right in our own factory thus eliminating the middleman s profit","s7575",0
"1946 02 16",15,41,"tveitmoe closed by saying that he had no feeling of bitterness toward any man who had mixed in either side","s3767",0
"1946 02 16",6,3,"woodpile it is probable in fact it is certain that there are many men who will find fault with the sentiments expressed in the quotation from the saturday evening post of philadelphia which is given herewith but it is nevertheless true that it contains a larger chunk of wisdom than is often found in such a brief article and there are few men who would not profit were they to ponder well over the truths enunciated in these few paragraphs","s1903",0
"1946 06 08",12,11,"tveitmoe believes it will be will prohibit any alien who can not become a citizen of this country from owning or leasing any land in this state","s2672",1
"1947 02 01",57,30,"the president well i ll tell you we tried a little bit but you can t do it","s10642",0
"1947 11 15",51,45,"voi r credit is good take a year to pay itisist on golden grain macaroni j spaghetti egg","s10331",0
"1948 02 21",19,11,"there being no further business submitted the council adjourned to convene in regular session thursday evening march 14 1918 at 8 o clock","s4464",0
"1948 02 21",5,20,"we light up bartholdi s statue in new york and we invite the oppressed of the world to come as long as they are not criminals and paupers","s1525",0
"1948 04 24",2,14,"about twenty three out of every 1000 coal miners the world over are killed annually unfair techau tavern","s383",0
"1948 07 10",43,27,"the first chose for his scene a still lone lake among the far off mountains","s9383",0
"1948 07 10",4,4,"barnhard of the building trades council of san joaquin county reported that everything was moving along nicely in his territory","s796",0
"1948 10 23",9,38,"these things done a handful of our soldiers will easily control any riotous mass of the populace and a display of our power will overawe and quell the mightiest concourse of malcontents that they will be able to gather together","s2268",0
"1948 10 23",9,38,"the second in our trio of insubordination breeders education beyond their station cultivates the spirit of insubordination in much the same way as over prosperity does","s2306",0
"1948 10 23",9,38,"it creates in the people a desire for a standard of living above their class and besides makes them dissatisfied with their fixed condition in life and unfits them for the performance of the hard duties incident to and inseparable from it","s2307",0
"1949 01 01",46,42,"walkers company for the erection of a $40 000 residence at the corner of pacific avenue and pierce street for john d","s9741",0
"1949 01 01",11,6,"knowland and james francis burke advising of having received the petitions of hundreds of our citizens favoring an asiatic exclusion law and that the same would be presented to the house of representatives received noted and filed","s2522",1
"1950 11 03",4,36,"the men are standing as firm as ever fully determined to win out the just cause they are struggling for","s1086",0
"1950 11 03",4,36,"the long hours that is the many hours of work in the factory under factory rules were more exhausting and exasperating than an equal number of hours in other employment","s1131",0
"1950 11 03",4,36,"at all hazards they feel that j these policies must be carried out legally if possible illegally if needs i be","s1192",0
"1950 11 03",17,29,"tveitmoe recording and corresponding secretary san francisco building trades council the diamond mysterythe tax collectors at canton ohio suspect that many diamonds are not listed for taxation","s4215",0
"1950 11 03",6,17,"ib y mie dcnrinig the present ses a bre cfflßpdösing vestibmles on xenr york street cars","s1447",0
"1950 12 01",21,47,"drury has visited practically all of the steel plants in the united states working under the three shift system in an effort to collect technical data covering the details of their operation and figures showing the results obtained","s5104",0
"1950 12 01",1,38,"business agent humphrey galla i gher reported having interviewed several dealers with favorable results and also some manufacturers who were seriously considering the matter of making application for the union stamp in the near future","s129",0
"1951 01 05",11,6,"the secretary was also instructed to write to senator flint requesting a number of senator lodge s speeches on immigration and to write to all friendly congressmen and request that they insert some of the league s reports appertaining to the asiatic question in the congressional record","s2533",0
"1951 01 05",18,12,"the illegality and inhumanity of such an infamous practice under the guise of business is indeed revolting","s4733",0
"1951 03 02",65,13,"13 engaging in any activities which tend to bring the local or other subordinate body of this brotherhood or the brotherhood itself into disrepute or which tend to reflect upon its good name standing and reputation","s11044",0
"1951 03 02",65,13,"when hearing of the aforementioned action of dow wilson and the local 4 strike committee c","s11060",0
"1951 03 02",65,13,"m s c that the local also retain legal services of gary dreyfus mcternan to handle any legal steps which may be necessary to protect the interest of the local and or its officers including the business representatives in this dispute with the general exicutive board","s11074",0
"1951 03 02",30,28,"the members of which associations do practically all of the work in st ouis and vicinity","s7616",0
"1951 03 02",30,28,"new alien quotas are now effective1 he national origins clause of the immigration law became effective july 1 after congress postponed the date of its enforcement three times and president hoover attempted to secure ts repeal","s7654",1
"1951 03 02",69,31,"bridge dock builder local 34 federal credit union the credit union lost one of its charter members and boost ers in the passing of whitey shugrue and all of us in the credit union offer our deepest sympathy to his family","s11880",0
"1951 03 16",46,42,"in 10 years nlrb has ordered over 7 000 employers to post notices informing employees that they are free to engage in collective activity without interference","s9727",0
"1951 03 16",46,42,"it was feared that he might say something in favor of japanese exclusion and thus honestly represent the voice of the w r orking people of the city and state","s9739",1
"1951 03 16",21,34,"clothes if on w 0 credit r between w 19 t and 20 t sts","s5685",0
"1951 03 16",46,42,"unions to oppose charter amendment no 8 which is designed to change the personnel setup of the civil service commission","s9755",0
"1951 03 16",32,40,"that is one reason why the daily orange is used by millions of families while cold slaw has leaped into the limelight along with the radio and the airplane why raspberries are now selling heavily everywhere where once they were a rather commonplace berry and why the fruit cup the salad and the light fruit desserts have become so popular of late","s8195",0
"1951 04 13",9,24,"and when she was alone the silver lady gazed into the fire seeing dead loves and past hopes and seeing too as the old will the things that are to be her royal highness came back later all in palest mauve with her fair hair puffed and waved and with her white shoulders bare and she wore no jewels but the diamond heart that her husband had given her","s2192",0
"1951 04 27",27,49,"only material that is structurally sound and free from knots and other defects should be used in the construction of derricks","s7256",0
"1958 06 16",43,27,"every central labor body should form a branch of the league in its locality and work in close and constant contact with the national office pearl harbor widows carry on fight against japsby aviation news featuresnearly 15 000 women are currently employed in plane production work a survey conducted by the aviation news committee of the aeronautical chamber of commerce revealed","s9414",0
"1958 08 25",9,24,"can any little boy asked the new teacher tell me the difference between a lake and an ocean","s2208",0
"1959 10 12",40,28,"entered at the postofflce at san francisco calif on august 20 1901 as cond class rnatter","s8869",0
"1959 10 12",48,46,"with this in mind they were very precise in defining and explaining what an urgency measure is not and what it is","s10146",0
"1961 03 27",12,11,"when the proper time comes this country will pass a law excluding all asiatics as it does the chinese at present and none of these countries can then take offense at it because it will treat them all alike and will not single out one or two countries and thus humble their pride","s2668",1
"1961 07 31",12,46,"i ventured to suggest that perhaps the boss would not be enthusiastic about their view","s2891",0
"1965 02 08",47,7,"m kfrc america s largest manufacturing f retail jewelers ii v e that i eactet delivered direct for freshneu swell s national crest offee bjuf nuwcbco mm oakland steal 101","s9847",0
"1965 02 08",7,43,"the vacancies made in the times bindery are soon to be filled by two coreans seven japanese and a chinaman that general otis is bringing back with him from the orient the irish tailors h the first tailors in san francisco to use this label and still use it kelleher st browne uinioin tailors 16 and is octavia st near market tools for all mechanics the tool store ed","s2159",1
"1965 03 08",46,42,"national association mission branch cor 16th stroot and julian avenue member federal def h imurmmc cmrpmetimf laclimaii bros","s9770",0
"1965 03 08",21,34,"the union men however will have the distribution for all the reserved seats in the sections on the main floor while the gallery seats will be distributed from the bulletin office","s5650",0
"1965 05 24",21,34,"communications communications from the san francisco labor council enclosing the minutes of the joint labor day committee meeting of july 31st received and the secretary directed to communicate with the labor council calling attention to the frequent reports in the daily press concerning the labor day celebration including only the name of the labor council without mention of the building trades council","s5655",0
"1965 07 26",12,11,"it is such measures as these which weaken sincere efforts in behalf of asiatic exclusion","s2650",1
"1965 07 26",52,1,"join now and g make your 1951 christmas a prosperous one g t federal deposit insurance corporation now insures your deposi s up to sic ooo the san francisco bank savings incorporated feb","s10678",0
"1965 10 11",11,6,"mccarthy requesting that information on chinese and japanese immigration etc be sent to various persons in the southern part of our state received and complied with","s2527",0
"1965 10 11",11,6,"from a number of educational institutions and individuals requesting information on japanese immigration and exclusion received noted and complied with","s2528",0
"1965 10 11",6,22,"he disagreed with professor eliot of harvard university i who declared the non union man a good type of the american hero and said that the man who refused to 1 join a union was a fellow who wanti ed to eat his cake and have it too","s1550",0
"1965 10 11",24,29,"it matters not how just the cause may be it can not succeed in a full measure unless the members are solidly united in hand mind and heart","s5366",0
"1965 10 11",4,8,"the painters are all getting ready for the fourth annual ball and entertainment to oe given at native sons hail april 24","s896",0
"1965 10 11",68,2,"platformate is merely a technical term referring to an ingredient gas used by most oil companies for at least the past 15 years","s11273",0
"1965 11 08",9,24,"believers in industrial peace and fair treatment of labor should ask their shoe dealer for shoes bearing this stamp","s2250",0
"1966 04 25",68,2,"thus today s regular grade is close to the minimum or high test of a few years ago","s11283",0
"1966 11 14",68,2,"985 folsom su 1 5369 san francisco 94107 compliments of indo china restaurant best in indian chinese american food 881 clay st","s11295",0
"1966 11 14",32,34,"the text of the council s statement follows the executive council of the american federation of labor spent the entire session of today s meeting in considering the unemployment situation","s8075",0
"1967 07 10",32,34,"the reports received from labor organizations were augmented by statements submitted by the individual members of the executive council regarding the distressing condition which prevails among the members of the different organizations and labor generally in various parts of the country with which they come in contact daily","s8076",0
"1967 09 11",9,24,"prod iced under sanitary conditions insist on your dairyman and grocer to furnleh you milk cream butter and cheese bearing this label which is placed en covers bottles and packages","s2259",0
"1967 09 11",27,33,"coolidge wants rail labor act applied to coalpresident coolidge believes that the principles embodied in the railway labor act might bring peace in the coal industry","s7216",0
"1968 04 08",40,44,"building tradesthe building and construction trades council of san francisco met in regular session pursuant to adjournment in brotherhood hall building trades temple thursday evening october 26 1939","s9183",0
"1968 04 22",88,16,"the only real diversion from those issues was presented by john wallace who was not so much opposed to the uss missouri as he was of the fact the us navy had let a large housing construction contract non union","s12776",0
"1968 04 22",3,4,"ellis south line 194 9 west of webster all work for 3 story 4 flat frame","s604",0
"1968 04 22",3,4,"belcher west line 160 south of 13th carpentery 1 2 etc for 2 story frame","s614",0
"1968 07 08",18,12,"only 10 per cent of the people born in california finally find their homes in other states","s4636",0
"1968 07 08",45,47,"to american prisoners of war proud american boys accustomed to limitless freedom to think to act the monotony is almost unbearable","s9852",0
"1968 07 08",14,52,"this is what i found this morning three champagne corks eighteen cigar ends five cigarette ends thirty six burnt watches and one pink satin slipper","s3259",0
"1969 11 24",11,6,"3 rooms complete good serviceable furniture for bedroom kitchen and living room $68 00 4 rooms complete everything the best for the money kitchen dining room parlor and bedroom $loo oo 2200 2212 mission street","s2542",0
"1969 11 24",11,6,"the following hardware stores are good ones to patronize bennett brothers 62 third street 541 haight street brittain company market and mason streets 1206 10 polk st cor","s2560",0
"1970 04 13",47,7,"111 the alameda county federated trades council adopted a resolution protesting the appointment of state senator ralston as naval officer by president theodore roosevelt on account of mr","s9795",0
"1970 04 13",33,3,"this brings the total turned over to the state mines since june 1927 to $850 000","s8280",0
"1970 07 13",12,11,"tveitmoe then quoted figures showing the decrease in immigration and the large number of japanese who were returning to their own country and supplemented this by saying that japan needed all of her countrymen at home","s2670",1
"1970 07 27",48,3,"the letter asks that immediate retractions be made in the daily press that accused the pickets of the department store employees of being the perpetrators of this alleged acid spraying crime","s10090",0
"1971 05 10",52,1,"labor is ready to go more than half way with management and farmers to support defense programs he sai l","s10656",0
"1971 05 10",17,4,"secretary wilson rules persons employed in the transportation divisions of railroads crossing the boundary line between canada and the united states who come to the united states for the purpose of accepting positions growing out of seniority regulations connected with their employment on such roads shall not be considered as alien contract laborers","s4099",0
"1972 02 14",17,4,"the strike fund is exhausted and the miners families are jiterajas are mexican or spanish and able to live on flour and cheap mexican beans they cannot even get these simple articles of food","s4103",0
"1972 02 14",1,21,"the only alternative to a free market is state regulation of wages and conditions of labor","s280",0
"1972 11 27",11,17,"fuller company and whittier coburn company calling attention to the settlement reached bv the conference committee april bth which had been ratified by the glass workers union at special meeting april 10th and advising that all men in pursuance of the agreement had returned to work with the exception of the mirror workers received and referred to the secretary with instructions to notify all parties concerned that the law of the council and the agreement as ratified must be faithfully carried put and lived up to","s2371",0
"1973 08 06",12,51,"president jackson attacked the united states bank as illegal though the supreme court had decided it legal","s2960",0
"1973 08 06",36,25,"there is no question that the communists are back of the move to oust scharrenberg","s8350",0
"1974 05 06",1,21,"i believe and i hope in common with every intelligent workingman that the jurisdiction of the trade union should be one and indivisible within the limits of each trade and that the existing lines of demarkation which are drawn by localities races or religions åre pernicious to the cause of labor","s196",0
"1974 05 06",25,47,"home education the child s first school is the family froebelissued by the national kindergarten association 8 west 40th street new york city","s6388",0
"1974 05 06",25,47,"grayin this day of small convenient houses it sometimes seems impossible to devote one room to the children but why not build houses with a room for them a nice bright comfortable one oil the kitchen where mother can keep an eye on it not up three flights of stairs in the garret","s6390",0
"1974 05 06",30,47,"kline says that through such a system of full time work for convicts the prison can keep down the cost of upkeep and save the taxpayers money","s7762",0
"1974 05 06",1,21,"labor and equal rights several recent occurrences have revived the old and exploded charge that labor organizations are incompatible with the maintenance of equality of rights anti of liberty","s254",0
"1974 10 07",1,21,"these questions are asked directly or by implication by every opponent of unionism and the superficial consider them serious if not unanswerable","s256",0
"1976 10 18",21,30,"the invasion of cheap and servile labor which would overwhelm us if the exclusion bars were let down would be fraught with an hundredfold more evil to our people than followed the introduction of negro slavery into this country","s4982",1
"1976 10 18",21,34,"from butchers union no 120 of oakland calling attention to their trouble with their employers in oakland since july 17 1920 received noted and filed","s5662",0
"1977 02 07",18,8,"in these circumstances a city lineman would be forced to contribute to a pension fund from which he could hardly hope to benefit","s4534",0
"1977 02 07",85,12,"they were on the road for a month and put 3454 miles on the speedometer","s12597",0
"1977 02 21",49,17,"the members of the cmta were asked to make the initial contribution for the period from april 1 to april 9 at the rate of 64 cents per man per day","s10057",0
"1977 03 07",23,12,"mario delatorre a member of the executive board has been chosen to serve in the private sector while bob mcdonnell will represent city employees","s12214",0
"1977 12 19",9,38,"minutes of executive board the executive board of the asiatic exclusion league met at its headquarters 815 metropolis building saturday september 12 1908 at 8 30 p nt vice president carr in the chair","s2320",1
"1979 02 19",1,14,"patriotic eloquent speeches and stirring music at the metropolitan temple next monday night will start the campaign which will effectually settle the mooted mongolian labor problem for all time to come","s03",1
"1980 03 17",32,40,"unless they get a balanced diet they are sooner or later going to show the results of improper feeding","s8188",0
"1982 08 16",30,47,"evans of oregon holding that the workers could not collect the overtime pay allowed by law for overtime on public works in oregon because they were parties to an illegal contract will have no effect whatever on the validity of the california eight hour law on public works or the eight hour law for women","s7801",0
"1983 03 28",43,27,"those on duty were constantly visited by the chaplains who braved the japanese shells to reach the batteries and gun pits the announcement said","s9397",0
"1983 03 28",3,4,"probably the cost of making was too great to allow the manufacturer much of a profit this is often their reason for discontinuing a line a $2 25 dining chair for $1 40","s629",0
"1983 03 28",11,6,"5 00 the bills were referred to a committee consisting of delegates bowlan williams and knight who upon investigation recommended payment and on motion the secretary was directed to draw the necessary warrants on the treasury","s2530",0
"1984 01 16",1,14,"the time has come when united labor of the pacific coast again is called on to settle the mongolian labor problem","s05",1
"1984 01 16",1,14,"no matter under what disguise they may seek admittance be it either as students transits merchants or native sons the doors must be closed to all of them","s07",1
"1984 08 13",30,49,"the increased productivity of the workers has increased 52 per cent during the ten year period ending in the year 1929 while the increase in earnings amounts to 18 per cent for the same period","s7126",0
"1985 07 08",1,14,"every man or woman who reads this or listens to the speakers on monday should not only refrain from purchasing the goods of this unfair japanese combine and all other mongolian em ploying concerns but they should also inform their friends and acquaintances that these greedy short sighted employers locked out their union cloakmakers because the cloakmakers union refused to admit japanese to membership","s18",1
"1985 07 08",1,14,"tveitmoe of the cementworkers union and are as follows whereas measures have been taken and a movement set on foot for the purpose of breaking down the present barriers against chinese immigration and thus robbing white labor of its protection as embodied in the provisions of the exclusion act and whereas we are satisfied after careful rt thorough investigation of the matter that there are already too many loopholes in the present law known as the exclusion act and whereas judging by what experience and the past decade has taught us that the present open door policy towards japanese immigration is injurious to labor and detrimental to the best interest of the country therefore be it resolved that the building trades council of the city and county of san francisco does hereby most emphatically protest against any modification of the chinese exclusion act whatever","s22",1
"1985 09 23",26,24,"if such a thing happens it will spoil the marble and produce blemishes that will cause the marble to be rejected","s6752",0
"1985 11 11",30,47,"it is not the man of education that makes the distinction it is the want of it that makes us feel our inferior position and we avoid contact that would expose our ignorance hence we have classes in society just in proportion to our knowledge","s7827",0
"1985 11 11",49,43,"official newspaper of the san francisco building and construction trades council and the state bluminh tradf s roitnril of californiavol","s10128",0
"1985 11 11",49,43,"the full board held that employes on strike for economic reasons may be permanently replaced by the employer and excluded from voting in a collective bargaining election","s10131",0
"1985 11 11",49,43,"fitzpatrick ordered a union to reimburse an employe illegally laid off at the union s request","s10133",0
"1985 11 11",1,14,"maoarthur of the sailors union were adopted whereas a movement has been set on foot looking to the free entry into the united states of all classes of chinese upon the expiration of the present chinese exclusion act four years hence and whereas the reasons adduced in the past to justify the exclusion of mongolian labor continue not only of equal but of rapidly augmenting weight as proved by the results arising from the presence of the chinese in the united states and constant influx of large numbers of japanese therefore be it resolved by the san francisco labor council that we urge upon congress the re enactment at the proper time of the chinese exclusion act with such alterations as have been found necessary to prevent the evasion experienced under the present law and be it further resolved that we also urge the enactment at the present time of a law for the total and perpetual exclusion from the united states of all japanese other than those accredited by their government on its diplomatic staff","s25",0
"1986 07 14",26,24,"in addition several hundred thousand of unrecorded workers were given information which saved them aimless wandering in search of employment","s6768",0
"1987 05 25",1,14,"as a danger to our people the japanese should stand interdicted by every argument that has heretofore proved effective for the exclusion of the chinese and by the further reason that their apparent assimilativeness make their encroachment the more insidious without in any degree lessening the practical evil of their presence and be it further resolved that a copy of these resolutions be forwarded to the senators and representatives of california with a request for their prompt action in the matter war among printers the typothetse and the typographical union in battle royal","s28",1
"1987 05 25",1,14,"having prevented the union job printer of son francisco from securing a shorter workday the local typothetae encouraged by its success is evidently determined to further oppose the typographical union by introducing the piece system on type setting machines which is strictly prohibited by san francisco typographical union no 21 and is also contrary to the recommendations of the international typographical union","s52",0
"1987 05 25",5,41,"rural mail carriers in a recent convention decided to petition congress for an increase in salary","s1749",0
"1987 05 25",5,41,"the strike is reported as i strong now as on the day when it be","s1756",0
"1988 08 22",36,27,"he recommended that we endorse the agreement with the reservation that such sections as may be illegal or which may contain provisions that are not acceptable be corrected","s8383",0
