"title","company","url","body","type"
"Technical Support Engineer","Circle","https://www.fintechcareers.com/job/41427/technical-support-engineer-dublin-3/","Circle (NYSE: CRCL) is one of the world’s leading internet financial platform companies, building the foundation of a more open, global economy through digital assets, payment applications, and programmable blockchain infrastructure. Circle’s platform includes the world’s largest regulated stablecoin network anchored by USDC, Circle Payments Network for global money movement, and Arc, an enterprise-grade blockchain designed to become the Economic OS for the internet. Enterprises, financial institutions, and developers use Circle to power trusted, internet-scale financial innovation. Learn more at circle.com.

What You’ll Be Part Of

What You’ll Be Part Of

Circle is committed to visibility and stability in everything we do. As we grow as an organization, we’re expanding into some of the world’s strongest jurisdictions. Speed and efficiency are motivators for our success and our employees live by our company values: High Integrity, Future Forward, Multistakeholder, Mindful, and Driven by Excellence. We have built a flexible work environment where new ideas are encouraged and everyone is a stakeholder.

What You’ll Be Responsible For

What You’ll Be Responsible For

Circle is looking for a Senior Technical Support Engineer who will provide world-class support to customers building on the Circle Platform and Ecosystem. You will become an expert in helping clients with our API-based products and consulting with external developers. You enjoy the challenge of solving open-ended problems in a timely manner and you are passionate about customer experience. You enjoy building at the earliest stages. You care deeply about contributing and improving company processes, and you enjoy moving at a fast pace, building a long-lasting foundation, and helping customers thrive.

What You’ll Work On

What You’ll Work On



What You’ll Bring To Circle

What You’ll Bring To Circle



Circle is on a mission to create an inclusive financial future, with transparency at our core. We consider a wide variety of elements when crafting our compensation ranges and total compensation packages.

Starting pay is determined by various factors, including but not limited to: relevant experience, skill set, qualifications, and other business and organizational needs. Please note that compensation ranges may differ for candidates in other locations.

We are an equal opportunity employer. We do not discriminate on the basis of race, religion, color, national origin, gender, sexual orientation, age, marital status, veteran status, or disability status, or any other protected status required by the laws in the locations where we hire. Additionally, Circle participates in the E-Verify Program in certain locations, as required by law.

equal opportunity employer

Should you require accommodations or assistance in our interview process because of a disability, please reach out to [email protected] for support. We respect your privacy and will connect with you separately from our interview process to accommodate your needs.

","Fintech"
"Area Business Manager – Dublin","Global Payments","https://www.fintechcareers.com/job/41050/area-business-manager-dublin/","Ready to take your career global?

Ready to take your career global?

Make your mark at one of the biggest names in payments. We’re looking for an Area Business Manager in Dublin to join our ever evolving sales and operations team and help shape the future of global commerce.

What You’ll Own

What You’ll Own



What You’ll Bring

What You’ll Bring



It’s a bonus if you have

It’s a bonus if you have



About The Team

About The Team

Our inclusive and global teams win together every day. We’re proud to have the best minds in the industry, who you can learn from as you grow your career. The people, the energy, the connections – it’s unmatched. Come and be part of an ever-evolving company and get dynamic opportunities that go beyond borders.

What makes a Globalpayer?

What makes a Globalpayer?

Globalpayers think like a client, act like an owner and win as one team. We’re curious and innovative – always finding better ways to deliver impact. We empower each other to make decisions, and it’s our passion that drives excellence in everything we set out to do.

Does this sound like you? Then you sound like a Globalpayer. Apply now to take your career global.","Fintech"
"Technical Consultant – Splunk Developer","Murex","https://www.fintechcareers.com/job/40990/technical-consultant-splunk-developer-dublin/","Murex is a global fintech leader in trading, risk management and processing solutions for capital markets.

Operating from our 19 offices, 3 400 Murexians from over 65 different nationalities ensure the development, implementation and support of our platform which is used by banks, asset managers, corporations and utilities, across the world.

Join Murex and work on the challenges of an industry at the forefront of innovation and thrive in a people-centric environment. You’ll be part of one global team where you can learn fast and stay true to yourself.

What You’ll Do

What You’ll Do

You will be working with multiple intelligent friendly teams globally. Learn to take in Big Data and creating some wonderful dashboards and get a massive sense of pride from your work. Interact with multiple tools to keep our release life cycle up and running. You will contribute to the running and maintaining Splunk@Murex to ensure that projects meet organizational standards and user requirements.

As a Splunk Developer

As a Splunk Developer



As a Splunk Tester

As a Splunk Tester



As a Splunk Architect

As a Splunk Architect



Main Requirements

Main Requirements



Why Should You Join Us

Why Should You Join Us

","Fintech"
"PBWM Controls Business Partner Europe","Barclays","https://www.fintechcareers.com/job/41088/pbwm-controls-business-partner-europe-dublin/","Embark on a transformative journey as a Private Bank and Wealth Management (PBWM) Controls Business Partner Europe at Barclays, where your primary objective is to support the management of the Barclays Europe Private Bank control framework, to ensure compliance with regulatory, reputational, control and governance demands, leading to a superior client experience.

The role holder will work closely with stakeholders across multiple Private Bank locations (e.g. Monaco, Switzerland, Dubai and the UK) and work closely with a range of stakeholders across all lines of defence and of varying levels of seniority.

To be successful as a PBWM Controls Business Partner Europe, you should have:

Other Highly Valued Skills Include

Other Highly Valued Skills Include

You may be assessed on the key critical skills relevant for success in role, such as risk and controls, change and transformation, business acumen, strategic thinking and digital and technology, as well as job-specific technical skills.

This role is based in Dublin with a hybrid working model of working a minimum of 3 days per week in the office.

Minimum Salary: €56,000

Minimum Salary: €56,000

The minimum salary information above includes only annual full-time equivalent base salary and typically represents the lowest level of pay for this role. The actual pay rate will reflect the responsibility level of the role and experience level of the individual. It does not include any other type of compensation or benefits that may be available.

Barclays employees are also eligible for a suite of competitive country-specific benefits.

This position is eligible for an incentive award.

Purpose of the role

Purpose of the role

To assess the integrity and effectiveness of the banks internal control framework to support the mitigation of risk and protection of the banks operational, financial, and reputational risk.

Accountabilities

Accountabilities

Assistant Vice President Expectations

Assistant Vice President Expectations

All colleagues will be expected to demonstrate the Barclays Values of Respect, Integrity, Service, Excellence and Stewardship – our moral compass, helping us do what we believe is right. They will also be expected to demonstrate the Barclays Mindset – to Empower, Challenge and Drive – the operating manual for how we behave.","Fintech"
"BPL Financial Crime Compliance Manager (BIP)","Barclays","https://www.fintechcareers.com/job/41089/bpl-financial-crime-compliance-manager-bip-dublin/","We’re seeking an experienced Financial Crime professional with Merchant Acquiring expertise to join our BPL Financial Crime Policy & Advisory team BIP Financial Crime Compliance Team.

This is a Second Line of Defence role responsible for supporting the provision of Financial Crime oversight, advice and challenge across the European Payments Acquiring business. Working closely with stakeholders across the business, Risk and Compliance teams, you will contribute to the effective management of financial crime risks whilst supporting the business in achieving its strategic objectives.

You will provide advisory support on complex Financial Crime matters, contribute to policy and governance activities, support risk assessments and remediation programmes, and help enhance the control environment across the merchant lifecycle.

This role requires a strong understanding of the Financial Crime risks associated with Merchant Acquiring, including customer onboarding, payment facilitators, marketplaces, high-risk merchant sectors, transaction flows, sanctions exposure, fraud typologies and evolving regulatory expectations in a European context.

This is an exciting opportunity to develop your Financial Crime expertise within a dynamic Merchant Acquiring environment. You’ll gain exposure to a wide range of Financial Crime risks, work alongside experienced subject matter experts, and play an important role in strengthening the control environment that supports our European merchant acquiring business.

You’ll have the opportunity to influence risk outcomes, contribute to strategic initiatives and build specialist expertise in one of the fastest-evolving areas of financial services.

Key Accountabilities

To be successful as a BPL Financial Crime Compliance Manager (BIP), you should have:

Some Other Highly Valued Skills May Include

Some Other Highly Valued Skills May Include

This role will be based in Dublin.

Barclays’ payments acceptance business provides critical infrastructure, processing billions of pounds of payments annually for both small businesses and domestic and international corporate clients.

In April 2025, we announced a long-term partnership with Brookfield Asset Management to grow and transform the payments acceptance business by broadening the range of services offered, enhancing the experience for both existing and prospective clients. Leveraging extensive client relationships and deep experience of UK payments, we will create an environment of continuous innovation – activated by Brookfield’s global private equity expertise in payments, technology, operational transformation and corporate carve-outs – to ensure the business is strategically positioned for long-term growth.

Barclays will invest approximately £400m in the new business, the majority of which will be incurred during the first three years. Performance-linked incentives will drive greater alignment between the partners, underpinning the long-term commitment to the transformation. Barclays and Brookfield will work to create a standalone entity over time, continuing to use the Barclaycard Payments brand and acting as the sole payments acceptance services provider to Barclays’ clients for a minimum of ten years.

For more information on our partnership with Brookfield (programme ‘Gaia’), please visit Barclays.com.

This role is deemed as a Controlled Function role under the Central Bank of Ireland Fitness and Probity Regulations and may require the role holder to hold mandatory regulatory qualifications or the minimum qualifications to meet internal company benchmarks.

Entry Salary: €60,000

Upper Salary: €84,500

The entry and upper salary information above includes only annual full-time equivalent base salary and represents the typical range of pay for the role. The actual pay rate will reflect the responsibility level of the role and experience level of the individual. The entry and upper salary information does not include any other type of compensation or benefits that may be available.

Barclays employees are also eligible for a suite of competitive country-specific benefits.

This position is eligible for an incentive award.

Purpose of the role

Purpose of the role

To provide data-led expert oversight and check and challenge on business and compliance matters to evidence that the organisation is operating in a compliance with Barclays legal, regulatory and ethical responsibilities.

Accountabilities

Accountabilities

Assistant Vice President Expectations

Assistant Vice President Expectations

All colleagues will be expected to demonstrate the Barclays Values of Respect, Integrity, Service, Excellence and Stewardship – our moral compass, helping us do what we believe is right. They will also be expected to demonstrate the Barclays Mindset – to Empower, Challenge and Drive – the operating manual for how we behave.","Fintech"
"Senior Full-Stack Engineer","StoneX Group","https://www.fintechcareers.com/job/40345/senior-full-stack-engineer-dublin/","Overview

Overview

Connecting clients to markets – and talent to opportunity.

Connecting clients to markets – and talent to opportunity.

With 5,400+ employees and over 80,000 institutional, commercial, and payments clients, we operate from more than 80 offices spread across six continents. As a Fortune 100, Nasdaq-listed provider, we connect clients to the global markets – focusing on innovation, human connection, and providing world-class products and services to all types of investors.

Whether you want to forge a career connecting our retail clients to potential trading opportunities, or ingrain yourself in the world of institutional investing, StoneX Group is made up of four business segments that offer endless potential for progression and growth.

Corporate:  Engage in a deep variety of business-critical activities that keep our company running efficiently. From strategic marketing and financial management to human resources and operational oversight, you’ll have the opportunity to optimize processes and implement game-changing policies.

Corporate:

Responsibilities

Responsibilities

Position Purpose: You’ll build the interactive, AI-augmented interfaces that bring the Risk & AI Vertical’s risk intelligence to life. This is where clients explore their budgets, financial and physical positions, run scenarios, and act on hedge recommendations from the Strategy Builder and KnowRisk — so your work turns dense, personalized risk data into intuitive visual experiences across every Nexus surface (web + mobile).

Position Purpose:

The role is frontend-led, with some backend work to help shape and consume the APIs and data feeds behind the UI. You’ll partner closely with the Intelligent Risk team (risk modelling) and the Intelligence Weaving team (embeddable widgets and personalization), along with product, design and QA, and you’ll have real ownership over the quality and direction of the risk front-end.

Technical Ecosystem

Technical Ecosystem



Primary Duties Will Include

Primary Duties Will Include



Qualifications

Qualifications

To Land this role you will need

To Land this role you will need



What makes you stand out:

What makes you stand out:



Education

Education



Working Environment

Working Environment

","Fintech"
"Procurement Category Manager","Fenergo","https://www.fintechcareers.com/job/40482/procurement-category-manager-dublin-2/","About Us

About Us

We are a global FinTech & RegTech success story scaling rapidly across North America, Europe, and Asia. With industry-leading products, deep client trust, and strong commercial momentum, Fenergo is shaping the future of digital client lifecycle management and regulatory transformation.

As we continue to scale, the sophistication of our vendor ecosystem, technology stack, and spend profile has increased substantially. Our Strategic Procurement & Value Management (SP&VM) function is newly established and growing — a next-generation procurement capability that is strategic, insight-led, commercially sharp, and tightly aligned to our legal, financial, risk, and operational governance model. Built with CFO backing and a clear operating model, SP&VM’s mandate is not simply to reduce cost — it is to maximise the return on external spend, drive commercial rigour, build vendor partnerships, support scalable growth, and help drive business decisions.

The Opportunity

The Opportunity

We are looking for a commercially sharp Procurement Category Manager to join the SP&VM team in Dublin. This is a pivotal hire: someone who can deliver tangible cost and value outcomes today, while helping to build the systems, disciplines, and relationships that will define a world-class procurement function tomorrow.

The world’s leading CPOs are unanimous: procurement mandate has shifted from cost centre to strategic enabler. At Fenergo, we are building a function that reflects exactly that — and this role is central to it. You will work across the full cycle of category management, from spend analysis and sourcing strategy through commercial negotiations and contract governance, with direct exposure to Finance, Legal, and senior leadership.

You will bring both the commercial discipline to deliver near-term savings and the curiosity and judgement to help shape what comes next.

What You’ll Do

What You’ll Do

Category Strategy & Sourcing

Category Strategy & Sourcing



Commercial Negotiations & Contract Management

Commercial Negotiations & Contract Management



Supplier Relationship Management & Resilience

Supplier Relationship Management & Resilience



Stakeholder Partnering & Governance

Stakeholder Partnering & Governance



Requirements

Requirements

Experience & Skills (Essential)

Experience & Skills (Essential)



The Person (Essential)

The Person (Essential)

We hire for the future, not just for today. Beyond technical procurement skills, we are looking for someone who brings:

Desirable

Desirable



What Success Looks Like

What Success Looks Like

In your first year, success means:

Benefits

Benefits

What’s in it for you?

What’s in it for you?

(Ireland)

(Ireland)



Diversity, Equality, and Inclusivity

Diversity, Equality, and Inclusivity

Fenergo is an equal opportunity employer. We are committed to creating a diverse and inclusive workplace, where all employees are valued, respected, and can reach their full potential. We do not discriminate based on race, colour, religion, sex, national origin, age, disability, or any other characteristic protected by applicable law. Our hiring decisions are based solely on qualifications, merit, and business needs. We believe that a diverse workforce enriches our company culture, fosters innovation, and contributes to our overall success. We strive to provide a fair and supportive environment for all employees, promoting equal opportunities for career development and advancement. We encourage all qualified individuals to apply for employment opportunities and join our team in contributing to a collaborative and inclusive work environment.","Fintech"
"Treasurer","AvaTrade","https://www.fintechcareers.com/job/40363/treasurer-dublin/","We are looking for an experienced and detail-oriented Treasurer to join our Finance team. In this role, you will be responsible for managing the Company’s day-to-day treasury activities, ensuring sufficient liquidity, overseeing banking operations, cash flow management, payment processes, and foreign exchange exposure across multiple global entities. You will work closely with Finance, Accounting, Compliance, and external banking partners to support the Company’s financial operations while ensuring compliance with internal policies and regulatory requirements.

Treasurer

Responsibilities:

Requirements:

At least 5–7 years of experience as a Treasurer

NetSuite","Fintech"
"Sales Development Change Management Specialist","Stripe","https://www.fintechcareers.com/job/39650/sales-development-change-management-specialist-dublin-2/","Who we are

About Stripe

About Stripe

Stripe is a financial infrastructure platform for businesses. Millions of companies – from the world’s largest enterprises to the most ambitious startups – use Stripe to accept payments, grow their revenue, and accelerate new business opportunities. Our mission is to increase the GDP of the internet, and we have a staggering amount of work ahead. That means you have an unprecedented opportunity to put the global economy within everyone’s reach while doing the most important work of your career.

About The Team

About The Team

The Global Sales Enablement Team is responsible for partnering with cross-functional teams to equip our sales organizations with the skills, tools, and knowledge they need to perform at their best. We are currently leading one of the most significant transformations in Stripe’s Sales history — reshaping how Sales Development operates through the adoption of AI-powered tooling and redesigning the SDR’s role in driving pipeline quality. This transformation spans multiple geographies, sales motions, and hundreds of sellers. The stakes are high, the pace is fast, and the change management challenge is real.

What you’ll do

As a Sales Development Change Management Specialist, you will own the strategy and execution of our global change management and communications program for the Sales Development transformation. You sit at the intersection of strategy, content, and field engagement — responsible for ensuring that complex, high-priority initiatives are adopted at pace and land durably in the field. This is not a support role. You own the change narrative, the communication strategy, and the measurement of adoption. You’ll partner with senior program leadership, subject matter experts, and regional enablement leads to drive consistent, high-impact transformation across a global sales organization.

Responsibilities

Responsibilities



Who you are

We’re looking for someone who meets the minimum requirements to be considered for the role. If you meet these requirements, you are encouraged to apply. The preferred qualifications are a bonus, not a requirement.

Minimum Requirements

Minimum Requirements



Preferred Qualifications

Preferred Qualifications



In-office expectations

Office-assigned Stripes in most of our locations are currently expected to spend at least 50% of the time in a given month in their local office or with users. This expectation may vary depending on role, team and location. For example, Stripes in Stripe Delivery Center roles in Mexico City, Mexico, Bengaluru, India, and Dublin, Ireland work 100% from the office. Also, some teams have greater in-office attendance requirements, to appropriately support our users and workflows, which the hiring manager will discuss. This approach helps strike a balance between bringing people together for in-person collaboration and learning from each other, while supporting flexibility when possible.

Pay and benefits

The annual US base salary range for this role is $156,700 – $235,100. For sales roles, the range provided is the role’s On Target Earnings (“OTE”) range, meaning that the range includes both the sales commissions/sales bonuses target and annual base salary for the role. This salary range may be inclusive of several career levels at Stripe and will be narrowed during the interview process based on a number of factors, including the candidate’s experience, qualifications, and location. Applicants interested in this role and who are not located in the US may request the annual salary range for their location during the interview process.

Additional benefits for this role may include: equity, company bonus or sales commissions/bonuses; 401(k) plan; medical, dental, and vision benefits; and wellness stipends.","Fintech"
"Risk Manager","Remitly","https://www.fintechcareers.com/job/39766/risk-manager-dublin/","Job Description:

Job Description:

At Remitly, we believe everyone deserves the freedom to access, move, and manage their money wherever life takes them. Since 2011, we’ve tirelessly delivered on our promise to customers sending money globally, providing secure, simple, and reliable ways to manage their money, ensuring true peace of mind. Whether it’s supporting loved ones back home, growing a business across continents, or pursuing new opportunities abroad, we’re not just here to move money— we’re here to move our global customers forward.

We’re looking for builders, reimaginers, and global thinkers who want to work at the intersection of technology, trust, and transformation. If that’s you and you’re ready to do the most meaningful work of your career—we invite you to join over 2,800 passionate Remitlians worldwide who are united by our vision to transform lives with trusted financial services that transcend borders.

About the Role:

About the Role:

Remitly Europe Limited (REL) is authorised and regulated by the Central Bank of Ireland under PSD2, passporting payment services across the EEA as part of Remitly’s global mission. We’re looking for an experienced Risk Manager to strengthen REL’s second-line enterprise risk function in Dublin, reporting directly to the Chief Risk Officer and acting as their deputy. This role sits at the heart of REL’s governance framework, playing a critical part in ensuring risk is identified, assessed, managed, and reported in line with CBI regulatory expectations, the Individual Accountability Framework, and applicable EU requirements including PSD2, EBA Guidelines, and DORA. You’ll work closely with the CRO, Compliance, Internal Audit, and senior business leadership to embed a robust risk culture across the organisation.

You Will:

You Will:



You Have:

You Have:



Compensation Details. The starting base salary range for this position is typically €96,000 – €120,000. In Ireland, Remitly employees are shareholders in our Company and equity is part of our total compensation plan. Your recruiter can share more information about medical benefits offered, as well as other financial benefits and total compensation components offered with this role.

Compensation Details.

Our Benefits:

Our Benefits:



Our Connected Work Culture: Driving Innovation, Together

Our Connected Work Culture: Driving Innovation, Together

At Remitly, we believe that true innovation sparks when we come together. Our Connected Work Culture fosters dynamic in-person collaboration, where ideas ignite and challenging problems find solutions faster. For corporate team members, we have an in-office expectation of at least 50% of the time monthly, typically achieved by coming in three days a week. This creates a consistent, meaningful overlap that supports team norms and business needs. Managers also have the flexibility to set higher expectations based on their team’s specific needs. These intentional in-office moments are vital for deepening relationships, fueling creativity, and ensuring your impact is felt where it matters most.

Remitly is an E-Verify Employer

Remitly is an E-Verify Employer

At Remitly, we are dedicated to ensuring that our workplace offers equal employment opportunities to all employees and candidates, in full compliance with applicable laws and regulations.

Remitly is an equal opportunity employer. We celebrate diversity and are committed to creating an inclusive environment for all employees.","Fintech"
"Risk Associate","Remitly","https://www.fintechcareers.com/job/39767/risk-associate-dublin/","Job Description:

Job Description:

At Remitly, we believe everyone deserves the freedom to access, move, and manage their money wherever life takes them. Since 2011, we’ve tirelessly delivered on our promise to customers sending money globally, providing secure, simple, and reliable ways to manage their money, ensuring true peace of mind. Whether it’s supporting loved ones back home, growing a business across continents, or pursuing new opportunities abroad, we’re not just here to move money— we’re here to move our global customers forward.

We’re looking for builders, reimaginers, and global thinkers who want to work at the intersection of technology, trust, and transformation. If that’s you and you’re ready to do the most meaningful work of your career—we invite you to join over 2,800 passionate Remitlians worldwide who are united by our vision to transform lives with trusted financial services that transcend borders.

About the Role:

About the Role:

Remitly Europe Limited (REL) is authorised and regulated by the Central Bank of Ireland under PSD2, passporting payment services across the EEA as part of Remitly’s global mission. We’re looking for a risk professional to join REL’s second-line risk function as a Risk Associate, reporting to the Chief Risk Officer. This is a hands-on role at the heart of REL’s Enterprise Risk Management programme, giving you exposure across the full spectrum of ERM activity, from risk registers and RCSA cycles to regulatory horizon-scanning and board-level governance reporting. You’ll work closely with cross-functional teams including Compliance, Operations, Product, Legal, and Finance, and will be supported in developing your regulatory knowledge and professional qualifications.

You Will:

You Will:



You Have:

You Have:



Compensation Details. The starting base salary range for this position is typically €67,200 – €84,000. In Ireland, Remitly employees are shareholders in our Company and equity is part of our total compensation plan. Your recruiter can share more information about medical benefits offered, as well as other financial benefits and total compensation components offered with this role.

Compensation Details.

Our Benefits:

Our Benefits:



Our Connected Work Culture: Driving Innovation, Together

Our Connected Work Culture: Driving Innovation, Together

At Remitly, we believe that true innovation sparks when we come together. Our Connected Work Culture fosters dynamic in-person collaboration, where ideas ignite and challenging problems find solutions faster. For corporate team members, we have an in-office expectation of at least 50% of the time monthly, typically achieved by coming in three days a week. This creates a consistent, meaningful overlap that supports team norms and business needs. Managers also have the flexibility to set higher expectations based on their team’s specific needs. These intentional in-office moments are vital for deepening relationships, fueling creativity, and ensuring your impact is felt where it matters most.

Remitly is an E-Verify Employer

Remitly is an E-Verify Employer

At Remitly, we are dedicated to ensuring that our workplace offers equal employment opportunities to all employees and candidates, in full compliance with applicable laws and regulations.

Remitly is an equal opportunity employer. We celebrate diversity and are committed to creating an inclusive environment for all employees.","Fintech"
"Regulatory Reporting Specialist (Manager)","Broadridge","https://www.fintechcareers.com/job/39596/regulatory-reporting-specialist-manager-dublin/","At Broadridge, we’ve built a culture where the highest goal is to empower others to accomplish more. If you’re passionate about developing your career, while helping others along the way, come join the Broadridge team.

Overview

Overview

We are looking for an experienced Regulatory Reporting Specialist (Manager) to join our Onboarding and BAU Technical Specialist team in Dublin – Dundrum office.

This is a technical specialist role for an analytically minded professional with strong expertise in regulatory reporting across the funds and investment products landscape.

The successful candidate will support the Operations team and clients as a subject matter expert, supporting the interpretation of regulatory requirements, the design of reporting solutions and the resolution of complex technical and data-related queries across a range of client and internal initiatives and client onboardings.

While the role includes responsibility for client onboarding, implementation projects and regulatory change delivery, its primary focus is on providing technical leadership and analytical oversight across regulatory reporting requirements.

You will work closely with clients and internal stakeholders to ensure regulatory solutions are robust, accurate and aligned with applicable standards, while also supporting structured project execution from initiation through to completion.

Key Responsibilities

Key Responsibilities



The Person

The Person



This is an excellent opportunity for a technically strong professional looking to take ownership of regulatory reporting projects and client implementations in a dynamic environment.

Hybrid Flexible at Broadridge

Hybrid Flexible at Broadridge

We are made up of high-performing teams that meet in person to learn and collaborate as needed. This role is considered hybrid.

hybrid

We are dedicated to fostering a collaborative, engaging, and inclusive environment and are committed to providing a workplace that empowers associates to be authentic and bring their best to work. We believe that associates do their best when they feel safe, understood, and valued, and we work diligently and collaboratively to ensure Broadridge is a company—and ultimately a community—that recognizes and celebrates everyone’s unique perspective.

Use of AI in Hiring

Use of AI in Hiring

As part of the recruiting process, Broadridge may use technology, including artificial intelligence (AI)-based tools, to help review and evaluate applications. These tools are used only to support our recruiters and hiring managers, and all employment decisions include human review to ensure fairness, accuracy, and compliance with applicable laws. Please note that honesty and transparency are critical to our hiring process. Any attempt to falsify, misrepresent, or disguise information in an application, resume, assessment, or interview will result in disqualification from consideration.","Fintech"
"Operations Manager for Alternative Regulatory Reporting","Broadridge","https://www.fintechcareers.com/job/39601/operations-manager-for-alternative-regulatory-reporting-dublin/","At Broadridge, we’ve built a culture where the highest goal is to empower others to accomplish more. If you’re passionate about developing your career, while helping others along the way, come join the Broadridge team.

Role Summary

Role Summary

The Alternatives Manager is responsible for delivering European regulatory reporting services to Broadridge’s Alternative Investment Fund Manager (AIFM) clients.

This role is new in Broadridge as the regulatory service team expand their traditional service remit into the alternative funds market. It sits within the European Regulatory services team, helping to deliver a full suite of regulatory reports to Broadridge clients in a timely and accurate manner. The successful candidate will report directly to the manager of the European Regulatory Services team.

Key Responsibilities

Key Responsibilities

As the Operations Manager for Alternative Regulatory Reporting, you would be responsible for:

As the Operations Manager for Alternative Regulatory Reporting, you would be responsible for:

Reporting

Reporting



Core Competencies

Core Competencies



Deliverables / Success Metrics

Deliverables / Success Metrics



Governance & Client Support

Governance & Client Support



Required Qualifications & Experience

Required Qualifications & Experience



Hybrid Flexible at Broadridge

Hybrid Flexible at Broadridge

We are made up of high-performing teams that meet in person to learn and collaborate as needed. This role is considered hybrid.

hybrid

We are dedicated to fostering a collaborative, engaging, and inclusive environment and are committed to providing a workplace that empowers associates to be authentic and bring their best to work. We believe that associates do their best when they feel safe, understood, and valued, and we work diligently and collaboratively to ensure Broadridge is a company—and ultimately a community—that recognizes and celebrates everyone’s unique perspective.

Use of AI in Hiring

Use of AI in Hiring

As part of the recruiting process, Broadridge may use technology, including artificial intelligence (AI)-based tools, to help review and evaluate applications. These tools are used only to support our recruiters and hiring managers, and all employment decisions include human review to ensure fairness, accuracy, and compliance with applicable laws. Please note that honesty and transparency are critical to our hiring process. Any attempt to falsify, misrepresent, or disguise information in an application, resume, assessment, or interview will result in disqualification from consideration.","Fintech"
"Head of Compliance (PCF 12)","TrueLayer","https://www.fintechcareers.com/job/39765/head-of-compliance-pcf-12-dublin/","Who we are:

TrueLayer is Europe’s fastest-growing Pay by Bank network. We power smarter, safer and faster payments by combining real-time bank payments with financial and identity data. E-commerce, iGaming and Financial Services businesses use our products to onboard new users, accept money and make payouts in seconds, and at scale. Live across 22 countries and with 1 new user joining TrueLayer’s Pay by Bank network every 3 seconds, we’re in a very exciting growth stage. This is why we’re expanding the team across our offices in London, Milan, and Dublin.

Listed in Sifted as one of the 100 fastest growing start-ups in UK & Ireland, and CNBC’s World Top Fintech Companies, we’re trusted by industry leaders like RyanAir and Just Eat Takeaway for continued innovation within our payment products. To date, we’ve raised over $300 million from world-renowned investors including Stripe, Tiger Global, Northzone, and Tencent. But this is just the beginning.

We’re looking for people who are excited about joining the Pay by Bank revolution and helping us change the way the world pays. Could this be you?

Description

Description

The Head of Compliance (PCF-12) holds the primary regulatory relationship with the Central Bank of Ireland. The individual is responsible for the strategic direction and operational execution of the compliance framework, ensuring that TIL remains fully aligned with evolving regulatory requirements.

Key Responsibilities

Key Responsibilities



About You

About You



We would be particularly excited if you have

We would be particularly excited if you have



This is a Pre-Approval Controlled Function (PCF-12) under the Central Bank of Ireland’s (CBI) Fitness & Probity regime and is subject to regulatory approval.

This is a Pre-Approval Controlled Function (PCF-12) under the Central Bank of Ireland’s (CBI) Fitness & Probity regime and is subject to regulatory approval.

Don’t meet all the requirements?

Don’t meet all the requirements?

Multiple studies have shown that women and people of underrepresented groups are sometimes less likely to apply to jobs unless they meet every single requirement. At TrueLayer, we are committed to building a diverse workforce, so if you are excited about this role and have the essential skills, but not the entire checklist – we’d still love to hear from you!

Benefits

Benefits

What you can expect from us

At TrueLayer, we don’t just do inclusion and diversity. We embrace people that have different opinions, perspectives and personalities. Because we believe that by seeing the world from all sorts of angles, we can make life better for all the people who live in it. We strongly encourage applications from underrepresented groups (e.g. people of colour, the LGBTQ+ community, people with disabilities, neurodivergent people, parents, carers, and people from all socio-economic backgrounds). If you’d like to discuss alternative working patterns, please let us know.

We will always aim to make appropriate adjustments to ensure we are fully inclusive to people with different needs during our interview process. So if you need us to make any adjustments to suit your individual needs please let us know – we’ll be happy to support you.","Fintech"
"Global Process Owner Record to Report","BearingPoint","https://www.fintechcareers.com/job/39454/global-process-owner-record-to-report-dublin/","As the Global Process Owner Record to Report you own the end-to-end process from general ledger, close, consolidation to reporting across all entities and our Financial Shared Service Center closely partnering with diverse teams in a matrix-organised partnership throughout the BearingPoint landscape worldwide. You are a highly visible strategic decision-maker responsible for process harmonisation, standardisation, and documentation to continuously improve quality, efficiency and effectiveness, strongly aligning with our internal controls’ framework and applicable accounting rules.

About the Role:

About the Role:



About you:

About you:



This full-time, permanent position is available immediately at our Amsterdam, Bucharest, Dublin, Milano, Oslo, Paris, Stockholm, Vienna, Verlin, Duesseldorf, Frankfurt or Munich office.

Why you will enjoy working at BearingPoint Ireland?

Why you will enjoy working at BearingPoint Ireland?

We work in an open and collaborative way, where new ideas are always welcome. BearingPoint is an environment where potential and high performance is recognised and rewarded.

What we offer:

What we offer:

You will receive a competitive salary where you are rewarded for both your individual performance and company performance. You will also receive a best-in-class benefits package including holidays, private health insurance, pension contributions, gym/club subscription, wellness programmes, mobile phone and much more. In addition, we offer:

Hybrid working – where each team has autonomy to determine their in-person and remote working schedule.

Hybrid working –

Continuous learning – we understand that it is imperative to invest in our people’s development and we provide external training at prestigious universities such as Oxford and Yale

Continuous learning –

Social events – our people perform best when they have a good work life balance, monthly events for all to attend

Social events –

Diversity – we are committed to having a diverse workforce where each individual feels they belong and can thrive in a work environment with a strong sense of community

Diversity

Mentoring & coaching – every employee has a development manager to help them grow their career with feedback via continuous conversations

Mentoring & coaching –

Giving Back – you will have an opportunity to join our many giving back initiatives including our commitment to sustainability. Our Emissions Calculator gathers accurate emissions data and enables our clients to understand their footprint and track progress on emission reduction and pave the way for a better future.

Giving Back –

Together, we are more than business.

Together, we are more than business.

To see more from our people with their experiences of BearingPoint please visit our careers website www.bearingpoint.com

About BearingPoint

About BearingPoint

BearingPoint is an independent management and technology consultancy with European roots and a global reach. The company operates in four units: Consulting, Solutions, Business Services, and Ventures. Consulting covers the advisory business; Solutions provides the tools for successful digital transformation, advanced analytics and regulatory requirements; Business Services provides managed services beyond SaaS; Ventures drives the financing and development of start-ups. BearingPoint’s clients include many of the world’s leading companies and organizations. The firm has a global consulting network with more than 10,000 people and supports clients in over 75 countries, engaging with them to achieve measurable and sustainable success.

BearingPoint is an equal opportunities employer.

Please click here to view our privacy policy.

NO AGENCIES

NO AGENCIES

BearingPoint does not accept unsolicited cvs from 3rd party recruitment agencies without a written agreement in place for placements. BearingPoint is not responsible for any fees related to unsolicited cvs and no fee will be paid should the candidate be hired by BearingPoint.","Fintech"
"Automation QA Engineer","StoneX Group","https://www.fintechcareers.com/job/39840/automation-qa-engineer-dublin/","Overview

Overview

Connecting clients to markets – and talent to opportunity.

Connecting clients to markets – and talent to opportunity.

With 5,400+ employees and over 80,000 institutional, commercial, and payments clients, we operate from more than 80 offices spread across six continents. As a Fortune 100, Nasdaq-listed provider, we connect clients to the global markets – focusing on innovation, human connection, and providing world-class products and services to all types of investors.

Whether you want to forge a career connecting our retail clients to potential trading opportunities, or ingrain yourself in the world of institutional investing, StoneX Group is made up of four business segments that offer endless potential for progression and growth.

Corporate:  Engage in a deep variety of business-critical activities that keep our company running efficiently. From strategic marketing and financial management to human resources and operational oversight, you’ll have the opportunity to optimize processes and implement game-changing policies.

Corporate:

Responsibilities

Responsibilities

Position Purpose: You’ll own automated quality across the Risk & AI Vertical. This is a hands-on, code-writing role: you’ll build and maintain the test automation that keeps our risk modeling, custom data & risk feeds, and interactive visualization products reliable release after release.

Position Purpose:

You’ll write C# automation to test APIs, services and data pipelines behind risk modeling and the data & risk feeds, and use Playwright to automate the interactive risk-modeling and visualization interfaces across web (and mobile). You’ll embed quality into the agile process, work across the Intelligent Risk and Intelligence Weaving teams, and lean on AI tooling to accelerate test creation and coverage — bringing the same AI-augmented way of working as the rest of the vertical.

Technical Ecosystem

Technical Ecosystem



Primary Duties Will Include

Primary Duties Will Include



Qualifications

Qualifications

To Land this role you will need

To Land this role you will need



What Will Make You Stand Out

What Will Make You Stand Out



Education

Education



Working environment

Working environment

","Fintech"
"Finance and Strategy Analyst","Stripe","https://www.fintechcareers.com/job/38962/finance-and-strategy-analyst-dublin/","Who we are

About Stripe

About Stripe

Stripe is a financial infrastructure platform for businesses. Millions of companies — from the world’s largest enterprises to the most ambitious startups — use Stripe to accept payments, grow their revenue, and accelerate new business opportunities. Our mission is to increase the GDP of the internet, and we have a staggering amount of work ahead. That means you have an unprecedented opportunity to put the global economy within everyone’s reach while doing the most important work of your career.

About The Team

About The Team

The Finance and Strategy team is an integral thought partner to Stripe’s core functional leaders. We bring understanding and predictability to Stripe’s bottom-line financials. We work cross-functionally across many surfaces at Stripe and help steward Stripe’s resource investments to improve the durability of our long-term financial performance.

What you’ll do

We’re looking for a Finance and Strategy Analyst to join our growing team. You will support the forecasting, budgeting, and reporting for various departments — accurately and in a timely manner — and deliver improvements in our integrated financial systems, working alongside business partners, financial colleagues, and engineers.

This role is based in Dublin or London.

Responsibilities

Responsibilities



Who you are

We’re looking for someone who meets the minimum requirements to be considered for the role. If you meet these requirements, you are encouraged to apply. The preferred qualifications are a bonus, not a requirement.

Minimum Requirements

Minimum Requirements



Preferred Qualifications

Preferred Qualifications



In-office expectations

Office-assigned Stripes in most of our locations are currently expected to spend at least 50% of the time in a given month in their local office or with users. This expectation may vary depending on role, team and location. For example, Stripes in Stripe Delivery Center roles in Mexico City, Mexico, Bengaluru, India, and Dublin, Ireland work 100% from the office. Also, some teams have greater in-office attendance requirements, to appropriately support our users and workflows, which the hiring manager will discuss. This approach helps strike a balance between bringing people together for in-person collaboration and learning from each other, while supporting flexibility when possible.

Pay and benefits

The annual salary range for this role in the primary location is £64,200 – £96,200. This range may change if you are hired in another location. For sales roles, the range provided is the role’s On Target Earnings (“OTE”) range, meaning that the range includes both the sales commissions/sales bonuses target and annual base salary for the role. This salary range may be inclusive of several career levels at Stripe and will be narrowed during the interview process based on a number of factors, including the candidate’s experience, qualifications, and specific location. Applicants interested in this role and who are not located in the primary location may request the annual salary range for their location during the interview process.

Specific benefits and details about what compensation is included in the salary range listed above will vary depending on the applicant’s location and can be discussed in more detail during the interview process. Benefits/additional compensation for this role may include: equity, company bonus or sales commissions/bonuses; retirement plans; health benefits; and wellness stipends.","Fintech"
"Partner Development Manager (Banks)","Stripe","https://www.fintechcareers.com/job/39107/partner-development-manager-banks-dublin/","Who we are

About Stripe

About Stripe

Stripe is a financial infrastructure platform for businesses. Millions of companies—from the world’s largest enterprises to the most ambitious startups—use Stripe to accept payments, grow their revenue, and accelerate new business opportunities. Our mission is to increase the GDP of the internet, and we have a staggering amount of work ahead. That means you have an unprecedented opportunity to put the global economy within everyone’s reach while doing the most important work of your career.

About The Team

About The Team

The Financial Partnerships team sits within the Global Partnerships organization and is a key component of our success. Our team is responsible for developing and managing relationships with the global and regional banks that enable the Stripe product strategy and deliver new capabilities to Stripe users. Our team executes on high-impact, cross-functional product partnership initiatives across existing products and early-stage “up the stack” financial products. These partnerships have a significant impact on Stripe and are essential for us to offer products used by millions of our users.

What you’ll do

We’re looking for a Partner Development Manager to join the Financial Partnerships team. You’ll be responsible for developing and executing the multi-year, global strategies for building our relationships across many of our most important banking partners. You’ll focus on designing, scaling, and continuously improving mechanisms to deepen relationships with our partners, as well as highly impactful programs key to differentiating Stripe. As part of these efforts, you’ll collaborate closely with cross-functional stakeholders (including Product, Engineering, Legal, Finance, Risk, etc.), and with the banking partners’ executive teams.

The successful candidate will have a demonstrated ability to manage and develop partners, think strategically and apply diagnostic thinking to business, product, and technical challenges, and earn trust with and influence others. A high-agency attitude, the ability to raise expectations in changing environments, and a drive to create impact through ownership are all important in this role.

Responsibilities

Responsibilities



Who you are

We’re looking for someone who meets the minimum requirements to be considered for the role. If you meet these requirements, you are encouraged to apply. The preferred qualifications are a bonus, not a requirement.

Minimum Requirements

Minimum Requirements



In-office expectations

Office-assigned Stripes in most of our locations are currently expected to spend at least 50% of the time in a given month in their local office or with users. This expectation may vary depending on role, team and location. For example, Stripes in Stripe Delivery Center roles in Mexico City, Mexico, Bengaluru, India, and Dublin, Ireland work 100% from the office. Also, some teams have greater in-office attendance requirements, to appropriately support our users and workflows, which the hiring manager will discuss. This approach helps strike a balance between bringing people together for in-person collaboration and learning from each other, while supporting flexibility when possible.

Pay and benefits

The annual salary range for this role in the primary location is £92,600 – £138,800. This range may change if you are hired in another location. For sales roles, the range provided is the role’s On Target Earnings (“OTE”) range, meaning that the range includes both the sales commissions/sales bonuses target and annual base salary for the role. This salary range may be inclusive of several career levels at Stripe and will be narrowed during the interview process based on a number of factors, including the candidate’s experience, qualifications, and specific location. Applicants interested in this role and who are not located in the primary location may request the annual salary range for their location during the interview process.

Specific benefits and details about what compensation is included in the salary range listed above will vary depending on the applicant’s location and can be discussed in more detail during the interview process. Benefits/additional compensation for this role may include: equity, company bonus or sales commissions/bonuses; retirement plans; health benefits; and wellness stipends.","Fintech"
"Mid-level Calypso Business Analyst","EPAM Systems","https://www.fintechcareers.com/job/38677/mid-level-calypso-business-analyst-dublin/","First Derivative is driven by people, data, and technology, unlocking the value of insight, hindsight, and foresight to drive organizations forward. Counting many of the world’s leading investment banks as clients, we help our clients navigate the data-driven, digital revolution that is transforming the financial services sector. Our global teams span across 15 offices serving clients across EMEA, North America and APAC.

As an EPAM Systems, Inc. (NYSE: EPAM) company, a leading global provider of digital platform engineering and development services, we deliver advanced financial services solutions by empowering operational insights, driving innovation, and enabling more effective risk management in an increasingly data-centric world. Together with EPAM, we combine deep industry expertise with cutting-edge technology to help clients stay ahead in a rapidly evolving financial landscape, offering comprehensive solutions that drive business transformation and sustainable growth.

We’re looking for a Mid-level Calypso Business Analyst to join our team in a hybrid working mode. In this role, you will work at the intersection of technology and business, supporting a global financial institution with its front-to-back Calypso implementation and collateral/liquidity management processes. This is a consulting-driven position where you’ll partner with client stakeholders, gather functional requirements, and deliver strategic solutions to enhance clearing operations and regulatory compliance.

Mid-level Calypso Business Analyst

As part of a highly skilled project team, you will leverage your Calypso expertise to optimize derivative trading workflows and ensure seamless trade lifecycle management, adding measurable value to core business functions.

Responsibilities

Responsibilities

Requirements

Requirements

Nice to have

Nice to have

We offer

We offer","Fintech"
"Client Manager","IQ-EQ","https://www.fintechcareers.com/job/39001/client-manager-dublin/","Company Description

Company Description

We’re a leading Investor Services group offering end-to-end services in administration, accounting, reporting, regulatory and compliance needs of the investment sector worldwide.  We employ a global workforce of 6,500+ people across 24 jurisdictions and have assets under administration (AUA) exceeding US$857 billion. We work with 13 of the world’s top-15 private equity firms.

Our services are underpinned by a Group-wide commitment to ESG and best-in-class technology including a global data platform and innovative proprietary tools supported by in-house experts.

Above all, what makes us different is our people. Operating as trusted partners to our clients, we deliver intelligent solutions through a combination of technical expertise and strong relationships based on deep client understanding. 

Job Description

Job Description

As a Client Manager, you will play a key role in delivering exceptional loan administration services to a portfolio of debt and credit clients. You will lead client onboarding, oversee day-to-day loan administration activities, manage a high-performing team, and ensure the delivery of accurate, timely, and high-quality client services. Working closely with senior leadership and key stakeholders, you will help drive operational excellence, strengthen client relationships, and support the continued growth of the Loan Administration business.

What You Will Do

What You Will Do



What We Offer

What We Offer



Qualifications

Qualifications



Additional Information

Additional Information

OUR COMMITMENT TO YOU AND THE ENVIRONMENT

OUR COMMITMENT TO YOU AND THE ENVIRONMENT

Sustainability is integral to our strategy and operations. Our sustainability depends on us building and maintaining long-term relationships with all our stakeholders – including our employees, clients, and local communities – while also reducing our impact on our natural environment.

There is always more we can, and should do, to improve – whether in relation to our people, our clients, our planet, or our governance. Our ongoing success as a business depends on our sustainability and agility in a changing and challenging global landscape. We’re committed to fostering an inclusive, equitable and diverse culture for our people, led by our Diversity, Equity, and Inclusion steering committee.

Our learning and development programmes and systems (including PowerU and MyCampus) enable us to invest in growing our employees’ careers, while our hybrid working approach supports our employees in achieving balance and flexibility while remaining connected to their colleagues. We want to empower our 6,500+ employees – from 94 nationalities, across 24 countries – to each achieve their potential. Through IQ-EQ Launchpad we support women managers launching their first fund, in an environment where only 15% of all private equity and venture capital firms are gender balanced.

We’re committed to growing relationships with our clients and supporting them in achieving their objectives. We understand that our clients’ sustainability and success leads to our sustainability and success. We’re emotionally invested in our clients right from the beginning.","Fintech"
"Sales Development Representative","OFX","https://www.fintechcareers.com/job/38974/sales-development-representative-dublin/","OFX is a leading financial operations company providing businesses and accounting firms with real-time financial control and visibility to do business anywhere in the world. With an innovative platform and 24/7 human support, OFX automates and simplifies doing business across borders, reducing risk and eliminating routine operational tasks. Offering global business accounts, payments to 180 countries in 30+ currencies and currency risk management solutions to simplify global payments. OFX further enhances business operations by providing corporate cards with spend management, bill payments, vendor management, and integrations with popular accounting and HRIS software, to help achieve better business solutions so accounting firms and businesses thrive.

Headquartered in Sydney, Australia, with offices globally, in the United States, Canada, United Kingdom, Ireland, New Zealand, Singapore and Hong Kong. OFX has been a trusted innovator in global money movement for over 25 years.

Job Description

Job Description



The Sales Development Representative role is the entry level role for the Corporate (B2B) Sales Team at OFX. Sourcing, qualifying and enriching leads, the SDR provides a highly valued support to our Business Development Managers, working closely together to start the sales process with new prospects and increasing our rapidly expanding client base.

You will be given broad and exclusive in-house training, both as a team and 1-2-1, including access to a fully integrated development program to ensure that all skills are maximized. Predominantly a telephone based role, the Sales Development Representative will be trained to talk competently about our range of products and services with the ability to build rapport and be influential to key financial decision makers. You will have the opportunity to progress onto the BDM team after a consistently high performance has been proven. This role forms an integral part of a growing division that has already experienced substantial expansion and offers a clear, merit based career path.

As a Sales Development Representative on our EMEA Corporate Sales team, you’ll join a truly inclusive culture built on collaboration, mentorship and continuous learning. You’ll benefit from employee‑led networks, structured leadership development programmes and a commitment to equitable opportunity at every stage — giving you the support, resources and clarity you need to grow your career.

What you’ll do

What you’ll do



Qualifications

Qualifications



What you bring

What you bring



Additional Information

Additional Information



We’re OFXers because we want to make a difference. We see challenges as opportunities and we’re not afraid to roll up our sleeves to get stuff done. We’re committed to making things easier for our clients, pushing boundaries and continuing to move with the times so that we can continue to inspire confidence every day and through every transaction.

We operate as one team, cross-functionally and globally, to drive outcomes that deliver excellence for our customers. We’re curious self-starters who love learning and sharing our knowledge with others. We embrace change and use our initiative and resilience to overcome challenges.

Always keep learning.

Make a difference.

Reward and recognition.

Showing our social side.

Benefits that mean something.

A great work environment.

At OFX, we are committed to fostering a diverse, inclusive and accessible workplace where we value, respect, and encourage our people to be their authentic selves. With an employee base as diverse as the clients we serve, we know that fostering an inclusive workplace is fundamental to our continued success. If you require accommodation for any portion of the recruitment and hiring process, please email us at [email protected].We encourage you to apply if this role aligns with your career aspirations.

At OFX, we are committed to fostering a diverse, inclusive and accessible workplace where we value, respect, and encourage our people to be their authentic selves. With an employee base as diverse as the clients we serve, we know that fostering an inclusive workplace is fundamental to our continued success. If you require accommodation for any portion of the recruitment and hiring process, please email us at [email protected].We encourage you to apply if this role aligns with your career aspirations.","Fintech"
"Lead/Principal Solution Architect/Technology Consultant","EPAM Systems","https://www.fintechcareers.com/job/39111/lead-principal-solution-architect-technology-consultant-dublin/","Are you a technology leader passionate about solving complex large-scale technical challenges and driving cutting-edge technology solutions for clients? Would you like to work in one of the world’s most innovative and entrepreneurial digital engineering, cloud and AI-enabled transformation services companies whilst shaping the future of our strategy in Ireland?

EPAM is seeking a technically hands-on Lead or Principal Solution Architect/Technology Consultant in Dublin, ideally with a background in the Financial Services/Banking industry. In this role, you will align closely with our multi-level teams to architect and implement technical solutions for our clients. You will also help drive strategic growth, foster deep relationships with clients, advance major initiatives, bridge the gaps between business and technology, whilst ensuring alignment with long-term goals.

Lead or Principal Solution Architect/Technology Consultant

We embrace a flexible work environment made up of home working, office-based team collaboration and client site interaction.

Responsibilities

Responsibilities

Requirements

Requirements

Nice to have

Nice to have

We offer

We offer","Fintech"
"Technical Support Engineer","Stripe","https://www.fintechcareers.com/job/38920/technical-support-engineer-dublin-2/","Who we are

About Stripe

About Stripe

Stripe is a financial infrastructure platform for businesses. Millions of companies – from the world’s largest enterprises to the most ambitious startups – use Stripe to accept payments, grow their revenue, and accelerate new business opportunities. Our mission is to increase the GDP of the internet, and we have a staggering amount of work ahead. That means you have an unprecedented opportunity to put the global economy within everyone’s reach while doing the most important work of your career.

About The Team

About The Team

Metronome, now part of Stripe, is the leading usage-based billing platform built for modern software companies. With Metronome, companies can launch products faster, offer any pricing model, and streamline finance workflows without writing code.

Our platform computes millions of invoices per billing period and is scaling rapidly to accommodate new customers, saving them hours of development time and manual invoicing and enabling them to use consumption data to better serve their customers. Our customers love our product and approach, and we’re humbled to work with amazing companies like OpenAI, NVIDIA, Confluent, and Anthropic.

What you’ll do

As a member of our technical support engineering team, you will be on the front lines providing world-class customer service. As part of our engineering organization, you will become an expert on our product and partner closely with Metronome’s engineers, customer success, solutions architecture, and growth teams, as well as our customers’ developers.

Your primary responsibilities will include handling customer escalations through our ticketing system, using internal observability tools to diagnose and scope customer-facing issues, collaborating directly with customers via Slack and other channels, and developing internal tools and documentation to improve the support experience. Since we view every support escalation as an opportunity to learn, both as individuals and as a company, you will play a critical role in providing feedback to our product team on common challenges and influencing our product roadmap.

Through your interactions with individual customers, you will help improve our product for everyone. Your work will play a crucial role in ensuring our customers’ success and the continued effectiveness of their integration with Metronome.

Responsibilities

Responsibilities



Who you are

We’re looking for someone who meets the minimum requirements to be considered for the role. If you meet these requirements, you are encouraged to apply. The preferred qualifications are a bonus, not a requirement.

Minimum Requirements

Minimum Requirements



Preferred Qualifications

Preferred Qualifications



In-office expectations

Office-assigned Stripes in most of our locations are currently expected to spend at least 50% of the time in a given month in their local office or with users. This expectation may vary depending on role, team and location. For example, Stripes in Stripe Delivery Center roles in Mexico City, Mexico, Bengaluru, India, and Dublin, Ireland work 100% from the office. Also, some teams have greater in-office attendance requirements, to appropriately support our users and workflows, which the hiring manager will discuss. This approach helps strike a balance between bringing people together for in-person collaboration and learning from each other, while supporting flexibility when possible.

Pay and benefits

The annual salary range for this role in the primary location is €92,000 – €138,000. This range may change if you are hired in another location. For sales roles, the range provided is the role’s On Target Earnings (“OTE”) range, meaning that the range includes both the sales commissions/sales bonuses target and annual base salary for the role. This salary range may be inclusive of several career levels at Stripe and will be narrowed during the interview process based on a number of factors, including the candidate’s experience, qualifications, and specific location. Applicants interested in this role and who are not located in the primary location may request the annual salary range for their location during the interview process.

Specific benefits and details about what compensation is included in the salary range listed above will vary depending on the applicant’s location and can be discussed in more detail during the interview process. Benefits/additional compensation for this role may include: equity, company bonus or sales commissions/bonuses; retirement plans; health benefits; and wellness stipends.","Fintech"
"Reconciliation Specialist","AvaTrade","https://www.fintechcareers.com/job/38925/reconciliation-specialist-dublin-3/","Ava Trade are currently seeking a Junior Bank Reconciliation Specialist with a minimum of 2+ years’ experience in a similar role, preferably with a background in Financial Services.

Responsibilities

· Perform daily bank reconciliations, including bank statements, credit card transactions, and internal cash books to ensure balances match.

· Identify, investigate, and resolve discrepancies and reconciliation breaks.

· Process and record transactions, customer payments, and receipts accurately in the accounting system.

· Prepare reconciliation reports for month-end closing and highlight outstanding items or unusual variances.

· Work closely with Finance teams, IT teams, and external banking partners to resolve issues efficiently.

· Maintain organized and audit-ready reconciliation records and documentation.

Requirements

· Bachelor’s degree in Accounting, Finance, Banking, or a related field.

· 2+ years of experience in accounting, finance, or bank reconciliation roles.

· Strong Microsoft Excel skills, including Pivot Tables and VLOOKUP; experience with Netsuite or Oracle is an advantage.

· Strong analytical skills with excellent attention to detail and problem-solving abilities.

· Good verbal and written communication skills.

· Fast learner with the ability to understand new financial processes and systems quickly.

· Ability to work under pressure and manage high volumes of data while meeting deadlines.

· Proactive approach with the ability to identify issues and suggest process improvements.

· Ability to work independently and as part of a team.

· Strong organizational and analytical skills.

· Self-motivated with a willingness to learn and develop professionally.","Fintech"
"Solutions Consultant","Chargebee","https://www.fintechcareers.com/job/38963/solutions-consultant-dublin-3/","About Chargebee

About Chargebee

Chargebee is a leading provider of billing and monetization solutions, empowering businesses with recurring revenue models to streamline revenue and finance operations, capture actionable insights, and drive growth.

Chargebee is trusted by businesses of all sizes, including Zapier, LegalZoom, Lambda, Freshworks, DeepL, Condé Nast, and Pret a Manger, and is proud to have been consistently recognized by customers as a Leader in Subscription Management on G2.

With headquarters in North Bethesda, Maryland, our team members are based primarily in India, the U.S., and Europe.

About the Team

About the Team

You’ll join the EMEA Solutions Consulting team – a group of billing and monetization experts embedded across enterprise sales cycles. The team supports both mid-market and enterprise segments, working across a range of B2B SaaS and AI-native industries. We partner closely with EMEA Enterprise Account Executives and collaborate with the broader global Solutions Consulting organization across EMEA, APAC, and NAMER.

Job Summary

Job Summary

As a Solutions Consultant, you are the billing and monetization expert in the room, owning the solution design across enterprise deals. You lead from discovery through architecture sign-off and handoff to Professional Services, serving as a trusted advisor when conversations turn to revenue strategy, pricing models, and billing infrastructure. This role is critical to strengthening Chargebee’s EMEA enterprise motion, ensuring every deal is won with conviction, not just capability.

What you’ll do

What you’ll do

What you’ll bring

What you’ll bring

Nice to have (preferred)

Nice to have (preferred)

Compensation:

Compensation:

The base salary range for this role is between €85,000 and €90,000 with an additional 20% incentive compensation potential.

Chargebee is committed to offering competitive and equitable compensation packages. The final salary will be determined based on a variety of factors, including experience/qualifications, location, and the pay of employees in similar positions. You will also be eligible for equity and benefits.

Benefits we offer

Benefits we offer

At Chargebee, we believe that feeling supported is the foundation for doing great work. We offer a comprehensive benefits package designed to support your personal, financial, and professional growth and ensure you thrive in every aspect of your life. Our commitment to supporting our employees is universal, while our benefits are thoughtfully designed to meet the unique needs of each region. We offer comprehensive packages that generally include:

Chargebee is an equal opportunity employer. At Chargebee, we believe that diversity of backgrounds, perspectives, and experiences is not a “good-to-have” but a “must-have” as it strengthens us as a company and as individuals. We are committed to fostering an inclusive workplace where everyone feels valued, respected, and empowered to thrive.

We do not discriminate on the basis of race, color, religion, sex (including pregnancy, childbirth, and related medical conditions), sexual orientation, gender identity/expression, age, national origin, ancestry, caste, citizenship, physical or mental disability, genetic information, marital status, military or veteran status, or any other characteristic protected by applicable law.","Fintech"
"Privacy & Risk Analyst","Fenergo","https://www.fintechcareers.com/job/38330/privacy-risk-analyst-dublin-2/","About Us

About Us

Fenergo is an award-winning provider of Client Lifecycle Management software solutions to help Investment, Corporate and Private Banks and Capital Markets firms, to manage their client and counterparty data, their regulatory compliance challenges and the on boarding of complex institutional clients. In 2015, Fenergo secured $75m funding from Insight Venture Partners to fuel future global growth and ranked in the Chartis Research RiskTech 100 (top 100 risk vendors in the world). Other accolades include Best Capital Markets Software Provider (2015), Best Enterprise Data Management from Inside Reference Data (2014), Technology Innovation of the Year Award by the ISA (2013) and Best Customer On Boarding Solution by the Compliance Register (2012).

What does this role entail?

What does this role entail?

In this exciting and impactful role, you will contribute primarily to our Enterprise Risk Management and ESG programmes, supporting the way the organisation identifies, manages, and reports on risk while advancing our sustainability objectives.

You’ll work cross-functionally with stakeholders to support risk coordination, ESG initiatives, and governance activities, while also contributing to the ongoing development of our Business Continuity Planning (BCP) framework. This is a strong opportunity to gain broad exposure across enterprise risk, ESG, and organisational resilience in a fast-paced SaaS environment.

Requirements

Requirements

Requirements:

Requirements:



Preferred (nice to have):

Preferred (nice to have):



Benefits

Benefits



Diversity, Equality, and Inclusivity

Fenergo is an equal opportunity employer. We are committed to creating a diverse and inclusive workplace, where all employees are valued, respected, and can reach their full potential. We do not discriminate based on race, colour, religion, sex, national origin, age, disability, or any other characteristic protected by applicable law. Our hiring decisions are based solely on qualifications, merit, and business needs. We believe that a diverse workforce enriches our company culture, fosters innovation, and contributes to our overall success. We strive to provide a fair and supportive environment for all employees, promoting equal opportunities for career development and advancement. We encourage all qualified individuals to apply for employment opportunities and join our team in contributing to a collaborative and inclusive work environment.","Fintech"
"Customer Success Manager","Stripe","https://www.fintechcareers.com/job/38256/customer-success-manager-dublin/","Who we are

About Stripe

About Stripe

Stripe is a financial infrastructure platform for businesses. Millions of companies—from the world’s largest enterprises to the most ambitious startups—use Stripe to accept payments, grow their revenue, and accelerate new business opportunities. Our mission is to increase the GDP of the internet, and we have a staggering amount of work ahead. That means you have an unprecedented opportunity to put the global economy within everyone’s reach while doing the most important work of your career.

About The Team

About The Team

Customer Success Managers (CSM) oversee the post-sales lifecycle for Stripe users, ensuring they realize the maximum value of their investment. This partnership drives user success, increases retention and expansion, and supports mutually beneficial renewal outcomes. Few roles provide such a direct impact on the growth of the company.

What you’ll do

We’re looking for a motivated and curious professional to manage a book of enterprise customers. The CSM delivers proactive workshops, business reviews, payments insights, and thought leadership to help users grow their business.

The ideal candidate is detail-oriented and meticulous, and enjoys engaging customers to investigate issues and deliver insights. This role involves working closely with sales, technical account managers, and operations teams to engage customers in product, payment, and technical conversations.

Responsibilities

Responsibilities



Who you are

We’re looking for someone who meets the minimum requirements to be considered for the role. If you meet these requirements, you are encouraged to apply. The preferred qualifications are a bonus, not a requirement.

Minimum Requirements

Minimum Requirements



Preferred Qualifications

Preferred Qualifications



In-office expectations

Office-assigned Stripes in most of our locations are currently expected to spend at least 50% of the time in a given month in their local office or with users. This expectation may vary depending on role, team and location. For example, Stripes in Stripe Delivery Center roles in Mexico City, Mexico, Bengaluru, India, and Dublin, Ireland work 100% from the office. Also, some teams have greater in-office attendance requirements, to appropriately support our users and workflows, which the hiring manager will discuss. This approach helps strike a balance between bringing people together for in-person collaboration and learning from each other, while supporting flexibility when possible.

Pay and benefits

The annual salary range for this role in the primary location is €90,700 – €136,100. This range may change if you are hired in another location. For sales roles, the range provided is the role’s On Target Earnings (“OTE”) range, meaning that the range includes both the sales commissions/sales bonuses target and annual base salary for the role. This salary range may be inclusive of several career levels at Stripe and will be narrowed during the interview process based on a number of factors, including the candidate’s experience, qualifications, and specific location. Applicants interested in this role and who are not located in the primary location may request the annual salary range for their location during the interview process.

Specific benefits and details about what compensation is included in the salary range listed above will vary depending on the applicant’s location and can be discussed in more detail during the interview process. Benefits/additional compensation for this role may include: equity, company bonus or sales commissions/bonuses; retirement plans; health benefits; and wellness stipends.","Fintech"
"Early Life Specialist","Global Payments","https://www.fintechcareers.com/job/38257/early-life-specialist-dublin-4/","Description

Description

Ready to take your career global?

Ready to take your career global?

Make your mark at one of the biggest names in payments. We’re looking for a Early Life Specialist to join our ever evolving team and help shape the future of global commerce.

What You’ll Own

What You’ll Own



What You’ll Bring

What You’ll Bring



It’s a bonus if you have

It’s a bonus if you have



About The Team

About The Team

Our inclusive and global teams win together every day. We’re proud to have the best minds in the industry, who you can learn from as you grow your career. The people, the energy, the connections – it’s unmatched. Come and be part of an ever-evolving company and get dynamic opportunities that go beyond borders.

What makes a Globalpayer?

What makes a Globalpayer?

Globalpayers think like a client, act like an owner and win as one team. We’re curious and innovative – always finding better ways to deliver impact. We empower each other to make decisions, and it’s our passion that drives excellence in everything we set out to do.

Does this sound like you? Then you sound like a Globalpayer. Apply now to take your career global.

This is a hybrid role with 3 days working from our office based in Dublin city centre and 2 days working from home.","Fintech"
"Depositary Services Senior Representative","Brown Brothers Harriman","https://www.fintechcareers.com/job/38156/depositary-services-senior-representative-dublin/","At BBH, Partnership is more than a form of ownership—it’s our approach to business and relationships. We know that supporting your professional and personal goals is the best way to help our clients and advance our business. We take that responsibility seriously. With a 200-year legacy and a shared passion for what’s next, this is the right place to build a fulfilling career.

The Depositary Senior Representative will be expected to assist with the due diligence of the appointed delegates to the funds. They will also have responsibility for ongoing monitoring tasks associated with the depositary duties, such as asset safekeeping & supervision, cash flow monitoring and other oversight duties. The Representative will be assigned supporting tasks that will require them to be diligent and organized to gather information, to review and assess, and to assist with monthly and/or quarterly reporting.

Depositary Senior Representative

Responsibilities

Responsibilities



Qualifications

Qualifications



We value diverse experiences. We value diverse experiences and transferrable skillsets. If your career hasn’t followed a traditional path, includes alternative experiences, or doesn’t meet every qualification or skill listed in the job description, please do go ahead and apply.

We value diverse experiences.

About BBH

About BBH

Brown Brothers Harriman (BBH) is a premier global financial services firm, known for premium service, specialist expertise, technology solutions and partnership approach to client management. Across Investor Services and Capital Partners, we work with an enviable roster of sophisticated clients who make BBH their first call when they are tackling their hardest challenges. Delivering for our clients and each other energizes us.

We believe that how we do our work is just as important as what we do. We are relentless problem solvers who know our best ideas come from collective debate and development—so we are never possessive about our ideas. Every day we come together as a diverse community of smart and caring people to deliver exceptional service and expert advice—creating success that lasts. No matter where you sit in the organization, everyone is empowered to contribute their ideas. BBHers can pick up the phone and call any colleague, and they are happy to help. Expanding your impact beyond your daily role is part of how we operate as trusted partners to one another.

We believe stability is a competitive advantage, but being stable means having the knowledge, skill, and discipline to evolve, often—pushing the boundaries of innovation. As a private partnership, every investment we make is in the relationships, technologies, products and development we believe are in the long-term interests of our clients and our people. Our long-tenured leaders are experts in their areas and are actively involved in the day-to day business, taking the time to provide guidance and mentoring to build the next generation of BBHers. Because we know, our success begins with yours.

Go to BBH.com to learn more about our rewards and benefits, philanthropy, approach to sustainability or how we support you to thrive personally, physically and financially.","Fintech"
"Chief Compliance Officer","Remitly","https://www.fintechcareers.com/job/37546/chief-compliance-officer-dublin/","Job Description:

Job Description:

At Remitly, we believe everyone deserves the freedom to access, move, and manage their money wherever life takes them. Since 2011, we’ve tirelessly delivered on our promise to customers sending money globally, providing secure, simple, and reliable ways to manage their money, ensuring true peace of mind. Whether it’s supporting loved ones back home, growing a business across continents, or pursuing new opportunities abroad, we’re not just here to move money— we’re here to move our global customers forward.

We’re looking for builders, reimaginers, and global thinkers who want to work at the intersection of technology, trust, and transformation. If that’s you and you’re ready to do the most meaningful work of your career—we invite you to join over 2,800 passionate Remitlians worldwide who are united by our vision to transform lives with trusted financial services that transcend borders.

About the Role:

About the Role:

This PCF-12 role carries statutory responsibility under the Central Bank of Ireland’s Fitness and Probity Regime. The role involves providing independent oversight of regulatory risks, advising senior management on compliance matters, and ensuring that all local and group compliance requirements are met. The individual will work closely with internal teams, external stakeholders, and regulatory authorities to ensure strong governance, appropriate controls, and a culture of integrity and compliance across the business. This role will be based in Dublin, Ireland and will report to the CEO of Remitly Europe.

You Will:

You Will:



You Have:

You Have:



Compensation Details. The starting base salary range for this position is typically €136,000 – €170,000. In Ireland, Remitly employees are shareholders in our Company and equity is part of our total compensation plan. Your recruiter can share more information about medical benefits offered, as well as other financial benefits and total compensation components offered with this role.

Compensation Details.

Our Benefits:

Our Benefits:



Our Connected Work Culture: Driving Innovation, Together

Our Connected Work Culture: Driving Innovation, Together

At Remitly, we believe that true innovation sparks when we come together. Our Connected Work Culture fosters dynamic in-person collaboration, where ideas ignite and challenging problems find solutions faster. For corporate team members, we have an in-office expectation of at least 50% of the time monthly, typically achieved by coming in three days a week. This creates a consistent, meaningful overlap that supports team norms and business needs. Managers also have the flexibility to set higher expectations based on their team’s specific needs. These intentional in-office moments are vital for deepening relationships, fueling creativity, and ensuring your impact is felt where it matters most.

Remitly is an E-Verify Employer

Remitly is an E-Verify Employer

At Remitly, we are dedicated to ensuring that our workplace offers equal employment opportunities to all employees and candidates, in full compliance with applicable laws and regulations.

Remitly is an equal opportunity employer. We celebrate diversity and are committed to creating an inclusive environment for all employees.","Fintech"
"Head of Integration Experience","Worldpay","https://www.fintechcareers.com/job/37534/head-of-integration-experience-dublin-2/","Every day, Global Payments makes it possible for millions of people to move money between buyers and sellers using our payments solutions for credit, debit, prepaid and merchant services. Our worldwide team helps over 3 million companies, more than 1,300 financial institutions and over 600 million cardholders grow with confidence and achieve amazing results. We are driven by our passion for success and we are proud to deliver best-in-class payment technology and software solutions. Join our dynamic team and make your mark on the payments technology landscape of tomorrow.

Ready to take your career global?

Ready to take your career global?

Make your mark at one of the biggest names in payments. We’re looking for an experienced Head of Integration Experience to join our ever evolving team and help shape the future of global commerce.

This role exists to lead, own and evolve the end-to-end integration lifecycle across our product ecosystem, including the suite of integration tools, services and digital real estate that enable merchants, agents, developers and partners to integrate with ease.

The role ensures these capabilities deliver seamless, scalable, developer and agent-friendly experiences that accelerate merchant adoption, improve customer outcomes and reduce integration friction. It champions the technical enablement of merchants, agents and partners through robust, well-documented and turn-key integration solutions, while aligning technical roadmaps with commercial priorities and global commerce trends.

By driving the evolution of integration capabilities and ensuring compatibility with key third-party platforms, ecosystems and emerging agentic commerce standards, the role helps create consistent, high-quality integration experiences that support growth across markets and channels. It is accountable for ensuring our developer hub remains trusted, intuitive and the focal point for discovery, onboarding, testing, certification, support and ongoing service adoption.

What You’ll Own

What You’ll Own



What You’ll Bring

What You’ll Bring



Required

Required

QUALIFICATIONS & EXPERIENCE

QUALIFICATIONS & EXPERIENCE



Preferred

Preferred



About The Team

About The Team

Our inclusive and global teams win together every day. We’re proud to have the best minds in the industry, who you can learn from as you grow your career. The people, the energy, the connections – it’s unmatched. Come and be part of an ever-evolving company and get dynamic opportunities that go beyond borders.

What makes a Globalpayer?

What makes a Globalpayer?

Globalpayers think like a client, act like an owner and win as one team. We’re curious and innovative – always finding better ways to deliver impact. We empower each other to make decisions, and it’s our passion that drives excellence in everything we set out to do.","Fintech"
"Security Engineer – Threat Detection","Stripe","https://www.fintechcareers.com/job/37549/security-engineer-threat-detection-dublin-2/","Who we are

About Stripe

About Stripe

Stripe is a financial infrastructure platform for businesses. Millions of companies—from the world’s largest enterprises to the most ambitious startups—use Stripe to accept payments, grow their revenue, and accelerate new business opportunities. Our mission is to increase the GDP of the internet, and we have a staggering amount of work ahead. That means you have an unprecedented opportunity to put the global economy within everyone’s reach while doing the most important work of your career.

About The Team

About The Team

The Proactive Threat team identifies, detects, and responds to threats before they impact Stripe’s business or users. The Detection Engineering & Threat Hunting function sits at the intersection of offense and defense — we leverage deep knowledge of attacker tradecraft to build high-fidelity detections, hunt for sophisticated threats, and validate defensive capabilities across Stripe’s critical systems.

We are builders first. Our team develops detection-as-code, automates analysis workflows, and builds tooling that scales detection and response across a complex, global environment. We partner closely with Threat Intelligence, Incident Response, and offensive security teams to ensure our detections are grounded in real-world adversary behavior.

The team is distributed across the United States (Eastern and Pacific time zones) and collaborates regularly with stakeholders across Stripe — including teams in Europe and Asia.

What you’ll do

You will design, build, and maintain detections that identify malicious activity across Stripe’s infrastructure, applications, and cloud environments. You’ll leverage your understanding of attacker TTPs — from initial access through exfiltration — to develop detection logic that catches real threats while minimizing noise. Beyond writing detections, you’ll conduct threat hunts, perform malware analysis, and build automation that enables detection engineering at scale.

Responsibilities

Responsibilities



Who you are

We’re looking for someone who meets the minimum requirements to be considered for the role. If you meet these requirements, you are encouraged to apply. The preferred qualifications are a bonus, not a requirement.

Minimum Requirements

Minimum Requirements



Preferred Qualifications

Preferred Qualifications



Hybrid work at Stripe

This role is available either in an office or a remote location (35+ miles or 56+ km from a Stripe office).

In-office expectations

Office-assigned Stripes spend at least 50% of the time in a given month in their local office or with users. This hits a balance between bringing people together for in-person collaboration and learning from each other, while supporting flexibility about how to do this in a way that makes sense for individuals and their teams.

Working remotely at Stripe

A remote location is defined as being 35 miles (56 kilometers) or more from one of our offices. While you would be welcome to come into the office for team/business meetings, on-sites, meet-ups, and events, our expectation is you would regularly work from home rather than a Stripe office. Stripe does not cover the cost of relocating to a remote location. We encourage you to apply for roles that match the location where you currently live or plan to live.

Pay and benefits

The annual salary range for this role in the primary location is €112,200 – €168,200. This range may change if you are hired in another location. For sales roles, the range provided is the role’s On Target Earnings (“OTE”) range, meaning that the range includes both the sales commissions/sales bonuses target and annual base salary for the role. This salary range may be inclusive of several career levels at Stripe and will be narrowed during the interview process based on a number of factors, including the candidate’s experience, qualifications, and specific location. Applicants interested in this role and who are not located in the primary location may request the annual salary range for their location during the interview process.

Specific benefits and details about what compensation is included in the salary range listed above will vary depending on the applicant’s location and can be discussed in more detail during the interview process. Benefits/additional compensation for this role may include: equity, company bonus or sales commissions/bonuses; retirement plans; health benefits; and wellness stipends.

Hybrid work at Stripe

This role is available either in an office or a remote location (35+ miles or 56+ km from a Stripe office).

In-office expectations

Office-assigned Stripes spend at least 50% of the time in a given month in their local office or with users. This hits a balance between bringing people together for in-person collaboration and learning from each other, while supporting flexibility about how to do this in a way that makes sense for individuals and their teams.

Working remotely at Stripe

A remote location is defined as being 35 miles (56 kilometers) or more from one of our offices. While you would be welcome to come into the office for team/business meetings, on-sites, meet-ups, and events, our expectation is you would regularly work from home rather than a Stripe office. Stripe does not cover the cost of relocating to a remote location. We encourage you to apply for roles that match the location where you currently live or plan to live.","Fintech"
"Transaction Banking Account Manager","Barclays","https://www.fintechcareers.com/job/37688/transaction-banking-account-manager-dublin/","Join Barclays as a Transaction Banking Account Manager. At Barclays, our vision is clear –to redefine the future of banking and help craft innovative solutions. The Transaction Banking Account Manager will be responsible for ensuring client related activity is completely in a timely manner for all PFL Products (Payment, FX, Liquidity) Client activity includes, but is not limited to, managing product requests onto the Transaction Banking product suite, ensuring client pricing aligns with agreed terms, monitoring and refresh of client profiles as required, and working closely with internal stakeholders such as Transaction Banking Sales Specialists, Client Service, Onboarding/Implementation, and Relationship Directors/Associate Bankers.

To be successful as a Transaction Banking Account Manager, you should have:

Some Other Highly Valued Skills May Include

Some Other Highly Valued Skills May Include

You may be assessed on the key critical skills relevant for success in role, such as risk and controls, change and transformation, business acumen strategic thinking and digital and technology, as well as job-specific technical skills.

This role is located in Dublin.

This role is deemed as a Controlled Function role under the Central Bank of Ireland Fitness and Probity Regulations and may require the role holder to hold mandatory regulatory qualifications or the minimum qualifications to meet internal company benchmarks.

Minimum Salary: €44,500

The minimum salary information above includes only annual full-time equivalent base salary and typically represents the lowest level of pay for this role. The actual pay rate will reflect the responsibility level of the role and experience level of the individual. It does not include any other type of compensation or benefits that may be available.

Barclays employees are also eligible for a suite of competitive country-specific benefits.

This position is eligible for an incentive award.

Purpose of the role

Purpose of the role

To establish and nurture profitable partnerships with both corporate and individual clients. It’s the bridge between the bank’s offerings and clients’ needs, ensuring mutual benefit and long-term success.

Accountabilities

Accountabilities

Analyst Expectations

Analyst Expectations

All colleagues will be expected to demonstrate the Barclays Values of Respect, Integrity, Service, Excellence and Stewardship – our moral compass, helping us do what we believe is right. They will also be expected to demonstrate the Barclays Mindset – to Empower, Challenge and Drive – the operating manual for how we behave.","Fintech"
"Principal Data Scientist","Paysafe","https://www.fintechcareers.com/job/37722/principal-data-scientist-dublin/","Paysafe is a leading payments platform with an extensive track record of serving merchants and consumers in the global entertainment sectors. Its core purpose is to enable businesses and consumers to connect and transact seamlessly through industry-leading capabilities in payment processing, digital wallet, and online cash solutions. With 29 years of online payment experience, an annualized transactional volume of $152 billion in 2024, and approximately 3,300 employees located in 12+ countries, Paysafe connects businesses and consumers across 260 payment types in 48 currencies around the world. Delivered through an integrated platform, Paysafe solutions are geared toward mobile-initiated transactions, real-time analytics and the convergence between brick-and-mortar and online payments. Further information is available at www.paysafe.com .

It starts here. Have a global impact on the world of payments.

It starts here. Have a global impact on the world of payments.

Principal Data Scientist – Next Generation ML/ AI Models: This is not a traditional Data Science role.

We are looking for a highly technical Data Scientist with a strong academic background and deep expertise in modern AI and Machine Learning techniques.

You will focus on researching, prototyping, and productionising next-generation modelling approaches, helping us move beyond traditional feature engineering and tree-based models into modern ML/AI architectures in Payment space.

If you regularly read research papers, follow advances in AI, experiment with new modelling approaches, and enjoy turning cutting-edge research into production systems, this role is for you.

This is primarily an individual contributor role with significant technical ownership and freedom to innovate.

What Paysafe stands for:

What Paysafe stands for:



Our values and culture are driven by Equality, Development, Social Responsibility and Wellbeing. If you want to find out more about life at Paysafe, check out our careers page here .

How we work:

How we work:

We follow a hybrid working model, spending an average of  three days per week  at our office location. The office is located in Gresham Street next to St Paul’s cathedral with easy access and transport links via St Paul’s, Bank, Cannon Street, City Thameslink, Liverpool Street, Farringdon, Mansion House.

three days per week

What you will do:

What you will do:



Areas of focus:

Areas of focus:

We are particularly interested in candidates with deep expertise in one or more of the following areas:

What we’re looking for:

What we’re looking for:

Essential:

Essential:



Not required:

Not required:



We believe exceptional scientists can learn a domain. The focus of this role is technical excellence and innovation in AI.

A snippet of what you’ll get in return:

A snippet of what you’ll get in return:



What to expect next:

What to expect next:



Equal Employment Opportunity

Equal Employment Opportunity

Paysafe is an equal opportunity employer. We value diversity and are committed to providing a work environment of mutual respect to everyone without regard to race, color, religion, national origin, age, gender identity or expression, or any other characteristic protected by applicable laws, regulations and ordinances.","Fintech"
"Field Sales Associate","SumUp","https://www.fintechcareers.com/job/37689/field-sales-associate-dublin/","About Us

About Us

Great salespeople don’t wait for opportunities – they create them. We’re looking for commission-driven, target-focused professionals who are ready to make their mark.

Small business owners are at the heart of everything we do. Ireland’s small businesses are the backbone of our economy, and they deserve a payments & financial management platform that is built for them. That’s exactly what SumUp delivers, and we’re growing our field sales team to bring it to businesses in every corner of the country.

Role Description

Role Description

We’re looking for a driven and commercially sharp Field Sales Associate to join our growing Irish team. In this role, you’ll be out in the field every day, building genuine relationships with local business owners and showing them how SumUp’s suite of payment and financial management tools can transform the way they run their businesses.

This role is available to those in the surrounding Dublin area/Leinster region, including – Swords, Drogheda, Meath North, and Wicklow.

Dublin area/Leinster region

Swords, Drogheda, Meath North, and Wicklow.

Ireland’s small business community is thriving, but it is also evolving fast. Consumers expect seamless & flexible payment options. Business owners need more than just a card reader – they need an integrated solution that helps them manage transactions, track their finances, and make smarter decisions in real time. SumUp gives them exactly that, and your job is to make sure they know it.

From day one, you’ll hit the ground running – identifying opportunities, building your pipeline, and closing deals. You’ll have a full product toolkit at your disposal and the support of a fast-moving team behind you, but the drive to generate results from the get-go needs to come from you.

If you’re energised by targets, thrive in a face-to-face sales environment, and want to play a meaningful role in empowering Irish businesses with the financial tools they truly deserve, we want to hear from you.

What You’ll Do:

What You’ll Do:



You’ll Be a Great Fit If You…

You’ll Be a Great Fit If You…



Why Join SumUp?

Why Join SumUp?



SumUp is an Equal Employment Opportunity employer that proudly pursues and hires a diverse workforce. SumUp does not make hiring or employment decisions on the basis of race, colour, religion or religious belief, ethnic or national origin, nationality, sex, gender, gender identity, sexual orientation, disability, age or any other basis protected by applicable laws or prohibited by company policy. SumUp also strives for a healthy and safe workplace and strictly prohibits harassment of any kind.

SumUp will not accept unsolicited resumes from any source other than directly from a candidate.

Sales, Customer Service, Field Sales Representative, Field Sales, Sales Representative, Sales Executive,

Self Employed, Sales Assistant, Account Manager, Account Executive, Sales Manager, Car Sales, Retail,

Door to Door

Job Application Tip

Job Application Tip

We recognise that candidates feel they need to meet 100% of the job criteria in order to apply for a job. Please note that this is only a guide. If you don’t tick every box, it’s ok too because it means you have room to learn and develop your career at SumUp.","Fintech"
"Head of Integration Experience","Global Payments","https://www.fintechcareers.com/job/37028/head-of-integration-experience-dublin/","Description

Description

Ready to take your career global?

Ready to take your career global?

Make your mark at one of the biggest names in payments. We’re looking for an experienced Head of Integration Experience to join our ever evolving team and help shape the future of global commerce.

This role exists to lead, own and evolve the end-to-end integration lifecycle across our product ecosystem, including the suite of integration tools, services and digital real estate that enable merchants, agents, developers and partners to integrate with ease.

The role ensures these capabilities deliver seamless, scalable, developer and agent-friendly experiences that accelerate merchant adoption, improve customer outcomes and reduce integration friction. It champions the technical enablement of merchants, agents and partners through robust, well-documented and turn-key integration solutions, while aligning technical roadmaps with commercial priorities and global commerce trends.

By driving the evolution of integration capabilities and ensuring compatibility with key third-party platforms, ecosystems and emerging agentic commerce standards, the role helps create consistent, high-quality integration experiences that support growth across markets and channels. It is accountable for ensuring our developer hub remains trusted, intuitive and the focal point for discovery, onboarding, testing, certification, support and ongoing service adoption.

What You’ll Own

What You’ll Own



What You’ll Bring

What You’ll Bring



Required

Required

QUALIFICATIONS & EXPERIENCE

QUALIFICATIONS & EXPERIENCE



Preferred

Preferred



About The Team

About The Team

Our inclusive and global teams win together every day. We’re proud to have the best minds in the industry, who you can learn from as you grow your career. The people, the energy, the connections – it’s unmatched. Come and be part of an ever-evolving company and get dynamic opportunities that go beyond borders.

What makes a Globalpayer?

What makes a Globalpayer?

Globalpayers think like a client, act like an owner and win as one team. We’re curious and innovative – always finding better ways to deliver impact. We empower each other to make decisions, and it’s our passion that drives excellence in everything we set out to do.","Fintech"
"Security Engineer – Offensive Security","Stripe","https://www.fintechcareers.com/job/37071/security-engineer-offensive-security-dublin-2/","Who we are

About Stripe

About Stripe

Stripe is a financial infrastructure platform for businesses. Millions of companies—from the world’s largest enterprises to the most ambitious startups—use Stripe to accept payments, grow their revenue, and accelerate new business opportunities. Our mission is to increase the GDP of the internet, and we have a staggering amount of work ahead. That means you have an unprecedented opportunity to put the global economy within everyone’s reach while doing the most important work of your career.

About The Team

About The Team

The Proactive Threat team is responsible for identifying vulnerabilities and security weaknesses across Stripe’s systems, applications, networks, and cloud infrastructure — before adversaries do. We operate as a hybrid offensive function: conducting penetration testing, emulating real-world threat actors through red team operations, and partnering closely with our defensive security teams to validate detection capabilities and improve Stripe’s overall security posture.

We are builders first. Our team develops custom tooling, automation frameworks, and internal platforms that scale our offensive capabilities and enable repeatable, high-fidelity assessments. We believe the best offensive security engineers are equal parts hacker and engineer.

The team is distributed across the United States, primarily operating in Eastern and Pacific time zones, and collaborates regularly with security, engineering, and product stakeholders across Stripe — including teams in Europe and Asia.

What you’ll do

As an Offensive Security Engineer on the Proactive Threat team, you will simulate the tactics, techniques, and procedures (TTPs) of real-world adversaries to uncover security risks across Stripe’s products and infrastructure. You’ll conduct hands-on penetration testing, lead red team engagements, and collaborate with blue team counterparts to validate and improve detection and response capabilities. Your work will directly influence how Stripe builds, ships, and secures financial infrastructure used by millions of businesses worldwide.

Beyond assessments, you’ll design and build offensive tooling and automation that amplifies the team’s impact. You’ll leverage threat intelligence to prioritize testing efforts, contribute to incident investigations when needed, and act as a subject-matter expert for security initiatives across the company.

Responsibilities

Responsibilities



Who you are

We’re looking for someone who meets the minimum requirements to be considered for the role. If you meet these requirements, you are encouraged to apply. The preferred qualifications are a bonus, not a requirement.

Minimum Requirements

Minimum Requirements



Preferred Qualifications

Preferred Qualifications



Hybrid work at Stripe

This role is available either in an office or a remote location (35+ miles or 56+ km from a Stripe office).

In-office expectations

Office-assigned Stripes spend at least 50% of the time in a given month in their local office or with users. This hits a balance between bringing people together for in-person collaboration and learning from each other, while supporting flexibility about how to do this in a way that makes sense for individuals and their teams.

Working remotely at Stripe

A remote location is defined as being 35 miles (56 kilometers) or more from one of our offices. While you would be welcome to come into the office for team/business meetings, on-sites, meet-ups, and events, our expectation is you would regularly work from home rather than a Stripe office. Stripe does not cover the cost of relocating to a remote location. We encourage you to apply for roles that match the location where you currently live or plan to live.

Pay and benefits

The annual salary range for this role in the primary location is €112,200 – €168,200. This range may change if you are hired in another location. For sales roles, the range provided is the role’s On Target Earnings (“OTE”) range, meaning that the range includes both the sales commissions/sales bonuses target and annual base salary for the role. This salary range may be inclusive of several career levels at Stripe and will be narrowed during the interview process based on a number of factors, including the candidate’s experience, qualifications, and specific location. Applicants interested in this role and who are not located in the primary location may request the annual salary range for their location during the interview process.

Specific benefits and details about what compensation is included in the salary range listed above will vary depending on the applicant’s location and can be discussed in more detail during the interview process. Benefits/additional compensation for this role may include: equity, company bonus or sales commissions/bonuses; retirement plans; health benefits; and wellness stipends.

Hybrid work at Stripe

This role is available either in an office or a remote location (35+ miles or 56+ km from a Stripe office).

In-office expectations

Office-assigned Stripes spend at least 50% of the time in a given month in their local office or with users. This hits a balance between bringing people together for in-person collaboration and learning from each other, while supporting flexibility about how to do this in a way that makes sense for individuals and their teams.

Working remotely at Stripe

A remote location is defined as being 35 miles (56 kilometers) or more from one of our offices. While you would be welcome to come into the office for team/business meetings, on-sites, meet-ups, and events, our expectation is you would regularly work from home rather than a Stripe office. Stripe does not cover the cost of relocating to a remote location. We encourage you to apply for roles that match the location where you currently live or plan to live.","Fintech"
"Technical Support Engineer","Circle","https://www.fintechcareers.com/job/37130/technical-support-engineer-dublin/","Circle (NYSE: CRCL) is one of the world’s leading internet financial platform companies, building the foundation of a more open, global economy through digital assets, payment applications, and programmable blockchain infrastructure. Circle’s platform includes the world’s largest regulated stablecoin network anchored by USDC, Circle Payments Network for global money movement, and Arc, an enterprise-grade blockchain designed to become the Economic OS for the internet. Enterprises, financial institutions, and developers use Circle to power trusted, internet-scale financial innovation. Learn more at circle.com.

What You’ll Be Part Of

What You’ll Be Part Of

Circle is committed to visibility and stability in everything we do. As we grow as an organization, we’re expanding into some of the world’s strongest jurisdictions. Speed and efficiency are motivators for our success and our employees live by our company values: High Integrity, Future Forward, Multistakeholder, Mindful, and Driven by Excellence. We have built a flexible work environment where new ideas are encouraged and everyone is a stakeholder.

What You’ll Be Responsible For

What You’ll Be Responsible For

Circle is looking for a Senior Technical Support Engineer who will provide world-class support to customers building on the Circle Platform and Ecosystem. You will become an expert in helping clients with our API-based products and consulting with external developers. You enjoy the challenge of solving open-ended problems in a timely manner and you are passionate about customer experience. You enjoy building at the earliest stages. You care deeply about contributing and improving company processes, and you enjoy moving at a fast pace, building a long-lasting foundation, and helping customers thrive.

What You’ll Work On

What You’ll Work On



What You’ll Bring To Circle

What You’ll Bring To Circle



Circle is on a mission to create an inclusive financial future, with transparency at our core. We consider a wide variety of elements when crafting our compensation ranges and total compensation packages.

Starting pay is determined by various factors, including but not limited to: relevant experience, skill set, qualifications, and other business and organizational needs. Please note that compensation ranges may differ for candidates in other locations.

We are an equal opportunity employer. We do not discriminate on the basis of race, religion, color, national origin, gender, sexual orientation, age, marital status, veteran status, or disability status, or any other protected status required by the laws in the locations where we hire. Additionally, Circle participates in the E-Verify Program in certain locations, as required by law.

equal opportunity employer

Should you require accommodations or assistance in our interview process because of a disability, please reach out to [email protected] for support. We respect your privacy and will connect with you separately from our interview process to accommodate your needs.

","Fintech"
"Workday Support Analyst","Devexperts","https://www.fintechcareers.com/job/36265/workday-support-analyst-dublin/","Devexperts works with respected financial institutions, delivering products and tailor-made solutions for retail and brokerage houses, exchanges, and buy-side firms. The company focuses on trading platforms and brokerage automation, complex software development projects, market data products, and IT consulting services.

Job Description

Job Description



We are looking for a Workday Support Analyst to act as a first point of contact for Workday users who require technical support. In this role, you will bring technical expertise to quickly assess situations, resolve issues or escalate them to a higher level of support, and monitor issues from start to resolution.

Workday Support Analyst

We expect the Workday Support Analyst to:

We expect the Workday Support Analyst to:



Qualifications

Qualifications



Must-have skills:

Must-have skills:



Nice-to-have skills:

Nice-to-have skills:



Additional Information

Additional Information



Care for the employees is one of Devexperts’ core values. For the suggested position, we offer a benefits package that will guarantee the comfort of our new teammate.

Work Regime Flexibility benefits:

Work Regime Flexibility benefits:





Health and recreation benefits:

Health and recreation benefits:



Facility benefits:

Facility benefits:



Modern office with new equipment.

Social benefits:

Social benefits:

","Fintech"
"Executive Assistant / Office Manager","StoneX Group","https://www.fintechcareers.com/job/36189/executive-assistant-office-manager-dublin/","Overview

Overview

Connecting clients to markets – and talent to opportunity.

With 4,500+ employees and over 300,000 commercial, institutional, payments, and retail clients, we operate from more than 70 offices spread across six continents. As a Fortune 100, Nasdaq-listed provider, we connect clients to the global markets – focusing on innovation, human connection, and providing world-class products and services to all types of investors.

Whether you want to forge a career connecting our retail clients to potential trading opportunities, or ingrain yourself in the world of institutional investing, StoneX Group is made up of four business segments that offer endless potential for progression and growth.

Business Segment Overview:

Business Segment Overview:

Commercial  : With boots on the ground authenticity at the heart of everything we do, our comprehensive array of commercial products and services enable you to work directly with our clients, across hedging, risk management, execution and clearing, OTC products, commodity finance and more.

Commercial

Position Purpose:

Position Purpose:

The Executive Assistant and Office Manager will work closely with the Executive Director and other senior leaders to provide administrative support and manage office operations.

This role is essential for ensuring the smooth and efficient functioning of the office and supporting the executive team in achieving their goals.

Responsibilities

Responsibilities

Primary duties will include:

senior leaders, including managing calendars, scheduling meetings, and handling

correspondence.

efficiency.

facilities.

communications.

issues.

Qualifications

Qualifications

To land this role you will need:

Working environment:","Fintech"
